Timestamp,Facility_ID,Supply_Item_Type,Local_Temp_C,Seasonal_Flu_Rate,Weather_Alert_Flag,Weather_Type,Admitted_Patients,Units_Used
2024-01-01,HOSP_RUH_01,N95_Masks,22.4,79.97,0,None,131,157
2024-01-02,HOSP_RUH_01,N95_Masks,27.0,77.79,0,None,139,167
2024-01-03,HOSP_RUH_01,N95_Masks,21.1,70.37,0,None,113,136
2024-01-04,HOSP_RUH_01,N95_Masks,16.9,83.16,0,None,134,159
2024-01-05,HOSP_RUH_01,N95_Masks,22.1,89.66,0,None,175,210
2024-01-06,HOSP_RUH_01,N95_Masks,20.9,76.22,0,None,137,164
2024-01-07,HOSP_RUH_01,N95_Masks,30.4,68.98,0,None,138,165
2024-01-08,HOSP_RUH_01,N95_Masks,24.6,72.71,0,None,147,174
2024-01-09,HOSP_RUH_01,N95_Masks,23.8,61.72,0,None,147,177
2024-01-10,HOSP_RUH_01,N95_Masks,16.7,64.91,0,None,139,167
2024-01-11,HOSP_RUH_01,N95_Masks,15.9,78.44,0,None,151,182
2024-01-12,HOSP_RUH_01,N95_Masks,26.0,83.94,0,None,134,160
2024-01-13,HOSP_RUH_01,N95_Masks,26.9,78.31,0,None,142,170
2024-01-14,HOSP_RUH_01,N95_Masks,19.4,86.8,0,None,144,173
2024-01-15,HOSP_RUH_01,N95_Masks,20.4,78.62,0,None,162,194
2024-01-16,HOSP_RUH_01,N95_Masks,19.3,108.72,0,None,146,175
2024-01-17,HOSP_RUH_01,N95_Masks,15.0,75.92,0,None,138,164
2024-01-18,HOSP_RUH_01,N95_Masks,26.0,67.11,0,None,135,161
2024-01-19,HOSP_RUH_01,N95_Masks,24.3,84.15,0,None,161,193
2024-01-20,HOSP_RUH_01,N95_Masks,25.7,71.91,0,None,140,166
2024-01-21,HOSP_RUH_01,N95_Masks,24.0,77.96,1,Sandstorm/Dust_Storm,153,214
2024-01-22,HOSP_RUH_01,N95_Masks,21.8,71.04,0,None,143,172
2024-01-23,HOSP_RUH_01,N95_Masks,23.7,93.86,0,None,144,171
2024-01-24,HOSP_RUH_01,N95_Masks,19.0,64.27,1,Sandstorm/Dust_Storm,185,254
2024-01-25,HOSP_RUH_01,N95_Masks,24.2,73.08,0,None,149,178
2024-01-26,HOSP_RUH_01,N95_Masks,18.4,82.67,0,None,154,183
2024-01-27,HOSP_RUH_01,N95_Masks,17.4,89.03,0,None,134,160
2024-01-28,HOSP_RUH_01,N95_Masks,26.7,70.07,0,None,146,174
2024-01-29,HOSP_RUH_01,N95_Masks,23.3,59.49,0,None,151,180
2024-01-30,HOSP_RUH_01,N95_Masks,22.4,81.21,0,None,135,161
2024-01-31,HOSP_RUH_01,N95_Masks,18.1,83.14,0,None,161,195
2024-02-01,HOSP_RUH_01,N95_Masks,22.2,71.76,0,None,148,178
2024-02-02,HOSP_RUH_01,N95_Masks,17.7,62.63,0,None,152,183
2024-02-03,HOSP_RUH_01,N95_Masks,26.4,77.26,1,Sandstorm/Dust_Storm,188,254
2024-02-04,HOSP_RUH_01,N95_Masks,24.9,93.66,0,None,153,182
2024-02-05,HOSP_RUH_01,N95_Masks,18.5,67.49,0,None,156,187
2024-02-06,HOSP_RUH_01,N95_Masks,30.6,83.22,0,None,128,152
2024-02-07,HOSP_RUH_01,N95_Masks,22.0,83.79,0,None,145,175
2024-02-08,HOSP_RUH_01,N95_Masks,33.9,72.35,0,None,133,160
2024-02-09,HOSP_RUH_01,N95_Masks,22.5,75.42,0,None,142,171
2024-02-10,HOSP_RUH_01,N95_Masks,22.7,79.73,0,None,139,167
2024-02-11,HOSP_RUH_01,N95_Masks,21.6,85.46,0,None,147,175
2024-02-12,HOSP_RUH_01,N95_Masks,24.5,76.73,0,None,147,175
2024-02-13,HOSP_RUH_01,N95_Masks,23.2,85.57,0,None,157,189
2024-02-14,HOSP_RUH_01,N95_Masks,19.2,61.22,0,None,148,177
2024-02-15,HOSP_RUH_01,N95_Masks,26.5,75.24,0,None,151,182
2024-02-16,HOSP_RUH_01,N95_Masks,25.6,84.54,0,None,131,155
2024-02-17,HOSP_RUH_01,N95_Masks,19.6,76.65,1,Sandstorm/Dust_Storm,212,282
2024-02-18,HOSP_RUH_01,N95_Masks,16.5,81.86,1,Sandstorm/Dust_Storm,174,238
2024-02-19,HOSP_RUH_01,N95_Masks,23.5,90.6,0,None,136,163
2024-02-20,HOSP_RUH_01,N95_Masks,20.4,75.46,0,None,161,194
2024-02-21,HOSP_RUH_01,N95_Masks,24.8,75.15,0,None,137,165
2024-02-22,HOSP_RUH_01,N95_Masks,22.5,67.07,1,Sandstorm/Dust_Storm,175,241
2024-02-23,HOSP_RUH_01,N95_Masks,21.7,71.66,0,None,166,199
2024-02-24,HOSP_RUH_01,N95_Masks,26.7,62.39,0,None,149,180
2024-02-25,HOSP_RUH_01,N95_Masks,30.4,61.73,0,None,160,191
2024-02-26,HOSP_RUH_01,N95_Masks,26.1,79.44,0,None,144,171
2024-02-27,HOSP_RUH_01,N95_Masks,22.6,62.05,0,None,164,195
2024-02-28,HOSP_RUH_01,N95_Masks,23.5,70.6,0,None,145,176
2024-02-29,HOSP_RUH_01,N95_Masks,26.6,79.05,0,None,147,175
2024-03-01,HOSP_RUH_01,N95_Masks,21.5,50.7,0,None,97,117
2024-03-02,HOSP_RUH_01,N95_Masks,31.4,43.85,0,None,118,142
2024-03-03,HOSP_RUH_01,N95_Masks,20.5,52.81,0,None,130,155
2024-03-04,HOSP_RUH_01,N95_Masks,21.6,43.78,0,None,130,156
2024-03-05,HOSP_RUH_01,N95_Masks,25.5,58.13,0,None,126,150
2024-03-06,HOSP_RUH_01,N95_Masks,18.1,32.12,0,None,126,151
2024-03-07,HOSP_RUH_01,N95_Masks,27.4,47.82,0,None,115,138
2024-03-08,HOSP_RUH_01,N95_Masks,26.7,50.12,0,None,128,153
2024-03-09,HOSP_RUH_01,N95_Masks,22.5,53.24,0,None,142,171
2024-03-10,HOSP_RUH_01,N95_Masks,21.2,32.08,0,None,133,160
2024-03-11,HOSP_RUH_01,N95_Masks,25.5,56.24,0,None,111,133
2024-03-12,HOSP_RUH_01,N95_Masks,30.1,29.1,0,None,110,131
2024-03-13,HOSP_RUH_01,N95_Masks,20.7,54.13,0,None,114,137
2024-03-14,HOSP_RUH_01,N95_Masks,26.5,55.59,0,None,102,121
2024-03-15,HOSP_RUH_01,N95_Masks,22.1,42.82,0,None,95,115
2024-03-16,HOSP_RUH_01,N95_Masks,23.0,46.98,0,None,123,146
2024-03-17,HOSP_RUH_01,N95_Masks,29.1,55.19,0,None,102,121
2024-03-18,HOSP_RUH_01,N95_Masks,24.8,46.57,0,None,122,146
2024-03-19,HOSP_RUH_01,N95_Masks,19.9,50.98,0,None,147,176
2024-03-20,HOSP_RUH_01,N95_Masks,30.4,45.68,0,None,130,156
2024-03-21,HOSP_RUH_01,N95_Masks,19.8,71.9,0,None,118,140
2024-03-22,HOSP_RUH_01,N95_Masks,15.8,60.33,0,None,124,150
2024-03-23,HOSP_RUH_01,N95_Masks,20.7,59.5,0,None,128,155
2024-03-24,HOSP_RUH_01,N95_Masks,22.5,57.0,0,None,134,160
2024-03-25,HOSP_RUH_01,N95_Masks,28.4,32.87,0,None,123,147
2024-03-26,HOSP_RUH_01,N95_Masks,19.4,25.48,0,None,120,144
2024-03-27,HOSP_RUH_01,N95_Masks,25.5,45.5,0,None,103,124
2024-03-28,HOSP_RUH_01,N95_Masks,29.2,60.6,0,None,123,146
2024-03-29,HOSP_RUH_01,N95_Masks,23.5,65.51,0,None,122,147
2024-03-30,HOSP_RUH_01,N95_Masks,23.7,60.27,0,None,127,153
2024-03-31,HOSP_RUH_01,N95_Masks,25.7,40.35,0,None,99,120
2024-04-01,HOSP_RUH_01,N95_Masks,22.5,58.86,0,None,138,165
2024-04-02,HOSP_RUH_01,N95_Masks,17.5,66.29,0,None,119,143
2024-04-03,HOSP_RUH_01,N95_Masks,16.3,47.19,0,None,95,114
2024-04-04,HOSP_RUH_01,N95_Masks,25.7,36.96,0,None,106,127
2024-04-05,HOSP_RUH_01,N95_Masks,21.8,57.47,0,None,108,130
2024-04-06,HOSP_RUH_01,N95_Masks,19.8,44.7,0,None,102,122
2024-04-07,HOSP_RUH_01,N95_Masks,13.9,50.57,0,None,111,133
2024-04-08,HOSP_RUH_01,N95_Masks,22.1,48.88,0,None,111,133
2024-04-09,HOSP_RUH_01,N95_Masks,18.1,44.53,0,None,101,122
2024-04-10,HOSP_RUH_01,N95_Masks,22.0,66.45,1,Sandstorm/Dust_Storm,170,233
2024-04-11,HOSP_RUH_01,N95_Masks,26.9,50.29,0,None,118,140
2024-04-12,HOSP_RUH_01,N95_Masks,23.8,33.94,0,None,117,140
2024-04-13,HOSP_RUH_01,N95_Masks,20.4,39.39,0,None,140,168
2024-04-14,HOSP_RUH_01,N95_Masks,28.9,49.92,0,None,148,178
2024-04-15,HOSP_RUH_01,N95_Masks,29.3,45.59,0,None,109,129
2024-04-16,HOSP_RUH_01,N95_Masks,30.6,59.26,0,None,120,144
2024-04-17,HOSP_RUH_01,N95_Masks,22.0,46.39,0,None,112,134
2024-04-18,HOSP_RUH_01,N95_Masks,19.5,44.08,0,None,89,107
2024-04-19,HOSP_RUH_01,N95_Masks,22.7,53.9,0,None,113,136
2024-04-20,HOSP_RUH_01,N95_Masks,19.1,55.01,0,None,144,174
2024-04-21,HOSP_RUH_01,N95_Masks,20.0,59.33,0,None,110,130
2024-04-22,HOSP_RUH_01,N95_Masks,23.2,33.72,0,None,101,122
2024-04-23,HOSP_RUH_01,N95_Masks,24.1,38.61,0,None,112,134
2024-04-24,HOSP_RUH_01,N95_Masks,21.5,41.4,0,None,112,135
2024-04-25,HOSP_RUH_01,N95_Masks,26.1,61.06,0,None,90,107
2024-04-26,HOSP_RUH_01,N95_Masks,22.2,55.77,0,None,122,146
2024-04-27,HOSP_RUH_01,N95_Masks,29.3,54.88,0,None,124,148
2024-04-28,HOSP_RUH_01,N95_Masks,21.3,45.12,0,None,126,152
2024-04-29,HOSP_RUH_01,N95_Masks,24.4,27.92,0,None,134,160
2024-04-30,HOSP_RUH_01,N95_Masks,19.0,29.62,0,None,132,157
2024-05-01,HOSP_RUH_01,N95_Masks,23.1,34.2,0,None,129,152
2024-05-02,HOSP_RUH_01,N95_Masks,26.1,52.36,0,None,121,145
2024-05-03,HOSP_RUH_01,N95_Masks,21.4,41.25,0,None,127,154
2024-05-04,HOSP_RUH_01,N95_Masks,24.0,51.82,0,None,106,126
2024-05-05,HOSP_RUH_01,N95_Masks,24.6,65.1,0,None,132,157
2024-05-06,HOSP_RUH_01,N95_Masks,19.1,47.3,0,None,114,136
2024-05-07,HOSP_RUH_01,N95_Masks,26.9,59.64,0,None,124,150
2024-05-08,HOSP_RUH_01,N95_Masks,18.0,42.26,0,None,122,147
2024-05-09,HOSP_RUH_01,N95_Masks,13.7,41.09,0,None,123,146
2024-05-10,HOSP_RUH_01,N95_Masks,23.5,74.46,1,Sandstorm/Dust_Storm,181,247
2024-05-11,HOSP_RUH_01,N95_Masks,24.8,52.17,0,None,142,171
2024-05-12,HOSP_RUH_01,N95_Masks,21.0,65.93,0,None,118,142
2024-05-13,HOSP_RUH_01,N95_Masks,25.1,75.39,0,None,118,141
2024-05-14,HOSP_RUH_01,N95_Masks,16.4,39.88,0,None,117,141
2024-05-15,HOSP_RUH_01,N95_Masks,19.7,62.7,0,None,116,137
2024-05-16,HOSP_RUH_01,N95_Masks,21.9,47.54,0,None,129,154
2024-05-17,HOSP_RUH_01,N95_Masks,15.6,60.8,0,None,116,138
2024-05-18,HOSP_RUH_01,N95_Masks,23.2,75.73,0,None,110,132
2024-05-19,HOSP_RUH_01,N95_Masks,23.6,48.85,0,None,119,142
2024-05-20,HOSP_RUH_01,N95_Masks,23.4,42.87,0,None,136,160
2024-05-21,HOSP_RUH_01,N95_Masks,18.0,29.22,0,None,115,137
2024-05-22,HOSP_RUH_01,N95_Masks,19.9,35.92,0,None,115,138
2024-05-23,HOSP_RUH_01,N95_Masks,19.9,54.85,0,None,128,152
2024-05-24,HOSP_RUH_01,N95_Masks,25.0,44.75,0,None,115,137
2024-05-25,HOSP_RUH_01,N95_Masks,19.2,58.14,0,None,115,139
2024-05-26,HOSP_RUH_01,N95_Masks,25.5,39.19,0,None,99,120
2024-05-27,HOSP_RUH_01,N95_Masks,19.7,37.58,0,None,101,121
2024-05-28,HOSP_RUH_01,N95_Masks,30.0,37.2,0,None,98,117
2024-05-29,HOSP_RUH_01,N95_Masks,22.9,59.72,0,None,115,138
2024-05-30,HOSP_RUH_01,N95_Masks,16.2,53.08,0,None,112,134
2024-05-31,HOSP_RUH_01,N95_Masks,23.4,37.12,0,None,122,145
2024-06-01,HOSP_RUH_01,N95_Masks,31.2,54.08,0,None,114,137
2024-06-02,HOSP_RUH_01,N95_Masks,44.3,66.21,0,None,97,115
2024-06-03,HOSP_RUH_01,N95_Masks,38.1,43.75,0,None,115,138
2024-06-04,HOSP_RUH_01,N95_Masks,40.3,35.66,0,None,108,128
2024-06-05,HOSP_RUH_01,N95_Masks,42.2,40.24,0,None,144,172
2024-06-06,HOSP_RUH_01,N95_Masks,38.7,50.95,0,None,113,135
2024-06-07,HOSP_RUH_01,N95_Masks,37.6,75.6,0,None,115,138
2024-06-08,HOSP_RUH_01,N95_Masks,36.7,51.8,0,None,112,136
2024-06-09,HOSP_RUH_01,N95_Masks,35.8,57.08,0,None,106,128
2024-06-10,HOSP_RUH_01,N95_Masks,42.6,32.37,0,None,119,143
2024-06-11,HOSP_RUH_01,N95_Masks,32.7,51.78,0,None,129,155
2024-06-12,HOSP_RUH_01,N95_Masks,42.2,62.86,0,None,119,141
2024-06-13,HOSP_RUH_01,N95_Masks,38.8,54.3,0,None,129,155
2024-06-14,HOSP_RUH_01,N95_Masks,37.1,54.47,0,None,119,143
2024-06-15,HOSP_RUH_01,N95_Masks,38.1,50.28,0,None,103,124
2024-06-16,HOSP_RUH_01,N95_Masks,43.1,39.58,0,None,117,140
2024-06-17,HOSP_RUH_01,N95_Masks,38.8,64.47,0,None,130,156
2024-06-18,HOSP_RUH_01,N95_Masks,40.3,36.51,1,Heatwave,160,193
2024-06-19,HOSP_RUH_01,N95_Masks,43.6,44.83,0,None,131,157
2024-06-20,HOSP_RUH_01,N95_Masks,31.0,33.18,0,None,114,136
2024-06-21,HOSP_RUH_01,N95_Masks,34.3,36.56,0,None,96,114
2024-06-22,HOSP_RUH_01,N95_Masks,40.7,39.29,0,None,131,157
2024-06-23,HOSP_RUH_01,N95_Masks,40.7,49.51,0,None,134,162
2024-06-24,HOSP_RUH_01,N95_Masks,38.3,34.3,0,None,112,133
2024-06-25,HOSP_RUH_01,N95_Masks,42.8,43.63,0,None,115,136
2024-06-26,HOSP_RUH_01,N95_Masks,42.2,57.96,0,None,113,136
2024-06-27,HOSP_RUH_01,N95_Masks,31.9,52.03,0,None,109,131
2024-06-28,HOSP_RUH_01,N95_Masks,40.3,46.37,0,None,123,148
2024-06-29,HOSP_RUH_01,N95_Masks,46.0,56.59,0,None,99,117
2024-06-30,HOSP_RUH_01,N95_Masks,34.2,58.84,0,None,113,135
2024-07-01,HOSP_RUH_01,N95_Masks,42.8,49.84,0,None,134,161
2024-07-02,HOSP_RUH_01,N95_Masks,33.5,63.24,0,None,127,152
2024-07-03,HOSP_RUH_01,N95_Masks,42.4,55.91,0,None,124,149
2024-07-04,HOSP_RUH_01,N95_Masks,41.4,55.02,0,None,136,163
2024-07-05,HOSP_RUH_01,N95_Masks,38.6,48.33,0,None,111,133
2024-07-06,HOSP_RUH_01,N95_Masks,39.6,54.18,0,None,122,146
2024-07-07,HOSP_RUH_01,N95_Masks,41.0,36.4,0,None,137,164
2024-07-08,HOSP_RUH_01,N95_Masks,36.4,52.67,0,None,118,141
2024-07-09,HOSP_RUH_01,N95_Masks,38.7,56.08,0,None,122,146
2024-07-10,HOSP_RUH_01,N95_Masks,36.4,48.14,0,None,121,144
2024-07-11,HOSP_RUH_01,N95_Masks,31.9,61.95,1,Sandstorm/Dust_Storm,164,226
2024-07-12,HOSP_RUH_01,N95_Masks,29.9,48.69,0,None,113,137
2024-07-13,HOSP_RUH_01,N95_Masks,29.2,35.52,0,None,127,153
2024-07-14,HOSP_RUH_01,N95_Masks,43.2,61.22,0,None,127,152
2024-07-15,HOSP_RUH_01,N95_Masks,33.7,68.47,0,None,130,155
2024-07-16,HOSP_RUH_01,N95_Masks,35.3,42.89,1,Sandstorm/Dust_Storm,144,204
2024-07-17,HOSP_RUH_01,N95_Masks,42.5,49.18,0,None,123,147
2024-07-18,HOSP_RUH_01,N95_Masks,40.9,57.08,0,None,127,153
2024-07-19,HOSP_RUH_01,N95_Masks,40.8,51.97,0,None,107,128
2024-07-20,HOSP_RUH_01,N95_Masks,35.0,53.75,0,None,119,141
2024-07-21,HOSP_RUH_01,N95_Masks,35.3,51.28,0,None,112,135
2024-07-22,HOSP_RUH_01,N95_Masks,37.9,47.23,0,None,114,134
2024-07-23,HOSP_RUH_01,N95_Masks,41.0,34.16,0,None,124,149
2024-07-24,HOSP_RUH_01,N95_Masks,35.7,49.76,0,None,119,141
2024-07-25,HOSP_RUH_01,N95_Masks,41.5,65.03,0,None,109,130
2024-07-26,HOSP_RUH_01,N95_Masks,37.7,47.31,0,None,107,128
2024-07-27,HOSP_RUH_01,N95_Masks,40.6,67.98,0,None,114,136
2024-07-28,HOSP_RUH_01,N95_Masks,34.8,52.76,0,None,120,143
2024-07-29,HOSP_RUH_01,N95_Masks,39.6,56.98,0,None,113,136
2024-07-30,HOSP_RUH_01,N95_Masks,41.8,51.15,0,None,144,172
2024-07-31,HOSP_RUH_01,N95_Masks,38.8,67.36,0,None,107,127
2024-08-01,HOSP_RUH_01,N95_Masks,42.5,56.19,0,None,140,168
2024-08-02,HOSP_RUH_01,N95_Masks,38.5,50.38,0,None,113,135
2024-08-03,HOSP_RUH_01,N95_Masks,37.6,60.91,0,None,114,138
2024-08-04,HOSP_RUH_01,N95_Masks,32.1,37.74,0,None,101,123
2024-08-05,HOSP_RUH_01,N95_Masks,45.1,48.95,0,None,117,141
2024-08-06,HOSP_RUH_01,N95_Masks,31.7,56.52,0,None,126,150
2024-08-07,HOSP_RUH_01,N95_Masks,41.1,63.77,0,None,125,150
2024-08-08,HOSP_RUH_01,N95_Masks,35.3,44.5,0,None,123,147
2024-08-09,HOSP_RUH_01,N95_Masks,37.8,33.5,0,None,129,152
2024-08-10,HOSP_RUH_01,N95_Masks,31.0,61.49,0,None,124,148
2024-08-11,HOSP_RUH_01,N95_Masks,33.0,58.07,0,None,114,137
2024-08-12,HOSP_RUH_01,N95_Masks,39.9,49.53,0,None,94,113
2024-08-13,HOSP_RUH_01,N95_Masks,42.9,47.41,0,None,138,166
2024-08-14,HOSP_RUH_01,N95_Masks,36.6,46.51,1,Sandstorm/Dust_Storm,170,235
2024-08-15,HOSP_RUH_01,N95_Masks,37.6,62.15,0,None,132,158
2024-08-16,HOSP_RUH_01,N95_Masks,37.2,47.41,0,None,120,143
2024-08-17,HOSP_RUH_01,N95_Masks,33.9,48.69,0,None,120,142
2024-08-18,HOSP_RUH_01,N95_Masks,39.4,59.16,0,None,94,115
2024-08-19,HOSP_RUH_01,N95_Masks,39.6,41.29,1,Sandstorm/Dust_Storm,173,236
2024-08-20,HOSP_RUH_01,N95_Masks,33.8,56.13,0,None,123,147
2024-08-21,HOSP_RUH_01,N95_Masks,37.3,60.73,0,None,130,156
2024-08-22,HOSP_RUH_01,N95_Masks,39.5,51.5,0,None,131,157
2024-08-23,HOSP_RUH_01,N95_Masks,38.3,45.51,0,None,133,160
2024-08-24,HOSP_RUH_01,N95_Masks,33.4,56.39,0,None,110,132
2024-08-25,HOSP_RUH_01,N95_Masks,37.0,60.05,0,None,139,167
2024-08-26,HOSP_RUH_01,N95_Masks,41.9,47.56,0,None,132,159
2024-08-27,HOSP_RUH_01,N95_Masks,40.5,57.21,0,None,118,141
2024-08-28,HOSP_RUH_01,N95_Masks,38.1,48.27,0,None,104,123
2024-08-29,HOSP_RUH_01,N95_Masks,44.2,41.15,0,None,112,133
2024-08-30,HOSP_RUH_01,N95_Masks,42.0,66.42,0,None,93,111
2024-08-31,HOSP_RUH_01,N95_Masks,42.5,50.59,0,None,103,122
2024-09-01,HOSP_RUH_01,N95_Masks,32.8,60.23,0,None,128,154
2024-09-02,HOSP_RUH_01,N95_Masks,24.6,47.47,0,None,110,131
2024-09-03,HOSP_RUH_01,N95_Masks,22.6,33.07,0,None,131,156
2024-09-04,HOSP_RUH_01,N95_Masks,24.6,30.88,0,None,108,130
2024-09-05,HOSP_RUH_01,N95_Masks,22.1,40.18,0,None,108,130
2024-09-06,HOSP_RUH_01,N95_Masks,23.9,68.47,0,None,100,120
2024-09-07,HOSP_RUH_01,N95_Masks,25.2,49.8,0,None,113,135
2024-09-08,HOSP_RUH_01,N95_Masks,23.6,54.72,0,None,120,144
2024-09-09,HOSP_RUH_01,N95_Masks,20.3,42.98,0,None,133,159
2024-09-10,HOSP_RUH_01,N95_Masks,26.0,47.25,0,None,111,134
2024-09-11,HOSP_RUH_01,N95_Masks,28.0,47.05,0,None,122,145
2024-09-12,HOSP_RUH_01,N95_Masks,18.0,72.23,0,None,127,152
2024-09-13,HOSP_RUH_01,N95_Masks,22.5,48.15,1,Sandstorm/Dust_Storm,174,240
2024-09-14,HOSP_RUH_01,N95_Masks,24.1,34.63,0,None,118,144
2024-09-15,HOSP_RUH_01,N95_Masks,29.6,41.96,0,None,131,158
2024-09-16,HOSP_RUH_01,N95_Masks,20.9,53.03,0,None,115,137
2024-09-17,HOSP_RUH_01,N95_Masks,18.9,44.18,0,None,112,134
2024-09-18,HOSP_RUH_01,N95_Masks,23.1,42.41,0,None,122,144
2024-09-19,HOSP_RUH_01,N95_Masks,26.3,53.31,0,None,105,124
2024-09-20,HOSP_RUH_01,N95_Masks,30.8,56.95,0,None,111,133
2024-09-21,HOSP_RUH_01,N95_Masks,23.3,55.58,0,None,108,130
2024-09-22,HOSP_RUH_01,N95_Masks,23.3,40.85,0,None,111,134
2024-09-23,HOSP_RUH_01,N95_Masks,25.4,60.91,0,None,113,134
2024-09-24,HOSP_RUH_01,N95_Masks,26.1,50.73,0,None,147,176
2024-09-25,HOSP_RUH_01,N95_Masks,21.8,51.92,0,None,126,151
2024-09-26,HOSP_RUH_01,N95_Masks,19.4,39.29,0,None,97,117
2024-09-27,HOSP_RUH_01,N95_Masks,14.4,38.97,0,None,130,156
2024-09-28,HOSP_RUH_01,N95_Masks,23.0,52.51,0,None,120,144
2024-09-29,HOSP_RUH_01,N95_Masks,21.8,59.19,0,None,126,151
2024-09-30,HOSP_RUH_01,N95_Masks,22.1,44.93,0,None,126,150
2024-10-01,HOSP_RUH_01,N95_Masks,23.0,50.28,0,None,117,140
2024-10-02,HOSP_RUH_01,N95_Masks,21.8,74.65,0,None,120,142
2024-10-03,HOSP_RUH_01,N95_Masks,21.8,39.35,0,None,126,151
2024-10-04,HOSP_RUH_01,N95_Masks,20.4,31.98,0,None,108,129
2024-10-05,HOSP_RUH_01,N95_Masks,25.4,37.9,0,None,108,130
2024-10-06,HOSP_RUH_01,N95_Masks,22.7,43.11,0,None,121,144
2024-10-07,HOSP_RUH_01,N95_Masks,21.8,43.87,0,None,120,143
2024-10-08,HOSP_RUH_01,N95_Masks,26.6,34.66,0,None,89,107
2024-10-09,HOSP_RUH_01,N95_Masks,22.1,36.33,0,None,134,160
2024-10-10,HOSP_RUH_01,N95_Masks,26.0,58.79,1,Sandstorm/Dust_Storm,153,211
2024-10-11,HOSP_RUH_01,N95_Masks,24.6,44.54,0,None,108,129
2024-10-12,HOSP_RUH_01,N95_Masks,31.2,30.4,0,None,119,141
2024-10-13,HOSP_RUH_01,N95_Masks,19.5,45.57,0,None,92,110
2024-10-14,HOSP_RUH_01,N95_Masks,13.9,41.25,0,None,111,134
2024-10-15,HOSP_RUH_01,N95_Masks,30.3,43.94,0,None,118,142
2024-10-16,HOSP_RUH_01,N95_Masks,27.9,64.11,0,None,135,163
2024-10-17,HOSP_RUH_01,N95_Masks,20.0,50.32,0,None,121,147
2024-10-18,HOSP_RUH_01,N95_Masks,23.4,47.71,0,None,115,138
2024-10-19,HOSP_RUH_01,N95_Masks,19.1,36.53,0,None,128,154
2024-10-20,HOSP_RUH_01,N95_Masks,21.3,45.49,0,None,134,161
2024-10-21,HOSP_RUH_01,N95_Masks,20.0,59.96,0,None,104,124
2024-10-22,HOSP_RUH_01,N95_Masks,19.3,52.81,0,None,125,152
2024-10-23,HOSP_RUH_01,N95_Masks,26.7,43.56,0,None,137,166
2024-10-24,HOSP_RUH_01,N95_Masks,25.4,57.46,0,None,115,137
2024-10-25,HOSP_RUH_01,N95_Masks,15.1,39.55,0,None,126,151
2024-10-26,HOSP_RUH_01,N95_Masks,21.7,45.16,0,None,123,148
2024-10-27,HOSP_RUH_01,N95_Masks,20.7,58.6,0,None,130,155
2024-10-28,HOSP_RUH_01,N95_Masks,22.4,62.14,0,None,127,153
2024-10-29,HOSP_RUH_01,N95_Masks,17.8,51.81,0,None,118,141
2024-10-30,HOSP_RUH_01,N95_Masks,25.3,58.13,0,None,134,160
2024-10-31,HOSP_RUH_01,N95_Masks,29.8,53.09,0,None,97,116
2024-11-01,HOSP_RUH_01,N95_Masks,25.5,93.11,0,None,160,192
2024-11-02,HOSP_RUH_01,N95_Masks,18.1,73.62,1,Sandstorm/Dust_Storm,194,261
2024-11-03,HOSP_RUH_01,N95_Masks,21.3,87.88,0,None,165,198
2024-11-04,HOSP_RUH_01,N95_Masks,24.8,63.04,0,None,148,179
2024-11-05,HOSP_RUH_01,N95_Masks,18.6,60.5,0,None,153,183
2024-11-06,HOSP_RUH_01,N95_Masks,21.4,92.27,0,None,124,150
2024-11-07,HOSP_RUH_01,N95_Masks,20.0,91.81,1,Sandstorm/Dust_Storm,166,230
2024-11-08,HOSP_RUH_01,N95_Masks,33.2,69.48,0,None,146,174
2024-11-09,HOSP_RUH_01,N95_Masks,30.5,93.61,0,None,157,189
2024-11-10,HOSP_RUH_01,N95_Masks,20.8,82.78,0,None,158,189
2024-11-11,HOSP_RUH_01,N95_Masks,25.7,84.48,0,None,131,157
2024-11-12,HOSP_RUH_01,N95_Masks,15.5,67.83,0,None,150,178
2024-11-13,HOSP_RUH_01,N95_Masks,25.3,76.9,0,None,159,191
2024-11-14,HOSP_RUH_01,N95_Masks,19.2,72.74,0,None,159,188
2024-11-15,HOSP_RUH_01,N95_Masks,24.4,62.47,0,None,146,173
2024-11-16,HOSP_RUH_01,N95_Masks,22.4,78.23,0,None,157,188
2024-11-17,HOSP_RUH_01,N95_Masks,24.6,71.31,0,None,130,153
2024-11-18,HOSP_RUH_01,N95_Masks,30.1,74.72,0,None,155,186
2024-11-19,HOSP_RUH_01,N95_Masks,18.6,78.55,0,None,154,186
2024-11-20,HOSP_RUH_01,N95_Masks,22.2,74.0,0,None,149,178
2024-11-21,HOSP_RUH_01,N95_Masks,19.3,66.6,0,None,162,194
2024-11-22,HOSP_RUH_01,N95_Masks,20.0,74.79,1,Sandstorm/Dust_Storm,186,252
2024-11-23,HOSP_RUH_01,N95_Masks,18.9,57.37,0,None,145,174
2024-11-24,HOSP_RUH_01,N95_Masks,20.9,59.37,0,None,131,157
2024-11-25,HOSP_RUH_01,N95_Masks,32.7,61.67,0,None,125,151
2024-11-26,HOSP_RUH_01,N95_Masks,19.8,67.65,0,None,157,191
2024-11-27,HOSP_RUH_01,N95_Masks,23.6,72.04,0,None,135,162
2024-11-28,HOSP_RUH_01,N95_Masks,11.3,64.28,0,None,139,168
2024-11-29,HOSP_RUH_01,N95_Masks,18.9,92.7,0,None,145,173
2024-11-30,HOSP_RUH_01,N95_Masks,28.5,73.17,0,None,137,165
2024-12-01,HOSP_RUH_01,N95_Masks,21.0,67.91,0,None,146,176
2024-12-02,HOSP_RUH_01,N95_Masks,22.0,78.23,0,None,140,168
2024-12-03,HOSP_RUH_01,N95_Masks,22.9,78.17,0,None,155,186
2024-12-04,HOSP_RUH_01,N95_Masks,35.8,73.2,0,None,157,189
2024-12-05,HOSP_RUH_01,N95_Masks,20.7,88.09,0,None,146,173
2024-12-06,HOSP_RUH_01,N95_Masks,20.3,84.19,0,None,159,191
2024-12-07,HOSP_RUH_01,N95_Masks,22.2,82.65,0,None,150,179
2024-12-08,HOSP_RUH_01,N95_Masks,27.1,68.56,0,None,141,169
2024-12-09,HOSP_RUH_01,N95_Masks,20.9,69.53,0,None,133,160
2024-12-10,HOSP_RUH_01,N95_Masks,18.7,95.63,0,None,147,176
2024-12-11,HOSP_RUH_01,N95_Masks,23.0,80.21,0,None,132,158
2024-12-12,HOSP_RUH_01,N95_Masks,26.9,73.13,0,None,145,173
2024-12-13,HOSP_RUH_01,N95_Masks,23.9,92.93,0,None,147,176
2024-12-14,HOSP_RUH_01,N95_Masks,21.8,78.38,0,None,166,199
2024-12-15,HOSP_RUH_01,N95_Masks,15.2,71.96,0,None,119,142
2024-12-16,HOSP_RUH_01,N95_Masks,22.9,87.97,0,None,151,180
2024-12-17,HOSP_RUH_01,N95_Masks,21.4,69.35,0,None,164,196
2024-12-18,HOSP_RUH_01,N95_Masks,29.1,87.17,0,None,143,172
2024-12-19,HOSP_RUH_01,N95_Masks,23.5,75.38,0,None,130,157
2024-12-20,HOSP_RUH_01,N95_Masks,23.8,70.35,0,None,140,168
2024-12-21,HOSP_RUH_01,N95_Masks,26.1,69.91,0,None,146,177
2024-12-22,HOSP_RUH_01,N95_Masks,20.3,65.0,1,Sandstorm/Dust_Storm,197,265
2024-12-23,HOSP_RUH_01,N95_Masks,25.7,82.24,0,None,149,178
2024-12-24,HOSP_RUH_01,N95_Masks,30.6,81.73,0,None,124,146
2024-12-25,HOSP_RUH_01,N95_Masks,27.4,76.41,0,None,138,165
2024-12-26,HOSP_RUH_01,N95_Masks,23.8,78.32,0,None,139,167
2024-12-27,HOSP_RUH_01,N95_Masks,24.3,76.96,0,None,133,160
2024-12-28,HOSP_RUH_01,N95_Masks,26.2,69.64,0,None,149,178
2024-12-29,HOSP_RUH_01,N95_Masks,23.4,65.89,0,None,144,172
2024-12-30,HOSP_RUH_01,N95_Masks,16.5,83.0,0,None,157,187
2024-12-31,HOSP_RUH_01,N95_Masks,26.6,79.28,0,None,143,171
2025-01-01,HOSP_RUH_01,N95_Masks,27.6,75.7,0,None,149,180
2025-01-02,HOSP_RUH_01,N95_Masks,25.6,77.65,0,None,147,177
2025-01-03,HOSP_RUH_01,N95_Masks,25.7,47.97,0,None,162,194
2025-01-04,HOSP_RUH_01,N95_Masks,23.9,83.86,0,None,164,198
2025-01-05,HOSP_RUH_01,N95_Masks,26.0,91.4,0,None,133,159
2025-01-06,HOSP_RUH_01,N95_Masks,13.4,72.43,0,None,146,175
2025-01-07,HOSP_RUH_01,N95_Masks,29.8,75.44,0,None,143,171
2025-01-08,HOSP_RUH_01,N95_Masks,14.2,70.6,1,Sandstorm/Dust_Storm,179,244
2025-01-09,HOSP_RUH_01,N95_Masks,22.7,60.94,0,None,134,160
2025-01-10,HOSP_RUH_01,N95_Masks,23.0,72.95,1,Sandstorm/Dust_Storm,181,246
2025-01-11,HOSP_RUH_01,N95_Masks,28.4,78.19,0,None,149,178
2025-01-12,HOSP_RUH_01,N95_Masks,22.2,67.21,0,None,141,168
2025-01-13,HOSP_RUH_01,N95_Masks,23.1,85.76,0,None,140,167
2025-01-14,HOSP_RUH_01,N95_Masks,15.6,61.22,0,None,148,178
2025-01-15,HOSP_RUH_01,N95_Masks,26.6,59.19,0,None,146,174
2025-01-16,HOSP_RUH_01,N95_Masks,24.4,67.92,0,None,119,142
2025-01-17,HOSP_RUH_01,N95_Masks,19.1,72.89,0,None,151,181
2025-01-18,HOSP_RUH_01,N95_Masks,27.6,87.26,0,None,143,171
2025-01-19,HOSP_RUH_01,N95_Masks,23.9,82.08,0,None,149,179
2025-01-20,HOSP_RUH_01,N95_Masks,20.0,75.58,0,None,144,172
2025-01-21,HOSP_RUH_01,N95_Masks,15.5,73.71,0,None,121,146
2025-01-22,HOSP_RUH_01,N95_Masks,28.1,83.55,0,None,137,166
2025-01-23,HOSP_RUH_01,N95_Masks,26.7,63.06,0,None,141,170
2025-01-24,HOSP_RUH_01,N95_Masks,25.0,80.28,0,None,143,172
2025-01-25,HOSP_RUH_01,N95_Masks,16.0,82.93,0,None,164,197
2025-01-26,HOSP_RUH_01,N95_Masks,28.9,65.13,0,None,131,157
2025-01-27,HOSP_RUH_01,N95_Masks,26.1,71.92,0,None,145,173
2025-01-28,HOSP_RUH_01,N95_Masks,27.9,60.87,0,None,124,148
2025-01-29,HOSP_RUH_01,N95_Masks,29.5,84.65,0,None,167,200
2025-01-30,HOSP_RUH_01,N95_Masks,18.4,74.54,1,Sandstorm/Dust_Storm,191,259
2025-01-31,HOSP_RUH_01,N95_Masks,22.6,70.64,1,Sandstorm/Dust_Storm,171,234
2025-02-01,HOSP_RUH_01,N95_Masks,21.6,56.96,0,None,153,183
2025-02-02,HOSP_RUH_01,N95_Masks,24.5,86.73,0,None,126,149
2025-02-03,HOSP_RUH_01,N95_Masks,14.8,80.29,0,None,165,200
2025-02-04,HOSP_RUH_01,N95_Masks,25.0,81.38,0,None,132,157
2025-02-05,HOSP_RUH_01,N95_Masks,19.5,62.39,0,None,121,146
2025-02-06,HOSP_RUH_01,N95_Masks,24.0,64.27,0,None,142,172
2025-02-07,HOSP_RUH_01,N95_Masks,26.6,77.92,0,None,130,156
2025-02-08,HOSP_RUH_01,N95_Masks,22.6,70.35,0,None,126,151
2025-02-09,HOSP_RUH_01,N95_Masks,30.1,77.66,0,None,148,177
2025-02-10,HOSP_RUH_01,N95_Masks,21.6,77.69,0,None,143,170
2025-02-11,HOSP_RUH_01,N95_Masks,24.6,74.87,0,None,123,148
2025-02-12,HOSP_RUH_01,N95_Masks,20.4,65.94,0,None,147,174
2025-02-13,HOSP_RUH_01,N95_Masks,21.9,102.16,0,None,144,173
2025-02-14,HOSP_RUH_01,N95_Masks,25.6,80.21,0,None,158,189
2025-02-15,HOSP_RUH_01,N95_Masks,27.0,73.65,0,None,152,182
2025-02-16,HOSP_RUH_01,N95_Masks,21.4,74.81,0,None,156,188
2025-02-17,HOSP_RUH_01,N95_Masks,20.0,70.9,0,None,137,165
2025-02-18,HOSP_RUH_01,N95_Masks,25.1,84.53,0,None,151,182
2025-02-19,HOSP_RUH_01,N95_Masks,20.6,79.21,0,None,159,191
2025-02-20,HOSP_RUH_01,N95_Masks,27.3,78.51,0,None,135,162
2025-02-21,HOSP_RUH_01,N95_Masks,16.5,58.6,0,None,135,161
2025-02-22,HOSP_RUH_01,N95_Masks,23.9,56.06,0,None,162,194
2025-02-23,HOSP_RUH_01,N95_Masks,23.3,73.21,0,None,125,149
2025-02-24,HOSP_RUH_01,N95_Masks,19.2,67.31,0,None,143,172
2025-02-25,HOSP_RUH_01,N95_Masks,25.5,72.22,0,None,152,181
2025-02-26,HOSP_RUH_01,N95_Masks,24.1,75.6,0,None,134,161
2025-02-27,HOSP_RUH_01,N95_Masks,27.0,75.08,0,None,166,200
2025-02-28,HOSP_RUH_01,N95_Masks,21.0,77.1,0,None,155,186
2025-03-01,HOSP_RUH_01,N95_Masks,28.5,52.37,0,None,124,148
2025-03-02,HOSP_RUH_01,N95_Masks,15.9,49.74,0,None,124,147
2025-03-03,HOSP_RUH_01,N95_Masks,23.1,43.74,0,None,116,139
2025-03-04,HOSP_RUH_01,N95_Masks,19.5,58.25,0,None,116,138
2025-03-05,HOSP_RUH_01,N95_Masks,21.0,57.29,0,None,123,147
2025-03-06,HOSP_RUH_01,N95_Masks,22.5,58.51,0,None,119,144
2025-03-07,HOSP_RUH_01,N95_Masks,17.7,65.69,0,None,131,158
2025-03-08,HOSP_RUH_01,N95_Masks,23.8,50.89,0,None,122,146
2025-03-09,HOSP_RUH_01,N95_Masks,23.6,45.62,0,None,120,144
2025-03-10,HOSP_RUH_01,N95_Masks,13.8,35.56,0,None,103,122
2025-03-11,HOSP_RUH_01,N95_Masks,21.7,62.35,0,None,127,151
2025-03-12,HOSP_RUH_01,N95_Masks,22.7,60.39,0,None,131,158
2025-03-13,HOSP_RUH_01,N95_Masks,21.3,42.58,0,None,109,132
2025-03-14,HOSP_RUH_01,N95_Masks,29.6,38.11,0,None,122,146
2025-03-15,HOSP_RUH_01,N95_Masks,17.3,41.22,0,None,120,143
2025-03-16,HOSP_RUH_01,N95_Masks,20.9,57.41,1,Sandstorm/Dust_Storm,141,198
2025-03-17,HOSP_RUH_01,N95_Masks,12.4,47.82,0,None,148,178
2025-03-18,HOSP_RUH_01,N95_Masks,21.9,49.81,0,None,144,173
2025-03-19,HOSP_RUH_01,N95_Masks,20.1,60.54,0,None,125,150
2025-03-20,HOSP_RUH_01,N95_Masks,25.4,56.73,0,None,131,156
2025-03-21,HOSP_RUH_01,N95_Masks,24.0,28.38,0,None,121,145
2025-03-22,HOSP_RUH_01,N95_Masks,24.0,51.73,0,None,92,109
2025-03-23,HOSP_RUH_01,N95_Masks,22.3,46.04,0,None,118,140
2025-03-24,HOSP_RUH_01,N95_Masks,29.6,48.24,0,None,126,151
2025-03-25,HOSP_RUH_01,N95_Masks,20.4,47.94,0,None,115,137
2025-03-26,HOSP_RUH_01,N95_Masks,25.2,62.82,0,None,123,147
2025-03-27,HOSP_RUH_01,N95_Masks,29.3,37.02,0,None,110,130
2025-03-28,HOSP_RUH_01,N95_Masks,24.9,47.66,0,None,123,148
2025-03-29,HOSP_RUH_01,N95_Masks,22.4,39.11,0,None,100,120
2025-03-30,HOSP_RUH_01,N95_Masks,23.0,70.24,0,None,130,155
2025-03-31,HOSP_RUH_01,N95_Masks,15.4,71.88,0,None,102,122
2025-04-01,HOSP_RUH_01,N95_Masks,25.4,45.71,0,None,120,144
2025-04-02,HOSP_RUH_01,N95_Masks,16.5,45.76,0,None,122,145
2025-04-03,HOSP_RUH_01,N95_Masks,23.1,54.26,0,None,118,140
2025-04-04,HOSP_RUH_01,N95_Masks,26.3,40.39,0,None,108,130
2025-04-05,HOSP_RUH_01,N95_Masks,24.4,64.84,0,None,127,152
2025-04-06,HOSP_RUH_01,N95_Masks,17.9,56.29,0,None,130,155
2025-04-07,HOSP_RUH_01,N95_Masks,24.1,45.3,0,None,119,142
2025-04-08,HOSP_RUH_01,N95_Masks,24.4,42.04,0,None,128,153
2025-04-09,HOSP_RUH_01,N95_Masks,28.3,43.51,0,None,122,146
2025-04-10,HOSP_RUH_01,N95_Masks,25.4,51.01,0,None,111,134
2025-04-11,HOSP_RUH_01,N95_Masks,26.6,30.3,0,None,111,132
2025-04-12,HOSP_RUH_01,N95_Masks,23.1,34.74,1,Sandstorm/Dust_Storm,155,216
2025-04-13,HOSP_RUH_01,N95_Masks,25.3,51.06,0,None,126,153
2025-04-14,HOSP_RUH_01,N95_Masks,26.8,41.95,0,None,117,141
2025-04-15,HOSP_RUH_01,N95_Masks,29.0,48.72,0,None,124,147
2025-04-16,HOSP_RUH_01,N95_Masks,18.9,44.49,0,None,88,105
2025-04-17,HOSP_RUH_01,N95_Masks,24.6,54.37,0,None,132,159
2025-04-18,HOSP_RUH_01,N95_Masks,24.7,40.48,0,None,98,118
2025-04-19,HOSP_RUH_01,N95_Masks,22.7,44.96,0,None,128,151
2025-04-20,HOSP_RUH_01,N95_Masks,18.9,42.68,0,None,128,152
2025-04-21,HOSP_RUH_01,N95_Masks,24.9,56.66,0,None,107,127
2025-04-22,HOSP_RUH_01,N95_Masks,25.3,58.64,0,None,129,154
2025-04-23,HOSP_RUH_01,N95_Masks,28.7,44.02,0,None,112,134
2025-04-24,HOSP_RUH_01,N95_Masks,24.5,68.02,0,None,125,151
2025-04-25,HOSP_RUH_01,N95_Masks,17.0,56.5,0,None,131,158
2025-04-26,HOSP_RUH_01,N95_Masks,19.2,50.33,0,None,127,152
2025-04-27,HOSP_RUH_01,N95_Masks,26.6,55.35,0,None,129,154
2025-04-28,HOSP_RUH_01,N95_Masks,26.7,60.87,0,None,130,155
2025-04-29,HOSP_RUH_01,N95_Masks,18.6,44.42,0,None,132,159
2025-04-30,HOSP_RUH_01,N95_Masks,23.4,56.34,0,None,106,126
2025-05-01,HOSP_RUH_01,N95_Masks,26.4,56.96,0,None,119,143
2025-05-02,HOSP_RUH_01,N95_Masks,19.0,57.74,0,None,126,151
2025-05-03,HOSP_RUH_01,N95_Masks,20.4,50.07,0,None,117,140
2025-05-04,HOSP_RUH_01,N95_Masks,28.5,52.44,0,None,114,136
2025-05-05,HOSP_RUH_01,N95_Masks,21.4,56.93,0,None,112,135
2025-05-06,HOSP_RUH_01,N95_Masks,30.7,61.12,0,None,115,138
2025-05-07,HOSP_RUH_01,N95_Masks,24.6,32.24,0,None,134,159
2025-05-08,HOSP_RUH_01,N95_Masks,19.5,62.18,0,None,113,133
2025-05-09,HOSP_RUH_01,N95_Masks,27.9,38.83,0,None,126,151
2025-05-10,HOSP_RUH_01,N95_Masks,27.6,63.87,0,None,115,136
2025-05-11,HOSP_RUH_01,N95_Masks,24.0,45.87,0,None,113,134
2025-05-12,HOSP_RUH_01,N95_Masks,23.3,36.72,0,None,117,139
2025-05-13,HOSP_RUH_01,N95_Masks,27.1,58.9,0,None,106,125
2025-05-14,HOSP_RUH_01,N95_Masks,20.3,41.71,0,None,108,128
2025-05-15,HOSP_RUH_01,N95_Masks,23.3,52.07,0,None,118,141
2025-05-16,HOSP_RUH_01,N95_Masks,19.7,51.97,0,None,104,125
2025-05-17,HOSP_RUH_01,N95_Masks,18.4,58.11,0,None,101,122
2025-05-18,HOSP_RUH_01,N95_Masks,16.9,56.56,0,None,126,151
2025-05-19,HOSP_RUH_01,N95_Masks,17.7,53.91,0,None,109,132
2025-05-20,HOSP_RUH_01,N95_Masks,22.0,50.44,0,None,126,151
2025-05-21,HOSP_RUH_01,N95_Masks,21.7,61.24,0,None,109,130
2025-05-22,HOSP_RUH_01,N95_Masks,23.8,53.17,0,None,114,135
2025-05-23,HOSP_RUH_01,N95_Masks,28.5,67.5,0,None,129,153
2025-05-24,HOSP_RUH_01,N95_Masks,25.3,53.59,1,Sandstorm/Dust_Storm,150,209
2025-05-25,HOSP_RUH_01,N95_Masks,19.7,40.84,0,None,140,167
2025-05-26,HOSP_RUH_01,N95_Masks,27.0,66.15,0,None,125,150
2025-05-27,HOSP_RUH_01,N95_Masks,26.0,50.76,0,None,137,165
2025-05-28,HOSP_RUH_01,N95_Masks,29.8,51.54,0,None,128,153
2025-05-29,HOSP_RUH_01,N95_Masks,32.5,60.73,0,None,129,154
2025-05-30,HOSP_RUH_01,N95_Masks,25.6,61.07,0,None,103,124
2025-05-31,HOSP_RUH_01,N95_Masks,29.9,43.94,0,None,126,151
2025-06-01,HOSP_RUH_01,N95_Masks,30.9,45.21,1,Sandstorm/Dust_Storm,160,220
2025-06-02,HOSP_RUH_01,N95_Masks,35.2,49.86,0,None,123,147
2025-06-03,HOSP_RUH_01,N95_Masks,33.9,67.49,0,None,116,139
2025-06-04,HOSP_RUH_01,N95_Masks,39.4,57.9,0,None,111,133
2025-06-05,HOSP_RUH_01,N95_Masks,33.5,39.92,0,None,155,187
2025-06-06,HOSP_RUH_01,N95_Masks,32.7,36.49,0,None,111,134
2025-06-07,HOSP_RUH_01,N95_Masks,32.5,38.54,0,None,117,139
2025-06-08,HOSP_RUH_01,N95_Masks,49.9,51.75,0,None,125,150
2025-06-09,HOSP_RUH_01,N95_Masks,38.7,51.75,0,None,144,171
2025-06-10,HOSP_RUH_01,N95_Masks,34.3,54.74,0,None,107,129
2025-06-11,HOSP_RUH_01,N95_Masks,45.0,51.12,0,None,111,132
2025-06-12,HOSP_RUH_01,N95_Masks,36.8,47.83,0,None,102,123
2025-06-13,HOSP_RUH_01,N95_Masks,35.6,48.54,0,None,132,160
2025-06-14,HOSP_RUH_01,N95_Masks,30.5,34.14,0,None,133,160
2025-06-15,HOSP_RUH_01,N95_Masks,32.8,50.0,0,None,123,148
2025-06-16,HOSP_RUH_01,N95_Masks,38.3,39.86,0,None,115,137
2025-06-17,HOSP_RUH_01,N95_Masks,34.8,54.33,0,None,130,155
2025-06-18,HOSP_RUH_01,N95_Masks,32.2,50.38,0,None,119,142
2025-06-19,HOSP_RUH_01,N95_Masks,41.8,70.29,0,None,123,149
2025-06-20,HOSP_RUH_01,N95_Masks,39.6,53.72,0,None,94,112
2025-06-21,HOSP_RUH_01,N95_Masks,43.7,47.61,0,None,110,132
2025-06-22,HOSP_RUH_01,N95_Masks,36.2,62.37,0,None,116,140
2025-06-23,HOSP_RUH_01,N95_Masks,38.2,54.96,0,None,112,134
2025-06-24,HOSP_RUH_01,N95_Masks,36.0,62.0,0,None,107,127
2025-06-25,HOSP_RUH_01,N95_Masks,32.1,37.46,0,None,112,132
2025-06-26,HOSP_RUH_01,N95_Masks,43.1,58.97,0,None,117,142
2025-06-27,HOSP_RUH_01,N95_Masks,44.1,52.69,0,None,125,151
2025-06-28,HOSP_RUH_01,N95_Masks,41.2,57.05,0,None,106,127
2025-06-29,HOSP_RUH_01,N95_Masks,44.1,60.74,0,None,114,136
2025-06-30,HOSP_RUH_01,N95_Masks,39.9,52.97,0,None,126,152
2025-07-01,HOSP_RUH_01,N95_Masks,39.2,57.84,0,None,107,128
2025-07-02,HOSP_RUH_01,N95_Masks,37.1,68.09,0,None,112,133
2025-07-03,HOSP_RUH_01,N95_Masks,35.3,42.42,0,None,120,145
2025-07-04,HOSP_RUH_01,N95_Masks,44.1,40.92,0,None,133,160
2025-07-05,HOSP_RUH_01,N95_Masks,33.6,59.27,0,None,122,147
2025-07-06,HOSP_RUH_01,N95_Masks,34.4,38.24,0,None,107,129
2025-07-07,HOSP_RUH_01,N95_Masks,40.5,34.74,0,None,126,151
2025-07-08,HOSP_RUH_01,N95_Masks,40.3,43.03,0,None,108,131
2025-07-09,HOSP_RUH_01,N95_Masks,37.7,45.4,0,None,124,147
2025-07-10,HOSP_RUH_01,N95_Masks,36.9,50.95,0,None,128,153
2025-07-11,HOSP_RUH_01,N95_Masks,40.6,45.31,0,None,129,155
2025-07-12,HOSP_RUH_01,N95_Masks,37.0,39.83,1,Sandstorm/Dust_Storm,174,238
2025-07-13,HOSP_RUH_01,N95_Masks,40.6,31.88,0,None,127,153
2025-07-14,HOSP_RUH_01,N95_Masks,42.4,53.87,0,None,131,157
2025-07-15,HOSP_RUH_01,N95_Masks,45.0,66.34,0,None,115,139
2025-07-16,HOSP_RUH_01,N95_Masks,44.1,41.82,0,None,128,153
2025-07-17,HOSP_RUH_01,N95_Masks,40.2,47.94,0,None,127,153
2025-07-18,HOSP_RUH_01,N95_Masks,38.5,44.08,0,None,134,162
2025-07-19,HOSP_RUH_01,N95_Masks,37.4,55.58,0,None,143,171
2025-07-20,HOSP_RUH_01,N95_Masks,43.4,60.11,0,None,124,147
2025-07-21,HOSP_RUH_01,N95_Masks,39.5,37.94,0,None,143,171
2025-07-22,HOSP_RUH_01,N95_Masks,39.4,46.65,1,Sandstorm/Dust_Storm,166,230
2025-07-23,HOSP_RUH_01,N95_Masks,40.0,58.47,0,None,120,144
2025-07-24,HOSP_RUH_01,N95_Masks,36.8,24.7,0,None,100,120
2025-07-25,HOSP_RUH_01,N95_Masks,41.1,51.51,0,None,114,136
2025-07-26,HOSP_RUH_01,N95_Masks,36.2,49.26,0,None,131,157
2025-07-27,HOSP_RUH_01,N95_Masks,41.2,53.32,0,None,127,151
2025-07-28,HOSP_RUH_01,N95_Masks,35.5,58.95,0,None,123,147
2025-07-29,HOSP_RUH_01,N95_Masks,37.5,61.92,0,None,113,135
2025-07-30,HOSP_RUH_01,N95_Masks,35.0,47.94,0,None,112,133
2025-07-31,HOSP_RUH_01,N95_Masks,37.1,32.7,0,None,116,139
2025-08-01,HOSP_RUH_01,N95_Masks,39.9,49.38,0,None,112,135
2025-08-02,HOSP_RUH_01,N95_Masks,35.0,39.85,0,None,110,130
2025-08-03,HOSP_RUH_01,N95_Masks,38.7,45.44,0,None,115,138
2025-08-04,HOSP_RUH_01,N95_Masks,36.5,58.81,0,None,119,142
2025-08-05,HOSP_RUH_01,N95_Masks,30.9,55.73,0,None,122,145
2025-08-06,HOSP_RUH_01,N95_Masks,38.1,38.34,0,None,118,139
2025-08-07,HOSP_RUH_01,N95_Masks,34.7,49.19,0,None,105,123
2025-08-08,HOSP_RUH_01,N95_Masks,44.6,55.42,0,None,125,150
2025-08-09,HOSP_RUH_01,N95_Masks,30.3,53.94,0,None,105,125
2025-08-10,HOSP_RUH_01,N95_Masks,37.7,67.03,0,None,134,160
2025-08-11,HOSP_RUH_01,N95_Masks,36.5,59.51,0,None,113,133
2025-08-12,HOSP_RUH_01,N95_Masks,39.4,45.08,0,None,142,172
2025-08-13,HOSP_RUH_01,N95_Masks,37.4,72.19,0,None,94,113
2025-08-14,HOSP_RUH_01,N95_Masks,39.6,41.08,0,None,112,133
2025-08-15,HOSP_RUH_01,N95_Masks,35.8,43.92,0,None,124,148
2025-08-16,HOSP_RUH_01,N95_Masks,39.8,50.67,0,None,134,160
2025-08-17,HOSP_RUH_01,N95_Masks,37.1,42.82,0,None,124,149
2025-08-18,HOSP_RUH_01,N95_Masks,34.1,55.2,0,None,124,148
2025-08-19,HOSP_RUH_01,N95_Masks,34.5,41.61,1,Sandstorm/Dust_Storm,163,226
2025-08-20,HOSP_RUH_01,N95_Masks,40.8,63.54,0,None,94,112
2025-08-21,HOSP_RUH_01,N95_Masks,34.4,49.69,0,None,112,133
2025-08-22,HOSP_RUH_01,N95_Masks,41.6,49.3,0,None,112,134
2025-08-23,HOSP_RUH_01,N95_Masks,36.0,22.52,0,None,134,160
2025-08-24,HOSP_RUH_01,N95_Masks,33.6,44.01,0,None,129,155
2025-08-25,HOSP_RUH_01,N95_Masks,53.7,55.08,0,None,120,143
2025-08-26,HOSP_RUH_01,N95_Masks,37.1,62.0,0,None,119,142
2025-08-27,HOSP_RUH_01,N95_Masks,39.3,44.3,0,None,110,131
2025-08-28,HOSP_RUH_01,N95_Masks,36.1,62.21,0,None,113,136
2025-08-29,HOSP_RUH_01,N95_Masks,41.0,42.69,0,None,128,153
2025-08-30,HOSP_RUH_01,N95_Masks,37.3,43.6,1,Sandstorm/Dust_Storm,161,224
2025-08-31,HOSP_RUH_01,N95_Masks,41.0,42.81,0,None,126,151
2025-09-01,HOSP_RUH_01,N95_Masks,17.2,56.95,0,None,130,155
2025-09-02,HOSP_RUH_01,N95_Masks,26.8,41.11,0,None,131,158
2025-09-03,HOSP_RUH_01,N95_Masks,17.9,39.12,0,None,100,119
2025-09-04,HOSP_RUH_01,N95_Masks,21.1,59.97,0,None,114,135
2025-09-05,HOSP_RUH_01,N95_Masks,24.2,39.05,0,None,121,142
2025-09-06,HOSP_RUH_01,N95_Masks,16.5,48.13,0,None,129,155
2025-09-07,HOSP_RUH_01,N95_Masks,23.7,58.65,0,None,108,131
2025-09-08,HOSP_RUH_01,N95_Masks,22.1,59.32,0,None,116,139
2025-09-09,HOSP_RUH_01,N95_Masks,26.7,38.96,0,None,113,134
2025-09-10,HOSP_RUH_01,N95_Masks,22.0,62.23,0,None,122,148
2025-09-11,HOSP_RUH_01,N95_Masks,15.6,49.37,0,None,103,125
2025-09-12,HOSP_RUH_01,N95_Masks,23.4,59.11,0,None,130,157
2025-09-13,HOSP_RUH_01,N95_Masks,26.2,69.09,0,None,100,119
2025-09-14,HOSP_RUH_01,N95_Masks,23.4,48.77,0,None,107,128
2025-09-15,HOSP_RUH_01,N95_Masks,20.3,51.49,0,None,120,143
2025-09-16,HOSP_RUH_01,N95_Masks,23.3,40.48,0,None,99,119
2025-09-17,HOSP_RUH_01,N95_Masks,24.8,49.34,0,None,115,139
2025-09-18,HOSP_RUH_01,N95_Masks,17.7,55.57,0,None,97,117
2025-09-19,HOSP_RUH_01,N95_Masks,24.7,54.3,0,None,104,123
2025-09-20,HOSP_RUH_01,N95_Masks,27.2,44.16,0,None,119,142
2025-09-21,HOSP_RUH_01,N95_Masks,22.7,62.34,0,None,134,160
2025-09-22,HOSP_RUH_01,N95_Masks,27.6,45.89,0,None,124,148
2025-09-23,HOSP_RUH_01,N95_Masks,30.8,53.36,1,Sandstorm/Dust_Storm,130,185
2025-09-24,HOSP_RUH_01,N95_Masks,19.1,54.54,0,None,140,168
2025-09-25,HOSP_RUH_01,N95_Masks,20.2,48.65,0,None,127,152
2025-09-26,HOSP_RUH_01,N95_Masks,23.9,44.13,0,None,93,112
2025-09-27,HOSP_RUH_01,N95_Masks,24.7,54.03,0,None,103,122
2025-09-28,HOSP_RUH_01,N95_Masks,19.9,47.11,0,None,133,160
2025-09-29,HOSP_RUH_01,N95_Masks,20.3,48.34,0,None,123,147
2025-09-30,HOSP_RUH_01,N95_Masks,20.9,49.07,0,None,121,146
2025-10-01,HOSP_RUH_01,N95_Masks,16.7,50.14,0,None,122,147
2025-10-02,HOSP_RUH_01,N95_Masks,29.8,37.31,0,None,143,172
2025-10-03,HOSP_RUH_01,N95_Masks,21.0,66.26,0,None,122,146
2025-10-04,HOSP_RUH_01,N95_Masks,23.6,62.01,0,None,128,153
2025-10-05,HOSP_RUH_01,N95_Masks,21.1,56.55,0,None,96,115
2025-10-06,HOSP_RUH_01,N95_Masks,26.0,31.82,1,Sandstorm/Dust_Storm,178,243
2025-10-07,HOSP_RUH_01,N95_Masks,18.3,63.08,0,None,118,142
2025-10-08,HOSP_RUH_01,N95_Masks,26.4,42.93,0,None,120,143
2025-10-09,HOSP_RUH_01,N95_Masks,27.4,62.82,0,None,104,125
2025-10-10,HOSP_RUH_01,N95_Masks,15.5,54.51,0,None,116,138
2025-10-11,HOSP_RUH_01,N95_Masks,21.1,64.96,0,None,117,139
2025-10-12,HOSP_RUH_01,N95_Masks,29.6,60.49,0,None,115,137
2025-10-13,HOSP_RUH_01,N95_Masks,22.6,44.06,1,Sandstorm/Dust_Storm,137,195
2025-10-14,HOSP_RUH_01,N95_Masks,21.4,50.73,1,Sandstorm/Dust_Storm,151,212
2025-10-15,HOSP_RUH_01,N95_Masks,21.0,50.97,0,None,120,144
2025-10-16,HOSP_RUH_01,N95_Masks,18.9,59.52,0,None,117,141
2025-10-17,HOSP_RUH_01,N95_Masks,23.3,43.7,0,None,125,150
2025-10-18,HOSP_RUH_01,N95_Masks,20.2,42.92,0,None,96,114
2025-10-19,HOSP_RUH_01,N95_Masks,19.9,56.77,0,None,85,101
2025-10-20,HOSP_RUH_01,N95_Masks,16.5,39.61,0,None,123,146
2025-10-21,HOSP_RUH_01,N95_Masks,25.9,56.08,0,None,114,136
2025-10-22,HOSP_RUH_01,N95_Masks,16.0,38.46,0,None,138,164
2025-10-23,HOSP_RUH_01,N95_Masks,18.4,55.25,0,None,107,127
2025-10-24,HOSP_RUH_01,N95_Masks,21.0,35.33,0,None,126,152
2025-10-25,HOSP_RUH_01,N95_Masks,27.7,46.25,0,None,110,133
2025-10-26,HOSP_RUH_01,N95_Masks,26.6,38.03,0,None,127,153
2025-10-27,HOSP_RUH_01,N95_Masks,23.9,60.53,0,None,147,175
2025-10-28,HOSP_RUH_01,N95_Masks,15.5,34.65,0,None,133,159
2025-10-29,HOSP_RUH_01,N95_Masks,25.2,59.28,0,None,108,129
2025-10-30,HOSP_RUH_01,N95_Masks,26.3,42.27,0,None,114,137
2025-10-31,HOSP_RUH_01,N95_Masks,29.8,59.02,0,None,128,155
2025-11-01,HOSP_RUH_01,N95_Masks,20.9,58.43,0,None,153,182
2025-11-02,HOSP_RUH_01,N95_Masks,17.7,81.19,0,None,148,176
2025-11-03,HOSP_RUH_01,N95_Masks,28.0,66.53,0,None,142,171
2025-11-04,HOSP_RUH_01,N95_Masks,22.9,71.83,0,None,132,160
2025-11-05,HOSP_RUH_01,N95_Masks,23.8,62.2,0,None,147,176
2025-11-06,HOSP_RUH_01,N95_Masks,30.8,91.22,0,None,124,149
2025-11-07,HOSP_RUH_01,N95_Masks,26.1,73.27,0,None,133,160
2025-11-08,HOSP_RUH_01,N95_Masks,24.0,94.02,0,None,152,183
2025-11-09,HOSP_RUH_01,N95_Masks,23.6,78.68,0,None,152,181
2025-11-10,HOSP_RUH_01,N95_Masks,29.9,87.13,1,Sandstorm/Dust_Storm,174,240
2025-11-11,HOSP_RUH_01,N95_Masks,30.8,81.65,0,None,135,162
2025-11-12,HOSP_RUH_01,N95_Masks,20.4,90.35,0,None,134,162
2025-11-13,HOSP_RUH_01,N95_Masks,23.5,86.7,0,None,152,185
2025-11-14,HOSP_RUH_01,N95_Masks,19.6,75.99,0,None,126,152
2025-11-15,HOSP_RUH_01,N95_Masks,22.2,71.7,0,None,144,173
2025-11-16,HOSP_RUH_01,N95_Masks,23.4,85.69,0,None,160,192
2025-11-17,HOSP_RUH_01,N95_Masks,18.7,62.93,0,None,159,192
2025-11-18,HOSP_RUH_01,N95_Masks,21.4,67.08,0,None,147,175
2025-11-19,HOSP_RUH_01,N95_Masks,27.2,86.01,0,None,144,173
2025-11-20,HOSP_RUH_01,N95_Masks,28.8,82.45,0,None,170,203
2025-11-21,HOSP_RUH_01,N95_Masks,24.7,71.39,0,None,175,209
2025-11-22,HOSP_RUH_01,N95_Masks,23.3,66.47,0,None,147,175
2025-11-23,HOSP_RUH_01,N95_Masks,24.0,59.51,0,None,168,201
2025-11-24,HOSP_RUH_01,N95_Masks,18.7,66.62,0,None,164,197
2025-11-25,HOSP_RUH_01,N95_Masks,17.6,89.0,0,None,152,181
2025-11-26,HOSP_RUH_01,N95_Masks,26.2,54.75,0,None,132,159
2025-11-27,HOSP_RUH_01,N95_Masks,29.5,65.35,0,None,117,139
2025-11-28,HOSP_RUH_01,N95_Masks,19.1,77.18,0,None,137,164
2025-11-29,HOSP_RUH_01,N95_Masks,14.5,75.79,0,None,120,143
2025-11-30,HOSP_RUH_01,N95_Masks,22.0,65.72,0,None,123,146
2025-12-01,HOSP_RUH_01,N95_Masks,30.8,67.91,0,None,147,177
2025-12-02,HOSP_RUH_01,N95_Masks,20.8,99.45,0,None,124,147
2025-12-03,HOSP_RUH_01,N95_Masks,19.1,72.2,0,None,134,161
2025-12-04,HOSP_RUH_01,N95_Masks,20.3,75.81,0,None,147,177
2025-12-05,HOSP_RUH_01,N95_Masks,20.7,86.06,0,None,146,174
2025-12-06,HOSP_RUH_01,N95_Masks,26.2,72.96,0,None,144,172
2025-12-07,HOSP_RUH_01,N95_Masks,17.5,94.73,0,None,159,191
2025-12-08,HOSP_RUH_01,N95_Masks,19.7,74.54,0,None,150,180
2025-12-09,HOSP_RUH_01,N95_Masks,22.6,76.95,0,None,151,180
2025-12-10,HOSP_RUH_01,N95_Masks,21.0,73.99,0,None,153,183
2025-12-11,HOSP_RUH_01,N95_Masks,31.2,72.78,0,None,137,165
2025-12-12,HOSP_RUH_01,N95_Masks,18.7,73.25,0,None,138,165
2025-12-13,HOSP_RUH_01,N95_Masks,23.8,83.41,0,None,141,167
2025-12-14,HOSP_RUH_01,N95_Masks,27.8,78.26,0,None,148,179
2025-12-15,HOSP_RUH_01,N95_Masks,27.4,79.44,0,None,126,153
2025-12-16,HOSP_RUH_01,N95_Masks,25.3,75.52,0,None,151,180
2025-12-17,HOSP_RUH_01,N95_Masks,24.2,62.12,0,None,161,193
2025-12-18,HOSP_RUH_01,N95_Masks,23.5,59.56,0,None,143,170
2025-12-19,HOSP_RUH_01,N95_Masks,21.3,71.12,0,None,138,165
2025-12-20,HOSP_RUH_01,N95_Masks,13.0,77.86,0,None,158,189
2025-12-21,HOSP_RUH_01,N95_Masks,18.3,75.19,0,None,146,174
2025-12-22,HOSP_RUH_01,N95_Masks,23.7,85.13,0,None,147,175
2025-12-23,HOSP_RUH_01,N95_Masks,23.5,70.88,0,None,139,167
2025-12-24,HOSP_RUH_01,N95_Masks,23.5,58.62,0,None,156,185
2025-12-25,HOSP_RUH_01,N95_Masks,28.5,86.54,0,None,113,135
2025-12-26,HOSP_RUH_01,N95_Masks,25.0,76.1,0,None,133,158
2025-12-27,HOSP_RUH_01,N95_Masks,22.1,71.73,0,None,152,183
2025-12-28,HOSP_RUH_01,N95_Masks,33.6,60.96,0,None,142,170
2025-12-29,HOSP_RUH_01,N95_Masks,20.5,86.81,0,None,151,180
2025-12-30,HOSP_RUH_01,N95_Masks,25.4,70.04,0,None,148,177
2025-12-31,HOSP_RUH_01,N95_Masks,20.9,80.0,0,None,138,167
2026-01-01,HOSP_RUH_01,N95_Masks,24.1,87.01,0,None,135,162
2024-01-01,HOSP_RUH_01,IV_Fluids,14.1,87.8,0,None,146,365
2024-01-02,HOSP_RUH_01,IV_Fluids,19.7,78.98,0,None,138,343
2024-01-03,HOSP_RUH_01,IV_Fluids,31.3,73.02,0,None,158,393
2024-01-04,HOSP_RUH_01,IV_Fluids,24.1,63.2,0,None,170,426
2024-01-05,HOSP_RUH_01,IV_Fluids,19.8,81.79,1,Sandstorm/Dust_Storm,199,496
2024-01-06,HOSP_RUH_01,IV_Fluids,24.7,58.79,0,None,161,402
2024-01-07,HOSP_RUH_01,IV_Fluids,28.9,81.87,0,None,140,349
2024-01-08,HOSP_RUH_01,IV_Fluids,17.1,93.1,0,None,122,305
2024-01-09,HOSP_RUH_01,IV_Fluids,23.5,81.41,0,None,134,335
2024-01-10,HOSP_RUH_01,IV_Fluids,31.5,83.53,0,None,156,390
2024-01-11,HOSP_RUH_01,IV_Fluids,27.3,77.29,0,None,160,400
2024-01-12,HOSP_RUH_01,IV_Fluids,21.2,90.59,0,None,129,322
2024-01-13,HOSP_RUH_01,IV_Fluids,20.4,66.68,0,None,151,375
2024-01-14,HOSP_RUH_01,IV_Fluids,30.5,59.44,0,None,145,361
2024-01-15,HOSP_RUH_01,IV_Fluids,19.3,68.04,0,None,161,403
2024-01-16,HOSP_RUH_01,IV_Fluids,27.0,73.93,0,None,160,401
2024-01-17,HOSP_RUH_01,IV_Fluids,27.0,65.27,0,None,141,353
2024-01-18,HOSP_RUH_01,IV_Fluids,21.5,70.26,0,None,169,422
2024-01-19,HOSP_RUH_01,IV_Fluids,19.8,82.82,0,None,135,335
2024-01-20,HOSP_RUH_01,IV_Fluids,23.8,80.6,0,None,153,383
2024-01-21,HOSP_RUH_01,IV_Fluids,21.9,65.14,0,None,151,379
2024-01-22,HOSP_RUH_01,IV_Fluids,17.2,75.22,0,None,167,416
2024-01-23,HOSP_RUH_01,IV_Fluids,26.1,66.66,0,None,135,336
2024-01-24,HOSP_RUH_01,IV_Fluids,23.3,76.09,0,None,150,375
2024-01-25,HOSP_RUH_01,IV_Fluids,24.5,71.61,0,None,126,313
2024-01-26,HOSP_RUH_01,IV_Fluids,20.1,74.77,0,None,135,336
2024-01-27,HOSP_RUH_01,IV_Fluids,23.9,77.59,0,None,138,345
2024-01-28,HOSP_RUH_01,IV_Fluids,23.6,78.31,0,None,145,360
2024-01-29,HOSP_RUH_01,IV_Fluids,31.9,76.6,0,None,156,389
2024-01-30,HOSP_RUH_01,IV_Fluids,24.4,73.71,0,None,153,383
2024-01-31,HOSP_RUH_01,IV_Fluids,24.4,73.58,0,None,149,371
2024-02-01,HOSP_RUH_01,IV_Fluids,27.6,83.46,0,None,144,360
2024-02-02,HOSP_RUH_01,IV_Fluids,22.4,75.73,0,None,140,351
2024-02-03,HOSP_RUH_01,IV_Fluids,21.7,78.39,0,None,152,379
2024-02-04,HOSP_RUH_01,IV_Fluids,24.1,99.85,0,None,149,372
2024-02-05,HOSP_RUH_01,IV_Fluids,24.3,69.07,0,None,159,398
2024-02-06,HOSP_RUH_01,IV_Fluids,21.7,83.72,0,None,142,354
2024-02-07,HOSP_RUH_01,IV_Fluids,23.7,75.73,0,None,134,334
2024-02-08,HOSP_RUH_01,IV_Fluids,24.2,73.6,0,None,132,329
2024-02-09,HOSP_RUH_01,IV_Fluids,21.9,75.24,0,None,127,316
2024-02-10,HOSP_RUH_01,IV_Fluids,14.5,77.81,0,None,145,363
2024-02-11,HOSP_RUH_01,IV_Fluids,23.1,63.62,0,None,142,354
2024-02-12,HOSP_RUH_01,IV_Fluids,29.8,84.96,0,None,161,402
2024-02-13,HOSP_RUH_01,IV_Fluids,21.1,80.1,0,None,130,322
2024-02-14,HOSP_RUH_01,IV_Fluids,19.7,83.58,0,None,155,385
2024-02-15,HOSP_RUH_01,IV_Fluids,23.1,74.97,0,None,139,347
2024-02-16,HOSP_RUH_01,IV_Fluids,17.6,71.29,0,None,150,375
2024-02-17,HOSP_RUH_01,IV_Fluids,21.8,76.49,0,None,133,332
2024-02-18,HOSP_RUH_01,IV_Fluids,23.7,53.23,0,None,162,405
2024-02-19,HOSP_RUH_01,IV_Fluids,21.2,73.94,0,None,136,338
2024-02-20,HOSP_RUH_01,IV_Fluids,31.2,76.03,0,None,142,356
2024-02-21,HOSP_RUH_01,IV_Fluids,24.2,74.9,0,None,135,338
2024-02-22,HOSP_RUH_01,IV_Fluids,23.1,77.26,0,None,148,369
2024-02-23,HOSP_RUH_01,IV_Fluids,20.9,60.79,0,None,157,392
2024-02-24,HOSP_RUH_01,IV_Fluids,20.0,67.18,0,None,147,366
2024-02-25,HOSP_RUH_01,IV_Fluids,16.3,68.41,0,None,120,300
2024-02-26,HOSP_RUH_01,IV_Fluids,21.7,73.5,0,None,133,332
2024-02-27,HOSP_RUH_01,IV_Fluids,24.2,71.15,0,None,147,368
2024-02-28,HOSP_RUH_01,IV_Fluids,21.4,80.86,0,None,163,407
2024-02-29,HOSP_RUH_01,IV_Fluids,19.4,68.61,0,None,128,318
2024-03-01,HOSP_RUH_01,IV_Fluids,23.6,37.83,0,None,113,281
2024-03-02,HOSP_RUH_01,IV_Fluids,23.1,64.46,0,None,108,270
2024-03-03,HOSP_RUH_01,IV_Fluids,23.4,41.44,0,None,113,282
2024-03-04,HOSP_RUH_01,IV_Fluids,24.6,48.66,1,Sandstorm/Dust_Storm,155,386
2024-03-05,HOSP_RUH_01,IV_Fluids,24.1,46.0,0,None,135,337
2024-03-06,HOSP_RUH_01,IV_Fluids,17.1,61.97,0,None,134,335
2024-03-07,HOSP_RUH_01,IV_Fluids,20.9,47.97,0,None,103,258
2024-03-08,HOSP_RUH_01,IV_Fluids,18.7,52.98,0,None,108,269
2024-03-09,HOSP_RUH_01,IV_Fluids,20.2,43.86,0,None,134,336
2024-03-10,HOSP_RUH_01,IV_Fluids,28.6,40.15,0,None,118,293
2024-03-11,HOSP_RUH_01,IV_Fluids,25.0,44.75,0,None,116,290
2024-03-12,HOSP_RUH_01,IV_Fluids,27.6,38.9,0,None,103,258
2024-03-13,HOSP_RUH_01,IV_Fluids,22.2,42.76,0,None,113,282
2024-03-14,HOSP_RUH_01,IV_Fluids,22.8,39.39,0,None,123,309
2024-03-15,HOSP_RUH_01,IV_Fluids,27.0,51.4,0,None,114,284
2024-03-16,HOSP_RUH_01,IV_Fluids,25.4,47.54,0,None,111,278
2024-03-17,HOSP_RUH_01,IV_Fluids,24.0,59.5,1,Sandstorm/Dust_Storm,157,390
2024-03-18,HOSP_RUH_01,IV_Fluids,19.7,57.44,0,None,97,241
2024-03-19,HOSP_RUH_01,IV_Fluids,25.1,49.36,0,None,128,319
2024-03-20,HOSP_RUH_01,IV_Fluids,24.6,65.13,0,None,110,273
2024-03-21,HOSP_RUH_01,IV_Fluids,27.0,46.07,0,None,121,303
2024-03-22,HOSP_RUH_01,IV_Fluids,25.5,57.85,0,None,113,282
2024-03-23,HOSP_RUH_01,IV_Fluids,19.2,66.69,0,None,111,278
2024-03-24,HOSP_RUH_01,IV_Fluids,25.0,38.65,0,None,103,257
2024-03-25,HOSP_RUH_01,IV_Fluids,19.6,60.09,0,None,109,270
2024-03-26,HOSP_RUH_01,IV_Fluids,26.8,50.6,0,None,115,285
2024-03-27,HOSP_RUH_01,IV_Fluids,21.7,47.37,1,Sandstorm/Dust_Storm,169,421
2024-03-28,HOSP_RUH_01,IV_Fluids,27.9,51.82,0,None,128,321
2024-03-29,HOSP_RUH_01,IV_Fluids,26.0,58.88,0,None,97,243
2024-03-30,HOSP_RUH_01,IV_Fluids,23.8,44.29,0,None,115,286
2024-03-31,HOSP_RUH_01,IV_Fluids,27.9,53.79,0,None,133,332
2024-04-01,HOSP_RUH_01,IV_Fluids,21.5,58.53,0,None,126,315
2024-04-02,HOSP_RUH_01,IV_Fluids,17.9,47.2,0,None,123,309
2024-04-03,HOSP_RUH_01,IV_Fluids,25.1,38.32,0,None,118,294
2024-04-04,HOSP_RUH_01,IV_Fluids,23.7,61.17,0,None,127,317
2024-04-05,HOSP_RUH_01,IV_Fluids,23.7,53.33,0,None,112,280
2024-04-06,HOSP_RUH_01,IV_Fluids,15.4,53.11,0,None,106,265
2024-04-07,HOSP_RUH_01,IV_Fluids,17.0,64.58,0,None,124,310
2024-04-08,HOSP_RUH_01,IV_Fluids,28.8,55.06,0,None,133,334
2024-04-09,HOSP_RUH_01,IV_Fluids,33.0,47.51,0,None,122,303
2024-04-10,HOSP_RUH_01,IV_Fluids,20.8,55.53,0,None,118,294
2024-04-11,HOSP_RUH_01,IV_Fluids,30.7,42.4,0,None,96,240
2024-04-12,HOSP_RUH_01,IV_Fluids,23.1,29.35,0,None,119,297
2024-04-13,HOSP_RUH_01,IV_Fluids,22.1,55.97,1,Sandstorm/Dust_Storm,179,447
2024-04-14,HOSP_RUH_01,IV_Fluids,22.9,41.37,0,None,148,370
2024-04-15,HOSP_RUH_01,IV_Fluids,16.6,49.0,0,None,114,285
2024-04-16,HOSP_RUH_01,IV_Fluids,17.4,50.23,0,None,121,301
2024-04-17,HOSP_RUH_01,IV_Fluids,22.1,61.78,0,None,113,282
2024-04-18,HOSP_RUH_01,IV_Fluids,17.3,71.7,0,None,105,261
2024-04-19,HOSP_RUH_01,IV_Fluids,19.7,47.24,0,None,139,348
2024-04-20,HOSP_RUH_01,IV_Fluids,17.3,58.62,0,None,139,347
2024-04-21,HOSP_RUH_01,IV_Fluids,18.4,40.36,0,None,119,296
2024-04-22,HOSP_RUH_01,IV_Fluids,26.1,52.05,0,None,110,273
2024-04-23,HOSP_RUH_01,IV_Fluids,27.6,51.93,0,None,118,295
2024-04-24,HOSP_RUH_01,IV_Fluids,23.7,42.62,0,None,121,303
2024-04-25,HOSP_RUH_01,IV_Fluids,19.0,52.21,0,None,131,327
2024-04-26,HOSP_RUH_01,IV_Fluids,24.1,57.5,0,None,115,286
2024-04-27,HOSP_RUH_01,IV_Fluids,27.5,57.64,0,None,126,314
2024-04-28,HOSP_RUH_01,IV_Fluids,22.4,34.62,0,None,118,294
2024-04-29,HOSP_RUH_01,IV_Fluids,22.6,38.27,0,None,115,287
2024-04-30,HOSP_RUH_01,IV_Fluids,20.2,56.34,0,None,115,287
2024-05-01,HOSP_RUH_01,IV_Fluids,21.0,49.41,0,None,130,325
2024-05-02,HOSP_RUH_01,IV_Fluids,21.5,61.4,0,None,122,305
2024-05-03,HOSP_RUH_01,IV_Fluids,22.3,55.59,0,None,134,334
2024-05-04,HOSP_RUH_01,IV_Fluids,20.6,55.95,0,None,118,294
2024-05-05,HOSP_RUH_01,IV_Fluids,18.6,40.2,0,None,136,340
2024-05-06,HOSP_RUH_01,IV_Fluids,24.0,49.37,0,None,132,329
2024-05-07,HOSP_RUH_01,IV_Fluids,18.6,43.24,0,None,138,343
2024-05-08,HOSP_RUH_01,IV_Fluids,21.5,66.3,0,None,118,294
2024-05-09,HOSP_RUH_01,IV_Fluids,22.6,37.29,0,None,112,279
2024-05-10,HOSP_RUH_01,IV_Fluids,23.8,59.58,0,None,140,351
2024-05-11,HOSP_RUH_01,IV_Fluids,20.3,66.97,0,None,117,292
2024-05-12,HOSP_RUH_01,IV_Fluids,28.1,60.7,1,Sandstorm/Dust_Storm,161,402
2024-05-13,HOSP_RUH_01,IV_Fluids,12.1,50.67,0,None,127,319
2024-05-14,HOSP_RUH_01,IV_Fluids,24.2,53.81,0,None,91,227
2024-05-15,HOSP_RUH_01,IV_Fluids,22.9,42.34,0,None,131,327
2024-05-16,HOSP_RUH_01,IV_Fluids,21.1,55.27,0,None,97,242
2024-05-17,HOSP_RUH_01,IV_Fluids,22.6,61.46,0,None,116,289
2024-05-18,HOSP_RUH_01,IV_Fluids,20.2,59.86,0,None,112,279
2024-05-19,HOSP_RUH_01,IV_Fluids,22.3,54.6,0,None,119,297
2024-05-20,HOSP_RUH_01,IV_Fluids,21.6,68.13,0,None,108,271
2024-05-21,HOSP_RUH_01,IV_Fluids,18.6,49.02,0,None,115,287
2024-05-22,HOSP_RUH_01,IV_Fluids,24.1,53.96,0,None,99,250
2024-05-23,HOSP_RUH_01,IV_Fluids,22.0,58.93,0,None,133,331
2024-05-24,HOSP_RUH_01,IV_Fluids,25.3,19.92,0,None,100,250
2024-05-25,HOSP_RUH_01,IV_Fluids,16.7,43.24,0,None,121,301
2024-05-26,HOSP_RUH_01,IV_Fluids,11.6,54.94,0,None,113,282
2024-05-27,HOSP_RUH_01,IV_Fluids,24.7,48.4,0,None,120,300
2024-05-28,HOSP_RUH_01,IV_Fluids,21.1,68.57,0,None,143,359
2024-05-29,HOSP_RUH_01,IV_Fluids,21.7,38.24,0,None,119,298
2024-05-30,HOSP_RUH_01,IV_Fluids,25.1,36.27,0,None,121,304
2024-05-31,HOSP_RUH_01,IV_Fluids,20.6,62.87,0,None,101,251
2024-06-01,HOSP_RUH_01,IV_Fluids,36.6,64.35,0,None,124,311
2024-06-02,HOSP_RUH_01,IV_Fluids,35.8,60.73,0,None,120,298
2024-06-03,HOSP_RUH_01,IV_Fluids,46.8,51.64,0,None,120,300
2024-06-04,HOSP_RUH_01,IV_Fluids,38.8,60.57,0,None,109,274
2024-06-05,HOSP_RUH_01,IV_Fluids,34.4,49.08,0,None,115,288
2024-06-06,HOSP_RUH_01,IV_Fluids,33.0,42.5,0,None,119,298
2024-06-07,HOSP_RUH_01,IV_Fluids,30.0,52.91,0,None,131,326
2024-06-08,HOSP_RUH_01,IV_Fluids,33.1,34.27,0,None,95,237
2024-06-09,HOSP_RUH_01,IV_Fluids,34.1,44.02,0,None,104,257
2024-06-10,HOSP_RUH_01,IV_Fluids,38.2,52.9,0,None,133,333
2024-06-11,HOSP_RUH_01,IV_Fluids,38.8,42.21,0,None,121,301
2024-06-12,HOSP_RUH_01,IV_Fluids,40.7,41.76,0,None,102,254
2024-06-13,HOSP_RUH_01,IV_Fluids,31.9,62.07,0,None,115,286
2024-06-14,HOSP_RUH_01,IV_Fluids,35.3,42.55,0,None,108,270
2024-06-15,HOSP_RUH_01,IV_Fluids,31.6,36.93,0,None,106,264
2024-06-16,HOSP_RUH_01,IV_Fluids,38.1,65.33,0,None,115,288
2024-06-17,HOSP_RUH_01,IV_Fluids,42.5,38.73,0,None,99,246
2024-06-18,HOSP_RUH_01,IV_Fluids,41.0,60.47,0,None,112,281
2024-06-19,HOSP_RUH_01,IV_Fluids,36.4,66.99,0,None,133,334
2024-06-20,HOSP_RUH_01,IV_Fluids,44.2,54.22,0,None,95,237
2024-06-21,HOSP_RUH_01,IV_Fluids,38.8,59.41,0,None,123,309
2024-06-22,HOSP_RUH_01,IV_Fluids,37.7,30.34,0,None,95,237
2024-06-23,HOSP_RUH_01,IV_Fluids,31.3,47.51,0,None,112,280
2024-06-24,HOSP_RUH_01,IV_Fluids,40.3,56.49,0,None,123,306
2024-06-25,HOSP_RUH_01,IV_Fluids,42.8,52.77,0,None,140,347
2024-06-26,HOSP_RUH_01,IV_Fluids,36.7,50.97,0,None,99,247
2024-06-27,HOSP_RUH_01,IV_Fluids,38.5,39.08,0,None,113,283
2024-06-28,HOSP_RUH_01,IV_Fluids,42.2,50.79,0,None,123,306
2024-06-29,HOSP_RUH_01,IV_Fluids,38.7,51.57,0,None,115,286
2024-06-30,HOSP_RUH_01,IV_Fluids,37.4,55.76,0,None,126,315
2024-07-01,HOSP_RUH_01,IV_Fluids,35.9,53.24,0,None,103,258
2024-07-02,HOSP_RUH_01,IV_Fluids,37.3,53.21,1,Sandstorm/Dust_Storm,172,431
2024-07-03,HOSP_RUH_01,IV_Fluids,42.3,54.87,0,None,124,309
2024-07-04,HOSP_RUH_01,IV_Fluids,37.7,44.58,0,None,126,315
2024-07-05,HOSP_RUH_01,IV_Fluids,37.8,43.32,0,None,129,322
2024-07-06,HOSP_RUH_01,IV_Fluids,42.2,36.1,0,None,115,285
2024-07-07,HOSP_RUH_01,IV_Fluids,33.7,63.7,0,None,108,271
2024-07-08,HOSP_RUH_01,IV_Fluids,36.5,42.39,0,None,121,302
2024-07-09,HOSP_RUH_01,IV_Fluids,29.1,32.19,0,None,131,328
2024-07-10,HOSP_RUH_01,IV_Fluids,31.9,45.34,0,None,115,288
2024-07-11,HOSP_RUH_01,IV_Fluids,38.9,36.43,0,None,117,293
2024-07-12,HOSP_RUH_01,IV_Fluids,29.9,55.97,0,None,125,314
2024-07-13,HOSP_RUH_01,IV_Fluids,36.0,45.05,0,None,121,301
2024-07-14,HOSP_RUH_01,IV_Fluids,35.6,50.96,0,None,106,263
2024-07-15,HOSP_RUH_01,IV_Fluids,40.6,34.48,1,Heatwave,168,481
2024-07-16,HOSP_RUH_01,IV_Fluids,40.1,65.57,0,None,113,281
2024-07-17,HOSP_RUH_01,IV_Fluids,39.7,58.5,0,None,106,265
2024-07-18,HOSP_RUH_01,IV_Fluids,43.0,68.67,0,None,130,325
2024-07-19,HOSP_RUH_01,IV_Fluids,41.0,45.39,0,None,122,305
2024-07-20,HOSP_RUH_01,IV_Fluids,36.2,50.79,0,None,109,273
2024-07-21,HOSP_RUH_01,IV_Fluids,31.6,49.66,0,None,114,284
2024-07-22,HOSP_RUH_01,IV_Fluids,44.5,50.04,0,None,124,309
2024-07-23,HOSP_RUH_01,IV_Fluids,36.2,44.11,0,None,137,343
2024-07-24,HOSP_RUH_01,IV_Fluids,30.6,44.92,0,None,108,268
2024-07-25,HOSP_RUH_01,IV_Fluids,39.7,34.16,0,None,125,312
2024-07-26,HOSP_RUH_01,IV_Fluids,35.0,52.93,0,None,127,317
2024-07-27,HOSP_RUH_01,IV_Fluids,42.2,38.13,0,None,113,282
2024-07-28,HOSP_RUH_01,IV_Fluids,36.6,63.59,0,None,124,309
2024-07-29,HOSP_RUH_01,IV_Fluids,42.3,45.12,0,None,143,358
2024-07-30,HOSP_RUH_01,IV_Fluids,43.9,60.34,0,None,119,297
2024-07-31,HOSP_RUH_01,IV_Fluids,41.8,51.68,0,None,133,333
2024-08-01,HOSP_RUH_01,IV_Fluids,41.2,39.09,0,None,122,304
2024-08-02,HOSP_RUH_01,IV_Fluids,41.1,47.81,0,None,99,245
2024-08-03,HOSP_RUH_01,IV_Fluids,34.9,60.69,0,None,124,310
2024-08-04,HOSP_RUH_01,IV_Fluids,37.8,49.0,0,None,122,305
2024-08-05,HOSP_RUH_01,IV_Fluids,41.5,40.41,0,None,119,297
2024-08-06,HOSP_RUH_01,IV_Fluids,39.4,39.94,0,None,128,318
2024-08-07,HOSP_RUH_01,IV_Fluids,31.6,66.29,0,None,129,322
2024-08-08,HOSP_RUH_01,IV_Fluids,33.1,58.52,0,None,120,300
2024-08-09,HOSP_RUH_01,IV_Fluids,39.3,46.06,0,None,112,279
2024-08-10,HOSP_RUH_01,IV_Fluids,35.7,58.09,0,None,116,289
2024-08-11,HOSP_RUH_01,IV_Fluids,38.4,50.28,0,None,113,283
2024-08-12,HOSP_RUH_01,IV_Fluids,34.1,52.09,0,None,134,335
2024-08-13,HOSP_RUH_01,IV_Fluids,36.2,67.76,0,None,114,284
2024-08-14,HOSP_RUH_01,IV_Fluids,38.8,43.86,0,None,121,302
2024-08-15,HOSP_RUH_01,IV_Fluids,37.6,63.45,0,None,125,313
2024-08-16,HOSP_RUH_01,IV_Fluids,41.7,47.84,0,None,106,266
2024-08-17,HOSP_RUH_01,IV_Fluids,35.3,42.67,0,None,120,298
2024-08-18,HOSP_RUH_01,IV_Fluids,36.0,64.42,0,None,105,264
2024-08-19,HOSP_RUH_01,IV_Fluids,38.0,47.6,0,None,114,286
2024-08-20,HOSP_RUH_01,IV_Fluids,41.1,41.13,0,None,103,258
2024-08-21,HOSP_RUH_01,IV_Fluids,32.7,56.4,0,None,101,252
2024-08-22,HOSP_RUH_01,IV_Fluids,41.4,53.86,0,None,102,255
2024-08-23,HOSP_RUH_01,IV_Fluids,43.3,35.35,0,None,95,234
2024-08-24,HOSP_RUH_01,IV_Fluids,38.5,58.14,0,None,140,349
2024-08-25,HOSP_RUH_01,IV_Fluids,48.6,47.66,0,None,100,249
2024-08-26,HOSP_RUH_01,IV_Fluids,40.5,47.51,0,None,146,365
2024-08-27,HOSP_RUH_01,IV_Fluids,38.5,39.25,0,None,122,304
2024-08-28,HOSP_RUH_01,IV_Fluids,36.9,64.82,0,None,116,288
2024-08-29,HOSP_RUH_01,IV_Fluids,39.6,51.98,0,None,109,272
2024-08-30,HOSP_RUH_01,IV_Fluids,31.5,56.52,0,None,104,260
2024-08-31,HOSP_RUH_01,IV_Fluids,40.9,59.31,0,None,130,325
2024-09-01,HOSP_RUH_01,IV_Fluids,20.7,47.69,0,None,130,326
2024-09-02,HOSP_RUH_01,IV_Fluids,20.0,43.26,0,None,102,254
2024-09-03,HOSP_RUH_01,IV_Fluids,24.0,49.17,0,None,116,290
2024-09-04,HOSP_RUH_01,IV_Fluids,21.0,54.33,0,None,121,302
2024-09-05,HOSP_RUH_01,IV_Fluids,17.2,40.07,0,None,115,288
2024-09-06,HOSP_RUH_01,IV_Fluids,25.4,48.77,0,None,131,327
2024-09-07,HOSP_RUH_01,IV_Fluids,25.4,43.92,0,None,114,285
2024-09-08,HOSP_RUH_01,IV_Fluids,18.3,51.26,0,None,128,320
2024-09-09,HOSP_RUH_01,IV_Fluids,25.1,60.07,1,Sandstorm/Dust_Storm,135,339
2024-09-10,HOSP_RUH_01,IV_Fluids,23.0,42.1,0,None,139,347
2024-09-11,HOSP_RUH_01,IV_Fluids,22.8,38.11,0,None,121,302
2024-09-12,HOSP_RUH_01,IV_Fluids,24.4,39.16,0,None,110,275
2024-09-13,HOSP_RUH_01,IV_Fluids,25.8,36.35,0,None,82,205
2024-09-14,HOSP_RUH_01,IV_Fluids,24.5,44.46,0,None,109,272
2024-09-15,HOSP_RUH_01,IV_Fluids,22.0,61.04,0,None,127,317
2024-09-16,HOSP_RUH_01,IV_Fluids,20.4,53.92,0,None,102,256
2024-09-17,HOSP_RUH_01,IV_Fluids,25.9,43.35,0,None,129,321
2024-09-18,HOSP_RUH_01,IV_Fluids,27.1,52.61,0,None,105,262
2024-09-19,HOSP_RUH_01,IV_Fluids,26.2,60.29,0,None,136,340
2024-09-20,HOSP_RUH_01,IV_Fluids,26.0,50.23,0,None,92,230
2024-09-21,HOSP_RUH_01,IV_Fluids,27.8,49.76,0,None,134,335
2024-09-22,HOSP_RUH_01,IV_Fluids,27.7,46.61,0,None,153,382
2024-09-23,HOSP_RUH_01,IV_Fluids,20.4,57.31,0,None,111,277
2024-09-24,HOSP_RUH_01,IV_Fluids,20.9,41.15,0,None,125,310
2024-09-25,HOSP_RUH_01,IV_Fluids,26.0,29.5,0,None,118,295
2024-09-26,HOSP_RUH_01,IV_Fluids,19.8,41.4,0,None,111,278
2024-09-27,HOSP_RUH_01,IV_Fluids,21.3,64.27,0,None,103,257
2024-09-28,HOSP_RUH_01,IV_Fluids,24.7,46.45,0,None,135,336
2024-09-29,HOSP_RUH_01,IV_Fluids,21.9,56.28,0,None,119,296
2024-09-30,HOSP_RUH_01,IV_Fluids,22.2,56.8,0,None,131,326
2024-10-01,HOSP_RUH_01,IV_Fluids,18.3,58.69,0,None,120,301
2024-10-02,HOSP_RUH_01,IV_Fluids,21.1,41.9,0,None,136,339
2024-10-03,HOSP_RUH_01,IV_Fluids,23.3,41.94,1,Sandstorm/Dust_Storm,157,391
2024-10-04,HOSP_RUH_01,IV_Fluids,25.4,51.87,0,None,93,232
2024-10-05,HOSP_RUH_01,IV_Fluids,24.9,44.38,0,None,148,369
2024-10-06,HOSP_RUH_01,IV_Fluids,25.5,51.1,0,None,130,326
2024-10-07,HOSP_RUH_01,IV_Fluids,22.4,51.31,0,None,107,266
2024-10-08,HOSP_RUH_01,IV_Fluids,20.2,36.35,0,None,122,305
2024-10-09,HOSP_RUH_01,IV_Fluids,20.9,51.47,0,None,120,301
2024-10-10,HOSP_RUH_01,IV_Fluids,27.6,75.94,0,None,112,279
2024-10-11,HOSP_RUH_01,IV_Fluids,24.7,36.6,0,None,127,318
2024-10-12,HOSP_RUH_01,IV_Fluids,21.3,42.55,0,None,131,328
2024-10-13,HOSP_RUH_01,IV_Fluids,24.9,41.48,0,None,114,285
2024-10-14,HOSP_RUH_01,IV_Fluids,21.3,52.01,0,None,122,305
2024-10-15,HOSP_RUH_01,IV_Fluids,18.1,41.78,0,None,119,296
2024-10-16,HOSP_RUH_01,IV_Fluids,19.1,47.46,0,None,128,320
2024-10-17,HOSP_RUH_01,IV_Fluids,18.9,46.08,0,None,124,309
2024-10-18,HOSP_RUH_01,IV_Fluids,25.4,40.99,0,None,123,306
2024-10-19,HOSP_RUH_01,IV_Fluids,28.3,44.82,0,None,121,303
2024-10-20,HOSP_RUH_01,IV_Fluids,18.5,45.79,0,None,136,341
2024-10-21,HOSP_RUH_01,IV_Fluids,24.2,66.64,0,None,106,265
2024-10-22,HOSP_RUH_01,IV_Fluids,26.5,56.53,0,None,104,259
2024-10-23,HOSP_RUH_01,IV_Fluids,14.2,60.97,0,None,131,328
2024-10-24,HOSP_RUH_01,IV_Fluids,21.9,46.33,0,None,120,301
2024-10-25,HOSP_RUH_01,IV_Fluids,17.4,59.83,0,None,146,366
2024-10-26,HOSP_RUH_01,IV_Fluids,26.1,37.41,0,None,115,288
2024-10-27,HOSP_RUH_01,IV_Fluids,28.0,52.4,0,None,108,270
2024-10-28,HOSP_RUH_01,IV_Fluids,23.8,60.59,0,None,119,298
2024-10-29,HOSP_RUH_01,IV_Fluids,18.9,46.81,0,None,129,322
2024-10-30,HOSP_RUH_01,IV_Fluids,26.3,46.73,0,None,108,271
2024-10-31,HOSP_RUH_01,IV_Fluids,28.8,47.06,0,None,113,283
2024-11-01,HOSP_RUH_01,IV_Fluids,19.2,54.28,0,None,161,402
2024-11-02,HOSP_RUH_01,IV_Fluids,14.1,78.9,0,None,133,331
2024-11-03,HOSP_RUH_01,IV_Fluids,24.1,76.45,0,None,142,355
2024-11-04,HOSP_RUH_01,IV_Fluids,32.6,76.93,0,None,136,339
2024-11-05,HOSP_RUH_01,IV_Fluids,13.4,66.23,0,None,153,385
2024-11-06,HOSP_RUH_01,IV_Fluids,19.6,83.08,0,None,142,353
2024-11-07,HOSP_RUH_01,IV_Fluids,19.7,65.19,0,None,157,393
2024-11-08,HOSP_RUH_01,IV_Fluids,22.4,67.66,0,None,145,362
2024-11-09,HOSP_RUH_01,IV_Fluids,23.1,69.45,0,None,119,299
2024-11-10,HOSP_RUH_01,IV_Fluids,24.6,76.55,0,None,125,312
2024-11-11,HOSP_RUH_01,IV_Fluids,16.3,50.28,0,None,132,329
2024-11-12,HOSP_RUH_01,IV_Fluids,23.1,87.88,0,None,151,377
2024-11-13,HOSP_RUH_01,IV_Fluids,26.6,77.32,0,None,171,426
2024-11-14,HOSP_RUH_01,IV_Fluids,24.5,91.24,0,None,134,335
2024-11-15,HOSP_RUH_01,IV_Fluids,20.9,90.08,0,None,120,300
2024-11-16,HOSP_RUH_01,IV_Fluids,22.3,86.22,0,None,142,355
2024-11-17,HOSP_RUH_01,IV_Fluids,26.0,71.74,0,None,153,382
2024-11-18,HOSP_RUH_01,IV_Fluids,21.3,73.61,0,None,129,322
2024-11-19,HOSP_RUH_01,IV_Fluids,18.0,55.98,0,None,145,364
2024-11-20,HOSP_RUH_01,IV_Fluids,24.2,74.79,0,None,139,345
2024-11-21,HOSP_RUH_01,IV_Fluids,26.6,67.28,0,None,147,367
2024-11-22,HOSP_RUH_01,IV_Fluids,27.1,75.41,0,None,165,414
2024-11-23,HOSP_RUH_01,IV_Fluids,23.9,57.67,1,Sandstorm/Dust_Storm,196,492
2024-11-24,HOSP_RUH_01,IV_Fluids,25.0,74.83,0,None,159,397
2024-11-25,HOSP_RUH_01,IV_Fluids,21.9,81.27,0,None,128,321
2024-11-26,HOSP_RUH_01,IV_Fluids,21.6,73.85,0,None,148,370
2024-11-27,HOSP_RUH_01,IV_Fluids,20.6,83.06,0,None,135,337
2024-11-28,HOSP_RUH_01,IV_Fluids,25.0,85.29,0,None,145,363
2024-11-29,HOSP_RUH_01,IV_Fluids,18.9,75.75,0,None,139,350
2024-11-30,HOSP_RUH_01,IV_Fluids,17.4,74.6,0,None,130,323
2024-12-01,HOSP_RUH_01,IV_Fluids,29.2,82.49,0,None,128,319
2024-12-02,HOSP_RUH_01,IV_Fluids,22.7,72.42,0,None,137,343
2024-12-03,HOSP_RUH_01,IV_Fluids,19.7,74.5,1,Sandstorm/Dust_Storm,186,465
2024-12-04,HOSP_RUH_01,IV_Fluids,26.4,79.36,0,None,151,378
2024-12-05,HOSP_RUH_01,IV_Fluids,28.7,75.41,0,None,150,375
2024-12-06,HOSP_RUH_01,IV_Fluids,20.4,68.08,0,None,139,348
2024-12-07,HOSP_RUH_01,IV_Fluids,27.8,76.92,0,None,143,357
2024-12-08,HOSP_RUH_01,IV_Fluids,24.3,82.47,0,None,130,325
2024-12-09,HOSP_RUH_01,IV_Fluids,16.0,74.61,0,None,146,368
2024-12-10,HOSP_RUH_01,IV_Fluids,18.5,73.16,0,None,175,438
2024-12-11,HOSP_RUH_01,IV_Fluids,28.6,66.19,0,None,135,336
2024-12-12,HOSP_RUH_01,IV_Fluids,17.9,78.1,0,None,161,401
2024-12-13,HOSP_RUH_01,IV_Fluids,27.4,54.4,0,None,143,357
2024-12-14,HOSP_RUH_01,IV_Fluids,21.2,77.19,0,None,135,336
2024-12-15,HOSP_RUH_01,IV_Fluids,23.7,84.92,0,None,140,350
2024-12-16,HOSP_RUH_01,IV_Fluids,29.9,65.82,0,None,142,356
2024-12-17,HOSP_RUH_01,IV_Fluids,16.9,66.1,0,None,134,336
2024-12-18,HOSP_RUH_01,IV_Fluids,21.0,71.69,0,None,157,395
2024-12-19,HOSP_RUH_01,IV_Fluids,27.9,57.91,0,None,132,330
2024-12-20,HOSP_RUH_01,IV_Fluids,18.7,76.07,0,None,154,384
2024-12-21,HOSP_RUH_01,IV_Fluids,26.2,67.26,1,Sandstorm/Dust_Storm,188,469
2024-12-22,HOSP_RUH_01,IV_Fluids,18.2,69.86,0,None,138,345
2024-12-23,HOSP_RUH_01,IV_Fluids,12.8,70.94,0,None,139,348
2024-12-24,HOSP_RUH_01,IV_Fluids,26.8,81.0,0,None,136,341
2024-12-25,HOSP_RUH_01,IV_Fluids,19.5,78.99,0,None,128,321
2024-12-26,HOSP_RUH_01,IV_Fluids,26.4,76.8,0,None,163,407
2024-12-27,HOSP_RUH_01,IV_Fluids,28.8,74.73,0,None,137,341
2024-12-28,HOSP_RUH_01,IV_Fluids,24.7,83.19,0,None,140,350
2024-12-29,HOSP_RUH_01,IV_Fluids,20.3,69.53,0,None,135,336
2024-12-30,HOSP_RUH_01,IV_Fluids,20.0,70.88,0,None,121,301
2024-12-31,HOSP_RUH_01,IV_Fluids,24.2,79.61,0,None,159,396
2025-01-01,HOSP_RUH_01,IV_Fluids,20.8,85.92,0,None,149,373
2025-01-02,HOSP_RUH_01,IV_Fluids,16.6,78.61,0,None,130,325
2025-01-03,HOSP_RUH_01,IV_Fluids,26.1,70.9,0,None,152,378
2025-01-04,HOSP_RUH_01,IV_Fluids,18.7,81.77,0,None,164,410
2025-01-05,HOSP_RUH_01,IV_Fluids,28.5,62.83,0,None,152,378
2025-01-06,HOSP_RUH_01,IV_Fluids,28.6,68.13,0,None,160,399
2025-01-07,HOSP_RUH_01,IV_Fluids,26.0,75.8,0,None,154,384
2025-01-08,HOSP_RUH_01,IV_Fluids,24.0,77.84,0,None,143,356
2025-01-09,HOSP_RUH_01,IV_Fluids,19.1,67.41,0,None,167,416
2025-01-10,HOSP_RUH_01,IV_Fluids,20.4,72.4,0,None,126,314
2025-01-11,HOSP_RUH_01,IV_Fluids,25.2,73.06,0,None,152,380
2025-01-12,HOSP_RUH_01,IV_Fluids,19.1,76.75,0,None,147,367
2025-01-13,HOSP_RUH_01,IV_Fluids,23.9,69.82,0,None,125,311
2025-01-14,HOSP_RUH_01,IV_Fluids,25.1,56.84,0,None,148,371
2025-01-15,HOSP_RUH_01,IV_Fluids,21.0,67.28,0,None,155,386
2025-01-16,HOSP_RUH_01,IV_Fluids,21.8,79.35,0,None,132,330
2025-01-17,HOSP_RUH_01,IV_Fluids,20.8,57.98,0,None,148,370
2025-01-18,HOSP_RUH_01,IV_Fluids,21.1,73.41,0,None,121,302
2025-01-19,HOSP_RUH_01,IV_Fluids,24.5,81.14,0,None,149,372
2025-01-20,HOSP_RUH_01,IV_Fluids,23.8,87.75,0,None,125,311
2025-01-21,HOSP_RUH_01,IV_Fluids,21.9,56.93,0,None,137,342
2025-01-22,HOSP_RUH_01,IV_Fluids,23.2,68.1,0,None,142,353
2025-01-23,HOSP_RUH_01,IV_Fluids,21.8,88.63,0,None,122,304
2025-01-24,HOSP_RUH_01,IV_Fluids,20.1,85.72,0,None,131,327
2025-01-25,HOSP_RUH_01,IV_Fluids,26.0,79.32,0,None,150,375
2025-01-26,HOSP_RUH_01,IV_Fluids,25.2,69.76,0,None,134,336
2025-01-27,HOSP_RUH_01,IV_Fluids,23.1,83.42,0,None,140,349
2025-01-28,HOSP_RUH_01,IV_Fluids,24.5,64.22,0,None,129,320
2025-01-29,HOSP_RUH_01,IV_Fluids,23.6,68.01,0,None,158,393
2025-01-30,HOSP_RUH_01,IV_Fluids,22.0,79.57,0,None,122,305
2025-01-31,HOSP_RUH_01,IV_Fluids,21.4,63.12,0,None,145,363
2025-02-01,HOSP_RUH_01,IV_Fluids,20.1,77.08,0,None,142,356
2025-02-02,HOSP_RUH_01,IV_Fluids,20.9,69.73,0,None,155,386
2025-02-03,HOSP_RUH_01,IV_Fluids,18.8,68.66,0,None,138,343
2025-02-04,HOSP_RUH_01,IV_Fluids,18.2,75.34,0,None,142,352
2025-02-05,HOSP_RUH_01,IV_Fluids,21.3,60.43,0,None,146,364
2025-02-06,HOSP_RUH_01,IV_Fluids,20.5,81.88,0,None,113,282
2025-02-07,HOSP_RUH_01,IV_Fluids,19.2,68.02,0,None,154,384
2025-02-08,HOSP_RUH_01,IV_Fluids,30.1,61.5,0,None,168,421
2025-02-09,HOSP_RUH_01,IV_Fluids,21.1,73.98,0,None,156,391
2025-02-10,HOSP_RUH_01,IV_Fluids,21.9,68.71,0,None,121,302
2025-02-11,HOSP_RUH_01,IV_Fluids,29.3,74.88,0,None,148,370
2025-02-12,HOSP_RUH_01,IV_Fluids,23.5,71.73,0,None,138,345
2025-02-13,HOSP_RUH_01,IV_Fluids,21.8,79.13,1,Sandstorm/Dust_Storm,182,456
2025-02-14,HOSP_RUH_01,IV_Fluids,22.9,73.17,0,None,152,377
2025-02-15,HOSP_RUH_01,IV_Fluids,27.1,86.84,0,None,116,290
2025-02-16,HOSP_RUH_01,IV_Fluids,24.7,76.34,0,None,161,401
2025-02-17,HOSP_RUH_01,IV_Fluids,22.5,60.89,0,None,143,356
2025-02-18,HOSP_RUH_01,IV_Fluids,29.4,53.06,0,None,151,378
2025-02-19,HOSP_RUH_01,IV_Fluids,23.2,82.35,0,None,139,348
2025-02-20,HOSP_RUH_01,IV_Fluids,12.9,64.49,0,None,135,336
2025-02-21,HOSP_RUH_01,IV_Fluids,26.4,92.99,0,None,159,396
2025-02-22,HOSP_RUH_01,IV_Fluids,25.5,80.05,0,None,152,377
2025-02-23,HOSP_RUH_01,IV_Fluids,19.9,68.32,0,None,134,334
2025-02-24,HOSP_RUH_01,IV_Fluids,23.1,86.19,0,None,142,354
2025-02-25,HOSP_RUH_01,IV_Fluids,29.5,78.31,0,None,143,360
2025-02-26,HOSP_RUH_01,IV_Fluids,21.6,64.44,0,None,152,378
2025-02-27,HOSP_RUH_01,IV_Fluids,31.5,61.64,0,None,140,348
2025-02-28,HOSP_RUH_01,IV_Fluids,24.9,95.36,0,None,164,408
2025-03-01,HOSP_RUH_01,IV_Fluids,20.0,64.51,1,Sandstorm/Dust_Storm,159,396
2025-03-02,HOSP_RUH_01,IV_Fluids,27.2,50.76,0,None,97,239
2025-03-03,HOSP_RUH_01,IV_Fluids,21.9,52.1,0,None,120,300
2025-03-04,HOSP_RUH_01,IV_Fluids,25.8,60.88,0,None,114,285
2025-03-05,HOSP_RUH_01,IV_Fluids,23.0,37.83,0,None,108,268
2025-03-06,HOSP_RUH_01,IV_Fluids,23.8,43.32,0,None,123,306
2025-03-07,HOSP_RUH_01,IV_Fluids,31.1,58.4,0,None,134,334
2025-03-08,HOSP_RUH_01,IV_Fluids,12.0,43.56,0,None,101,253
2025-03-09,HOSP_RUH_01,IV_Fluids,25.0,52.24,0,None,133,330
2025-03-10,HOSP_RUH_01,IV_Fluids,21.9,54.09,1,Sandstorm/Dust_Storm,142,355
2025-03-11,HOSP_RUH_01,IV_Fluids,21.7,54.86,0,None,125,312
2025-03-12,HOSP_RUH_01,IV_Fluids,21.5,37.29,0,None,122,304
2025-03-13,HOSP_RUH_01,IV_Fluids,23.6,58.57,0,None,132,330
2025-03-14,HOSP_RUH_01,IV_Fluids,12.8,44.89,0,None,108,268
2025-03-15,HOSP_RUH_01,IV_Fluids,23.7,49.15,0,None,108,270
2025-03-16,HOSP_RUH_01,IV_Fluids,22.6,67.16,0,None,137,343
2025-03-17,HOSP_RUH_01,IV_Fluids,21.1,53.51,0,None,121,302
2025-03-18,HOSP_RUH_01,IV_Fluids,25.8,42.17,0,None,136,340
2025-03-19,HOSP_RUH_01,IV_Fluids,25.2,46.81,0,None,86,216
2025-03-20,HOSP_RUH_01,IV_Fluids,16.0,57.61,0,None,141,351
2025-03-21,HOSP_RUH_01,IV_Fluids,27.0,60.72,0,None,118,296
2025-03-22,HOSP_RUH_01,IV_Fluids,19.8,41.24,0,None,116,290
2025-03-23,HOSP_RUH_01,IV_Fluids,24.0,46.09,0,None,120,298
2025-03-24,HOSP_RUH_01,IV_Fluids,17.3,45.12,0,None,111,278
2025-03-25,HOSP_RUH_01,IV_Fluids,26.0,51.63,0,None,149,372
2025-03-26,HOSP_RUH_01,IV_Fluids,34.3,43.59,0,None,125,312
2025-03-27,HOSP_RUH_01,IV_Fluids,23.5,39.16,0,None,108,269
2025-03-28,HOSP_RUH_01,IV_Fluids,23.2,39.93,0,None,113,281
2025-03-29,HOSP_RUH_01,IV_Fluids,17.5,32.84,0,None,104,259
2025-03-30,HOSP_RUH_01,IV_Fluids,16.0,50.68,0,None,134,337
2025-03-31,HOSP_RUH_01,IV_Fluids,23.6,52.85,0,None,115,286
2025-04-01,HOSP_RUH_01,IV_Fluids,25.5,48.95,1,Sandstorm/Dust_Storm,152,380
2025-04-02,HOSP_RUH_01,IV_Fluids,25.2,29.81,0,None,131,327
2025-04-03,HOSP_RUH_01,IV_Fluids,30.6,42.27,0,None,98,245
2025-04-04,HOSP_RUH_01,IV_Fluids,21.6,51.29,0,None,124,309
2025-04-05,HOSP_RUH_01,IV_Fluids,22.0,54.5,0,None,112,280
2025-04-06,HOSP_RUH_01,IV_Fluids,21.5,33.76,0,None,114,283
2025-04-07,HOSP_RUH_01,IV_Fluids,22.1,27.92,0,None,121,302
2025-04-08,HOSP_RUH_01,IV_Fluids,21.5,49.44,0,None,113,282
2025-04-09,HOSP_RUH_01,IV_Fluids,28.6,55.79,0,None,105,263
2025-04-10,HOSP_RUH_01,IV_Fluids,24.1,80.9,0,None,115,287
2025-04-11,HOSP_RUH_01,IV_Fluids,19.1,49.82,0,None,92,229
2025-04-12,HOSP_RUH_01,IV_Fluids,24.4,40.97,0,None,126,314
2025-04-13,HOSP_RUH_01,IV_Fluids,26.4,44.81,0,None,97,242
2025-04-14,HOSP_RUH_01,IV_Fluids,22.3,44.13,0,None,121,302
2025-04-15,HOSP_RUH_01,IV_Fluids,22.7,56.26,0,None,101,255
2025-04-16,HOSP_RUH_01,IV_Fluids,23.7,46.09,0,None,128,319
2025-04-17,HOSP_RUH_01,IV_Fluids,17.8,53.08,0,None,93,232
2025-04-18,HOSP_RUH_01,IV_Fluids,17.9,58.49,0,None,118,295
2025-04-19,HOSP_RUH_01,IV_Fluids,30.8,48.93,0,None,116,288
2025-04-20,HOSP_RUH_01,IV_Fluids,22.0,68.51,0,None,116,289
2025-04-21,HOSP_RUH_01,IV_Fluids,22.0,80.98,0,None,124,310
2025-04-22,HOSP_RUH_01,IV_Fluids,14.3,69.13,0,None,92,229
2025-04-23,HOSP_RUH_01,IV_Fluids,22.1,77.03,0,None,123,308
2025-04-24,HOSP_RUH_01,IV_Fluids,24.0,42.19,0,None,90,225
2025-04-25,HOSP_RUH_01,IV_Fluids,23.7,41.85,0,None,142,355
2025-04-26,HOSP_RUH_01,IV_Fluids,21.9,43.51,0,None,112,278
2025-04-27,HOSP_RUH_01,IV_Fluids,23.1,48.91,0,None,98,245
2025-04-28,HOSP_RUH_01,IV_Fluids,25.7,53.14,0,None,122,304
2025-04-29,HOSP_RUH_01,IV_Fluids,28.8,30.95,0,None,127,316
2025-04-30,HOSP_RUH_01,IV_Fluids,30.5,35.43,0,None,128,319
2025-05-01,HOSP_RUH_01,IV_Fluids,19.0,79.27,0,None,109,273
2025-05-02,HOSP_RUH_01,IV_Fluids,29.3,40.93,0,None,93,232
2025-05-03,HOSP_RUH_01,IV_Fluids,20.5,46.99,0,None,105,263
2025-05-04,HOSP_RUH_01,IV_Fluids,22.3,36.25,0,None,112,279
2025-05-05,HOSP_RUH_01,IV_Fluids,21.5,43.47,0,None,103,258
2025-05-06,HOSP_RUH_01,IV_Fluids,30.1,54.88,0,None,110,275
2025-05-07,HOSP_RUH_01,IV_Fluids,28.6,25.96,0,None,131,327
2025-05-08,HOSP_RUH_01,IV_Fluids,21.1,36.09,0,None,92,229
2025-05-09,HOSP_RUH_01,IV_Fluids,25.9,47.72,0,None,133,332
2025-05-10,HOSP_RUH_01,IV_Fluids,29.3,61.9,0,None,120,301
2025-05-11,HOSP_RUH_01,IV_Fluids,12.9,49.3,0,None,96,239
2025-05-12,HOSP_RUH_01,IV_Fluids,18.6,48.16,0,None,140,349
2025-05-13,HOSP_RUH_01,IV_Fluids,22.7,55.06,0,None,118,295
2025-05-14,HOSP_RUH_01,IV_Fluids,18.8,33.48,0,None,127,316
2025-05-15,HOSP_RUH_01,IV_Fluids,23.6,62.52,0,None,121,301
2025-05-16,HOSP_RUH_01,IV_Fluids,25.4,48.84,0,None,128,320
2025-05-17,HOSP_RUH_01,IV_Fluids,24.6,61.81,0,None,128,319
2025-05-18,HOSP_RUH_01,IV_Fluids,20.9,48.42,0,None,140,350
2025-05-19,HOSP_RUH_01,IV_Fluids,16.7,62.27,0,None,145,363
2025-05-20,HOSP_RUH_01,IV_Fluids,22.2,46.5,0,None,120,298
2025-05-21,HOSP_RUH_01,IV_Fluids,26.3,54.93,0,None,106,263
2025-05-22,HOSP_RUH_01,IV_Fluids,21.3,37.63,0,None,121,302
2025-05-23,HOSP_RUH_01,IV_Fluids,26.2,42.83,0,None,123,307
2025-05-24,HOSP_RUH_01,IV_Fluids,19.1,67.34,0,None,110,277
2025-05-25,HOSP_RUH_01,IV_Fluids,17.5,50.35,0,None,127,318
2025-05-26,HOSP_RUH_01,IV_Fluids,24.3,42.3,0,None,131,327
2025-05-27,HOSP_RUH_01,IV_Fluids,14.4,56.86,0,None,123,306
2025-05-28,HOSP_RUH_01,IV_Fluids,23.9,54.53,0,None,108,271
2025-05-29,HOSP_RUH_01,IV_Fluids,24.6,69.91,0,None,121,304
2025-05-30,HOSP_RUH_01,IV_Fluids,26.0,54.99,0,None,108,270
2025-05-31,HOSP_RUH_01,IV_Fluids,23.7,58.64,0,None,107,268
2025-06-01,HOSP_RUH_01,IV_Fluids,42.6,35.02,0,None,108,269
2025-06-02,HOSP_RUH_01,IV_Fluids,41.3,47.86,0,None,97,242
2025-06-03,HOSP_RUH_01,IV_Fluids,37.2,60.99,0,None,125,311
2025-06-04,HOSP_RUH_01,IV_Fluids,38.8,71.79,0,None,130,324
2025-06-05,HOSP_RUH_01,IV_Fluids,44.6,49.25,0,None,116,290
2025-06-06,HOSP_RUH_01,IV_Fluids,32.0,60.72,0,None,119,297
2025-06-07,HOSP_RUH_01,IV_Fluids,30.4,42.97,0,None,126,314
2025-06-08,HOSP_RUH_01,IV_Fluids,38.3,35.73,0,None,111,277
2025-06-09,HOSP_RUH_01,IV_Fluids,40.9,55.89,0,None,131,328
2025-06-10,HOSP_RUH_01,IV_Fluids,36.6,72.02,1,Sandstorm/Dust_Storm,175,438
2025-06-11,HOSP_RUH_01,IV_Fluids,38.0,27.59,0,None,136,341
2025-06-12,HOSP_RUH_01,IV_Fluids,41.4,46.37,0,None,131,327
2025-06-13,HOSP_RUH_01,IV_Fluids,49.1,67.66,0,None,120,300
2025-06-14,HOSP_RUH_01,IV_Fluids,47.6,46.35,0,None,129,323
2025-06-15,HOSP_RUH_01,IV_Fluids,33.6,38.75,0,None,126,313
2025-06-16,HOSP_RUH_01,IV_Fluids,39.8,51.85,0,None,107,268
2025-06-17,HOSP_RUH_01,IV_Fluids,43.1,57.39,0,None,138,345
2025-06-18,HOSP_RUH_01,IV_Fluids,38.5,62.21,1,Sandstorm/Dust_Storm,144,359
2025-06-19,HOSP_RUH_01,IV_Fluids,37.6,42.34,0,None,123,307
2025-06-20,HOSP_RUH_01,IV_Fluids,38.4,57.45,1,Sandstorm/Dust_Storm,164,410
2025-06-21,HOSP_RUH_01,IV_Fluids,37.5,57.03,0,None,106,265
2025-06-22,HOSP_RUH_01,IV_Fluids,35.1,52.33,0,None,127,316
2025-06-23,HOSP_RUH_01,IV_Fluids,35.1,51.8,0,None,109,273
2025-06-24,HOSP_RUH_01,IV_Fluids,34.6,73.38,0,None,109,273
2025-06-25,HOSP_RUH_01,IV_Fluids,39.8,40.46,0,None,117,291
2025-06-26,HOSP_RUH_01,IV_Fluids,34.7,58.22,0,None,125,311
2025-06-27,HOSP_RUH_01,IV_Fluids,34.9,47.97,0,None,134,336
2025-06-28,HOSP_RUH_01,IV_Fluids,32.2,41.84,0,None,120,301
2025-06-29,HOSP_RUH_01,IV_Fluids,41.3,39.96,0,None,133,332
2025-06-30,HOSP_RUH_01,IV_Fluids,41.8,50.44,0,None,94,234
2025-07-01,HOSP_RUH_01,IV_Fluids,46.8,63.28,0,None,142,354
2025-07-02,HOSP_RUH_01,IV_Fluids,34.5,42.27,1,Sandstorm/Dust_Storm,151,377
2025-07-03,HOSP_RUH_01,IV_Fluids,35.7,53.16,0,None,118,294
2025-07-04,HOSP_RUH_01,IV_Fluids,31.7,50.92,0,None,96,240
2025-07-05,HOSP_RUH_01,IV_Fluids,30.9,36.85,0,None,133,332
2025-07-06,HOSP_RUH_01,IV_Fluids,39.8,48.38,0,None,103,257
2025-07-07,HOSP_RUH_01,IV_Fluids,34.2,72.38,0,None,131,327
2025-07-08,HOSP_RUH_01,IV_Fluids,45.8,32.71,0,None,135,337
2025-07-09,HOSP_RUH_01,IV_Fluids,39.5,61.23,0,None,132,329
2025-07-10,HOSP_RUH_01,IV_Fluids,41.8,43.26,0,None,98,243
2025-07-11,HOSP_RUH_01,IV_Fluids,36.5,44.9,0,None,113,281
2025-07-12,HOSP_RUH_01,IV_Fluids,45.5,72.92,0,None,138,343
2025-07-13,HOSP_RUH_01,IV_Fluids,30.6,71.6,0,None,114,283
2025-07-14,HOSP_RUH_01,IV_Fluids,31.4,41.06,0,None,137,342
2025-07-15,HOSP_RUH_01,IV_Fluids,26.5,45.37,0,None,118,296
2025-07-16,HOSP_RUH_01,IV_Fluids,36.7,55.21,0,None,111,276
2025-07-17,HOSP_RUH_01,IV_Fluids,43.1,45.44,0,None,117,293
2025-07-18,HOSP_RUH_01,IV_Fluids,38.2,43.69,1,Sandstorm/Dust_Storm,169,421
2025-07-19,HOSP_RUH_01,IV_Fluids,33.7,67.67,0,None,112,280
2025-07-20,HOSP_RUH_01,IV_Fluids,40.6,55.37,0,None,105,261
2025-07-21,HOSP_RUH_01,IV_Fluids,33.8,50.27,0,None,115,285
2025-07-22,HOSP_RUH_01,IV_Fluids,32.6,63.9,0,None,115,286
2025-07-23,HOSP_RUH_01,IV_Fluids,34.0,53.44,0,None,118,295
2025-07-24,HOSP_RUH_01,IV_Fluids,38.6,44.0,0,None,144,360
2025-07-25,HOSP_RUH_01,IV_Fluids,39.1,47.21,1,Sandstorm/Dust_Storm,155,388
2025-07-26,HOSP_RUH_01,IV_Fluids,33.7,49.08,0,None,119,297
2025-07-27,HOSP_RUH_01,IV_Fluids,39.7,39.6,0,None,105,262
2025-07-28,HOSP_RUH_01,IV_Fluids,38.7,51.13,0,None,108,270
2025-07-29,HOSP_RUH_01,IV_Fluids,33.9,56.65,0,None,137,342
2025-07-30,HOSP_RUH_01,IV_Fluids,43.9,47.59,0,None,125,313
2025-07-31,HOSP_RUH_01,IV_Fluids,34.4,42.46,0,None,115,287
2025-08-01,HOSP_RUH_01,IV_Fluids,32.2,47.78,0,None,123,307
2025-08-02,HOSP_RUH_01,IV_Fluids,39.1,43.84,0,None,96,241
2025-08-03,HOSP_RUH_01,IV_Fluids,41.4,41.89,0,None,144,359
2025-08-04,HOSP_RUH_01,IV_Fluids,33.7,56.91,0,None,147,367
2025-08-05,HOSP_RUH_01,IV_Fluids,37.6,59.57,0,None,124,310
2025-08-06,HOSP_RUH_01,IV_Fluids,36.1,35.74,0,None,113,283
2025-08-07,HOSP_RUH_01,IV_Fluids,38.4,63.92,0,None,104,260
2025-08-08,HOSP_RUH_01,IV_Fluids,37.1,51.78,0,None,128,319
2025-08-09,HOSP_RUH_01,IV_Fluids,37.8,51.39,0,None,114,286
2025-08-10,HOSP_RUH_01,IV_Fluids,35.7,53.0,1,Sandstorm/Dust_Storm,158,394
2025-08-11,HOSP_RUH_01,IV_Fluids,38.3,50.32,0,None,100,249
2025-08-12,HOSP_RUH_01,IV_Fluids,31.7,48.85,0,None,103,258
2025-08-13,HOSP_RUH_01,IV_Fluids,37.1,29.23,0,None,99,249
2025-08-14,HOSP_RUH_01,IV_Fluids,35.7,65.74,0,None,113,283
2025-08-15,HOSP_RUH_01,IV_Fluids,45.1,63.9,0,None,96,239
2025-08-16,HOSP_RUH_01,IV_Fluids,36.2,46.32,0,None,133,333
2025-08-17,HOSP_RUH_01,IV_Fluids,42.4,48.28,0,None,120,300
2025-08-18,HOSP_RUH_01,IV_Fluids,32.7,47.44,0,None,113,282
2025-08-19,HOSP_RUH_01,IV_Fluids,43.1,54.39,0,None,140,350
2025-08-20,HOSP_RUH_01,IV_Fluids,44.3,49.98,0,None,100,249
2025-08-21,HOSP_RUH_01,IV_Fluids,41.2,40.97,0,None,97,242
2025-08-22,HOSP_RUH_01,IV_Fluids,39.2,41.21,0,None,115,288
2025-08-23,HOSP_RUH_01,IV_Fluids,43.3,55.21,0,None,137,341
2025-08-24,HOSP_RUH_01,IV_Fluids,35.4,48.48,0,None,98,245
2025-08-25,HOSP_RUH_01,IV_Fluids,35.3,53.65,0,None,125,312
2025-08-26,HOSP_RUH_01,IV_Fluids,40.2,47.67,0,None,135,337
2025-08-27,HOSP_RUH_01,IV_Fluids,40.0,44.49,0,None,102,253
2025-08-28,HOSP_RUH_01,IV_Fluids,33.9,47.84,0,None,102,253
2025-08-29,HOSP_RUH_01,IV_Fluids,36.7,51.35,0,None,126,314
2025-08-30,HOSP_RUH_01,IV_Fluids,43.7,49.36,0,None,103,258
2025-08-31,HOSP_RUH_01,IV_Fluids,34.4,57.84,1,Sandstorm/Dust_Storm,154,384
2025-09-01,HOSP_RUH_01,IV_Fluids,25.9,50.34,0,None,116,291
2025-09-02,HOSP_RUH_01,IV_Fluids,20.5,39.02,0,None,133,331
2025-09-03,HOSP_RUH_01,IV_Fluids,16.3,56.17,0,None,115,286
2025-09-04,HOSP_RUH_01,IV_Fluids,25.4,48.32,0,None,113,282
2025-09-05,HOSP_RUH_01,IV_Fluids,21.6,48.47,0,None,126,314
2025-09-06,HOSP_RUH_01,IV_Fluids,21.7,50.38,0,None,154,385
2025-09-07,HOSP_RUH_01,IV_Fluids,18.9,38.64,0,None,117,292
2025-09-08,HOSP_RUH_01,IV_Fluids,14.9,56.93,0,None,122,304
2025-09-09,HOSP_RUH_01,IV_Fluids,23.5,35.67,0,None,124,311
2025-09-10,HOSP_RUH_01,IV_Fluids,19.4,51.08,0,None,126,316
2025-09-11,HOSP_RUH_01,IV_Fluids,19.9,54.73,0,None,119,297
2025-09-12,HOSP_RUH_01,IV_Fluids,18.2,62.27,0,None,129,322
2025-09-13,HOSP_RUH_01,IV_Fluids,30.1,37.31,0,None,135,338
2025-09-14,HOSP_RUH_01,IV_Fluids,28.7,37.77,0,None,107,268
2025-09-15,HOSP_RUH_01,IV_Fluids,33.2,55.9,0,None,87,217
2025-09-16,HOSP_RUH_01,IV_Fluids,22.7,46.52,0,None,130,323
2025-09-17,HOSP_RUH_01,IV_Fluids,27.7,48.03,1,Sandstorm/Dust_Storm,160,399
2025-09-18,HOSP_RUH_01,IV_Fluids,24.8,55.79,0,None,117,292
2025-09-19,HOSP_RUH_01,IV_Fluids,25.2,54.84,0,None,108,270
2025-09-20,HOSP_RUH_01,IV_Fluids,18.9,44.83,0,None,80,201
2025-09-21,HOSP_RUH_01,IV_Fluids,29.3,34.46,0,None,124,310
2025-09-22,HOSP_RUH_01,IV_Fluids,27.6,49.84,0,None,108,270
2025-09-23,HOSP_RUH_01,IV_Fluids,22.6,42.85,0,None,118,296
2025-09-24,HOSP_RUH_01,IV_Fluids,28.6,56.85,0,None,137,342
2025-09-25,HOSP_RUH_01,IV_Fluids,22.8,56.96,0,None,137,342
2025-09-26,HOSP_RUH_01,IV_Fluids,28.2,52.18,0,None,126,315
2025-09-27,HOSP_RUH_01,IV_Fluids,25.4,57.29,1,Sandstorm/Dust_Storm,185,462
2025-09-28,HOSP_RUH_01,IV_Fluids,27.6,51.59,0,None,106,264
2025-09-29,HOSP_RUH_01,IV_Fluids,23.2,43.48,0,None,116,290
2025-09-30,HOSP_RUH_01,IV_Fluids,16.8,47.3,0,None,116,291
2025-10-01,HOSP_RUH_01,IV_Fluids,28.1,55.17,0,None,117,291
2025-10-02,HOSP_RUH_01,IV_Fluids,20.5,64.7,0,None,106,264
2025-10-03,HOSP_RUH_01,IV_Fluids,17.2,54.01,0,None,104,260
2025-10-04,HOSP_RUH_01,IV_Fluids,24.7,59.13,0,None,125,312
2025-10-05,HOSP_RUH_01,IV_Fluids,16.2,59.69,0,None,110,275
2025-10-06,HOSP_RUH_01,IV_Fluids,26.9,56.82,0,None,133,332
2025-10-07,HOSP_RUH_01,IV_Fluids,25.4,49.99,0,None,133,334
2025-10-08,HOSP_RUH_01,IV_Fluids,22.1,35.61,1,Sandstorm/Dust_Storm,160,398
2025-10-09,HOSP_RUH_01,IV_Fluids,14.5,40.86,0,None,112,278
2025-10-10,HOSP_RUH_01,IV_Fluids,28.8,53.74,0,None,122,303
2025-10-11,HOSP_RUH_01,IV_Fluids,20.0,41.76,1,Sandstorm/Dust_Storm,155,386
2025-10-12,HOSP_RUH_01,IV_Fluids,21.4,42.4,0,None,111,277
2025-10-13,HOSP_RUH_01,IV_Fluids,16.6,46.86,1,Sandstorm/Dust_Storm,146,366
2025-10-14,HOSP_RUH_01,IV_Fluids,20.3,41.47,0,None,105,262
2025-10-15,HOSP_RUH_01,IV_Fluids,30.2,56.23,0,None,123,307
2025-10-16,HOSP_RUH_01,IV_Fluids,24.4,42.51,0,None,127,317
2025-10-17,HOSP_RUH_01,IV_Fluids,19.2,53.77,0,None,118,295
2025-10-18,HOSP_RUH_01,IV_Fluids,20.5,58.33,0,None,115,286
2025-10-19,HOSP_RUH_01,IV_Fluids,23.7,31.26,1,Sandstorm/Dust_Storm,151,376
2025-10-20,HOSP_RUH_01,IV_Fluids,22.1,37.46,0,None,114,285
2025-10-21,HOSP_RUH_01,IV_Fluids,28.1,63.15,0,None,131,328
2025-10-22,HOSP_RUH_01,IV_Fluids,19.4,50.3,0,None,125,312
2025-10-23,HOSP_RUH_01,IV_Fluids,18.6,49.05,0,None,120,300
2025-10-24,HOSP_RUH_01,IV_Fluids,19.3,44.84,0,None,106,264
2025-10-25,HOSP_RUH_01,IV_Fluids,23.7,57.75,0,None,126,314
2025-10-26,HOSP_RUH_01,IV_Fluids,27.5,59.97,0,None,119,298
2025-10-27,HOSP_RUH_01,IV_Fluids,27.7,48.37,0,None,117,291
2025-10-28,HOSP_RUH_01,IV_Fluids,23.1,45.87,0,None,128,321
2025-10-29,HOSP_RUH_01,IV_Fluids,24.0,57.3,1,Sandstorm/Dust_Storm,177,442
2025-10-30,HOSP_RUH_01,IV_Fluids,24.8,30.37,0,None,119,298
2025-10-31,HOSP_RUH_01,IV_Fluids,26.9,52.23,0,None,126,316
2025-11-01,HOSP_RUH_01,IV_Fluids,13.0,78.33,0,None,128,318
2025-11-02,HOSP_RUH_01,IV_Fluids,20.2,77.54,0,None,165,411
2025-11-03,HOSP_RUH_01,IV_Fluids,20.3,76.47,0,None,140,350
2025-11-04,HOSP_RUH_01,IV_Fluids,26.0,77.91,0,None,180,449
2025-11-05,HOSP_RUH_01,IV_Fluids,21.4,57.89,0,None,126,314
2025-11-06,HOSP_RUH_01,IV_Fluids,21.3,81.6,0,None,133,333
2025-11-07,HOSP_RUH_01,IV_Fluids,22.3,69.94,0,None,149,372
2025-11-08,HOSP_RUH_01,IV_Fluids,17.0,73.03,0,None,149,373
2025-11-09,HOSP_RUH_01,IV_Fluids,23.6,95.64,0,None,144,360
2025-11-10,HOSP_RUH_01,IV_Fluids,24.6,77.4,0,None,119,298
2025-11-11,HOSP_RUH_01,IV_Fluids,24.1,96.36,0,None,153,383
2025-11-12,HOSP_RUH_01,IV_Fluids,18.2,73.33,0,None,131,328
2025-11-13,HOSP_RUH_01,IV_Fluids,24.3,83.72,0,None,142,354
2025-11-14,HOSP_RUH_01,IV_Fluids,17.7,75.11,0,None,145,362
2025-11-15,HOSP_RUH_01,IV_Fluids,21.3,81.84,0,None,158,396
2025-11-16,HOSP_RUH_01,IV_Fluids,20.2,58.79,0,None,142,356
2025-11-17,HOSP_RUH_01,IV_Fluids,29.3,90.39,0,None,125,312
2025-11-18,HOSP_RUH_01,IV_Fluids,16.2,77.63,0,None,134,334
2025-11-19,HOSP_RUH_01,IV_Fluids,25.8,65.9,0,None,127,317
2025-11-20,HOSP_RUH_01,IV_Fluids,27.8,56.8,0,None,127,317
2025-11-21,HOSP_RUH_01,IV_Fluids,17.1,55.35,1,Sandstorm/Dust_Storm,220,549
2025-11-22,HOSP_RUH_01,IV_Fluids,25.0,92.66,0,None,153,382
2025-11-23,HOSP_RUH_01,IV_Fluids,23.0,60.04,0,None,134,334
2025-11-24,HOSP_RUH_01,IV_Fluids,30.3,77.93,0,None,149,371
2025-11-25,HOSP_RUH_01,IV_Fluids,15.9,84.28,0,None,144,359
2025-11-26,HOSP_RUH_01,IV_Fluids,17.8,72.0,0,None,174,435
2025-11-27,HOSP_RUH_01,IV_Fluids,24.9,75.92,0,None,153,382
2025-11-28,HOSP_RUH_01,IV_Fluids,26.8,69.86,0,None,145,360
2025-11-29,HOSP_RUH_01,IV_Fluids,29.8,75.22,0,None,155,388
2025-11-30,HOSP_RUH_01,IV_Fluids,18.0,84.74,0,None,168,420
2025-12-01,HOSP_RUH_01,IV_Fluids,27.1,74.88,0,None,135,338
2025-12-02,HOSP_RUH_01,IV_Fluids,21.8,84.91,0,None,128,319
2025-12-03,HOSP_RUH_01,IV_Fluids,19.4,61.53,0,None,134,335
2025-12-04,HOSP_RUH_01,IV_Fluids,19.5,53.02,0,None,136,339
2025-12-05,HOSP_RUH_01,IV_Fluids,19.7,76.8,0,None,125,310
2025-12-06,HOSP_RUH_01,IV_Fluids,20.3,75.25,0,None,130,325
2025-12-07,HOSP_RUH_01,IV_Fluids,20.8,67.92,0,None,140,350
2025-12-08,HOSP_RUH_01,IV_Fluids,20.4,64.22,0,None,156,390
2025-12-09,HOSP_RUH_01,IV_Fluids,21.1,79.22,0,None,141,351
2025-12-10,HOSP_RUH_01,IV_Fluids,20.2,69.72,0,None,119,298
2025-12-11,HOSP_RUH_01,IV_Fluids,27.7,68.13,0,None,139,348
2025-12-12,HOSP_RUH_01,IV_Fluids,30.6,82.97,0,None,166,415
2025-12-13,HOSP_RUH_01,IV_Fluids,20.5,77.57,0,None,139,349
2025-12-14,HOSP_RUH_01,IV_Fluids,21.9,64.66,0,None,144,359
2025-12-15,HOSP_RUH_01,IV_Fluids,26.4,67.18,0,None,141,353
2025-12-16,HOSP_RUH_01,IV_Fluids,21.7,72.5,0,None,139,348
2025-12-17,HOSP_RUH_01,IV_Fluids,26.8,88.0,0,None,157,390
2025-12-18,HOSP_RUH_01,IV_Fluids,22.0,68.62,0,None,140,350
2025-12-19,HOSP_RUH_01,IV_Fluids,27.7,61.68,0,None,135,336
2025-12-20,HOSP_RUH_01,IV_Fluids,20.4,90.98,0,None,177,442
2025-12-21,HOSP_RUH_01,IV_Fluids,23.9,86.17,0,None,147,367
2025-12-22,HOSP_RUH_01,IV_Fluids,30.8,67.46,1,Sandstorm/Dust_Storm,184,460
2025-12-23,HOSP_RUH_01,IV_Fluids,22.8,64.34,0,None,146,364
2025-12-24,HOSP_RUH_01,IV_Fluids,32.5,76.12,0,None,148,371
2025-12-25,HOSP_RUH_01,IV_Fluids,15.2,90.6,0,None,152,379
2025-12-26,HOSP_RUH_01,IV_Fluids,19.7,78.91,1,Sandstorm/Dust_Storm,181,451
2025-12-27,HOSP_RUH_01,IV_Fluids,20.8,62.46,0,None,139,347
2025-12-28,HOSP_RUH_01,IV_Fluids,20.7,84.95,0,None,156,391
2025-12-29,HOSP_RUH_01,IV_Fluids,21.8,68.69,0,None,141,352
2025-12-30,HOSP_RUH_01,IV_Fluids,19.6,70.85,0,None,153,382
2025-12-31,HOSP_RUH_01,IV_Fluids,26.1,82.07,0,None,162,406
2026-01-01,HOSP_RUH_01,IV_Fluids,31.3,83.7,0,None,155,388
2024-01-01,HOSP_RUH_01,Antibiotics,24.6,71.91,0,None,171,315
2024-01-02,HOSP_RUH_01,Antibiotics,28.0,72.86,0,None,138,258
2024-01-03,HOSP_RUH_01,Antibiotics,24.6,86.37,0,None,164,306
2024-01-04,HOSP_RUH_01,Antibiotics,24.0,74.44,0,None,151,280
2024-01-05,HOSP_RUH_01,Antibiotics,27.9,91.05,0,None,142,266
2024-01-06,HOSP_RUH_01,Antibiotics,15.3,71.11,0,None,154,286
2024-01-07,HOSP_RUH_01,Antibiotics,16.9,79.61,0,None,122,230
2024-01-08,HOSP_RUH_01,Antibiotics,17.5,86.18,0,None,157,293
2024-01-09,HOSP_RUH_01,Antibiotics,16.1,76.43,0,None,145,270
2024-01-10,HOSP_RUH_01,Antibiotics,29.9,84.84,0,None,136,255
2024-01-11,HOSP_RUH_01,Antibiotics,19.2,77.36,0,None,143,266
2024-01-12,HOSP_RUH_01,Antibiotics,25.4,55.71,0,None,128,241
2024-01-13,HOSP_RUH_01,Antibiotics,28.0,82.32,0,None,141,263
2024-01-14,HOSP_RUH_01,Antibiotics,28.9,65.66,0,None,149,279
2024-01-15,HOSP_RUH_01,Antibiotics,20.4,67.21,0,None,122,229
2024-01-16,HOSP_RUH_01,Antibiotics,23.2,62.35,0,None,145,271
2024-01-17,HOSP_RUH_01,Antibiotics,29.7,70.23,0,None,129,241
2024-01-18,HOSP_RUH_01,Antibiotics,33.9,74.35,0,None,134,249
2024-01-19,HOSP_RUH_01,Antibiotics,22.5,72.8,0,None,129,243
2024-01-20,HOSP_RUH_01,Antibiotics,27.3,74.56,0,None,116,219
2024-01-21,HOSP_RUH_01,Antibiotics,23.7,65.21,0,None,122,228
2024-01-22,HOSP_RUH_01,Antibiotics,28.6,65.96,0,None,166,308
2024-01-23,HOSP_RUH_01,Antibiotics,25.7,66.6,0,None,141,262
2024-01-24,HOSP_RUH_01,Antibiotics,21.5,74.16,0,None,145,271
2024-01-25,HOSP_RUH_01,Antibiotics,28.2,76.93,1,Sandstorm/Dust_Storm,193,355
2024-01-26,HOSP_RUH_01,Antibiotics,20.2,67.85,0,None,138,259
2024-01-27,HOSP_RUH_01,Antibiotics,24.6,42.79,0,None,138,258
2024-01-28,HOSP_RUH_01,Antibiotics,29.1,70.31,0,None,161,299
2024-01-29,HOSP_RUH_01,Antibiotics,26.0,81.87,0,None,137,255
2024-01-30,HOSP_RUH_01,Antibiotics,21.5,54.65,0,None,134,250
2024-01-31,HOSP_RUH_01,Antibiotics,22.8,77.72,0,None,130,246
2024-02-01,HOSP_RUH_01,Antibiotics,19.9,74.78,0,None,158,294
2024-02-02,HOSP_RUH_01,Antibiotics,22.0,70.16,0,None,159,294
2024-02-03,HOSP_RUH_01,Antibiotics,27.2,68.62,0,None,140,261
2024-02-04,HOSP_RUH_01,Antibiotics,21.6,78.14,0,None,147,274
2024-02-05,HOSP_RUH_01,Antibiotics,30.0,100.07,0,None,141,261
2024-02-06,HOSP_RUH_01,Antibiotics,23.1,76.58,0,None,170,315
2024-02-07,HOSP_RUH_01,Antibiotics,26.5,72.66,0,None,166,307
2024-02-08,HOSP_RUH_01,Antibiotics,23.3,76.4,0,None,146,274
2024-02-09,HOSP_RUH_01,Antibiotics,20.1,83.77,0,None,129,243
2024-02-10,HOSP_RUH_01,Antibiotics,21.5,98.67,0,None,165,307
2024-02-11,HOSP_RUH_01,Antibiotics,18.7,57.3,0,None,158,292
2024-02-12,HOSP_RUH_01,Antibiotics,35.5,72.96,0,None,129,242
2024-02-13,HOSP_RUH_01,Antibiotics,27.3,91.39,0,None,147,275
2024-02-14,HOSP_RUH_01,Antibiotics,28.1,68.72,0,None,148,276
2024-02-15,HOSP_RUH_01,Antibiotics,19.9,69.59,0,None,153,285
2024-02-16,HOSP_RUH_01,Antibiotics,20.4,66.46,0,None,148,277
2024-02-17,HOSP_RUH_01,Antibiotics,22.7,74.89,0,None,149,277
2024-02-18,HOSP_RUH_01,Antibiotics,26.9,85.57,0,None,150,280
2024-02-19,HOSP_RUH_01,Antibiotics,21.3,77.45,0,None,153,287
2024-02-20,HOSP_RUH_01,Antibiotics,25.6,74.17,0,None,154,287
2024-02-21,HOSP_RUH_01,Antibiotics,19.7,75.02,0,None,149,279
2024-02-22,HOSP_RUH_01,Antibiotics,20.4,73.53,1,Sandstorm/Dust_Storm,190,350
2024-02-23,HOSP_RUH_01,Antibiotics,32.7,83.73,0,None,155,288
2024-02-24,HOSP_RUH_01,Antibiotics,20.2,89.36,0,None,165,306
2024-02-25,HOSP_RUH_01,Antibiotics,22.9,74.19,0,None,168,312
2024-02-26,HOSP_RUH_01,Antibiotics,18.8,87.5,0,None,144,271
2024-02-27,HOSP_RUH_01,Antibiotics,26.5,74.78,0,None,137,255
2024-02-28,HOSP_RUH_01,Antibiotics,21.3,76.22,0,None,157,291
2024-02-29,HOSP_RUH_01,Antibiotics,19.9,63.53,0,None,139,260
2024-03-01,HOSP_RUH_01,Antibiotics,10.8,54.56,0,None,133,249
2024-03-02,HOSP_RUH_01,Antibiotics,22.6,49.58,0,None,114,214
2024-03-03,HOSP_RUH_01,Antibiotics,15.2,52.24,0,None,137,255
2024-03-04,HOSP_RUH_01,Antibiotics,19.1,37.48,0,None,127,238
2024-03-05,HOSP_RUH_01,Antibiotics,24.0,45.45,0,None,128,241
2024-03-06,HOSP_RUH_01,Antibiotics,27.9,46.36,0,None,155,289
2024-03-07,HOSP_RUH_01,Antibiotics,28.6,73.69,0,None,116,218
2024-03-08,HOSP_RUH_01,Antibiotics,22.9,62.11,0,None,112,212
2024-03-09,HOSP_RUH_01,Antibiotics,19.4,58.52,0,None,104,196
2024-03-10,HOSP_RUH_01,Antibiotics,19.2,63.24,0,None,109,206
2024-03-11,HOSP_RUH_01,Antibiotics,27.7,44.97,0,None,109,206
2024-03-12,HOSP_RUH_01,Antibiotics,26.6,52.7,0,None,110,208
2024-03-13,HOSP_RUH_01,Antibiotics,20.8,60.6,0,None,115,218
2024-03-14,HOSP_RUH_01,Antibiotics,29.0,42.14,0,None,122,229
2024-03-15,HOSP_RUH_01,Antibiotics,15.4,46.07,0,None,134,251
2024-03-16,HOSP_RUH_01,Antibiotics,26.6,53.74,0,None,116,218
2024-03-17,HOSP_RUH_01,Antibiotics,24.3,47.51,0,None,126,237
2024-03-18,HOSP_RUH_01,Antibiotics,22.2,52.14,0,None,135,253
2024-03-19,HOSP_RUH_01,Antibiotics,21.6,36.92,0,None,159,296
2024-03-20,HOSP_RUH_01,Antibiotics,25.4,55.68,0,None,112,212
2024-03-21,HOSP_RUH_01,Antibiotics,22.3,48.9,0,None,131,245
2024-03-22,HOSP_RUH_01,Antibiotics,16.1,56.72,0,None,132,247
2024-03-23,HOSP_RUH_01,Antibiotics,24.6,47.73,0,None,127,238
2024-03-24,HOSP_RUH_01,Antibiotics,28.7,42.29,1,Sandstorm/Dust_Storm,159,296
2024-03-25,HOSP_RUH_01,Antibiotics,23.0,45.72,0,None,126,235
2024-03-26,HOSP_RUH_01,Antibiotics,20.9,41.35,0,None,122,228
2024-03-27,HOSP_RUH_01,Antibiotics,17.3,50.4,0,None,133,250
2024-03-28,HOSP_RUH_01,Antibiotics,19.0,49.18,0,None,101,192
2024-03-29,HOSP_RUH_01,Antibiotics,34.2,67.65,0,None,146,274
2024-03-30,HOSP_RUH_01,Antibiotics,22.5,55.66,0,None,129,241
2024-03-31,HOSP_RUH_01,Antibiotics,22.0,62.37,0,None,127,237
2024-04-01,HOSP_RUH_01,Antibiotics,18.8,39.78,0,None,109,207
2024-04-02,HOSP_RUH_01,Antibiotics,17.6,43.83,0,None,108,205
2024-04-03,HOSP_RUH_01,Antibiotics,15.4,44.61,0,None,116,218
2024-04-04,HOSP_RUH_01,Antibiotics,25.5,45.79,0,None,124,234
2024-04-05,HOSP_RUH_01,Antibiotics,18.6,62.89,1,Sandstorm/Dust_Storm,158,296
2024-04-06,HOSP_RUH_01,Antibiotics,23.8,27.54,0,None,128,240
2024-04-07,HOSP_RUH_01,Antibiotics,25.5,46.4,0,None,115,216
2024-04-08,HOSP_RUH_01,Antibiotics,24.8,62.29,0,None,120,223
2024-04-09,HOSP_RUH_01,Antibiotics,21.5,48.76,0,None,113,215
2024-04-10,HOSP_RUH_01,Antibiotics,22.3,22.26,0,None,121,226
2024-04-11,HOSP_RUH_01,Antibiotics,29.6,53.98,0,None,111,207
2024-04-12,HOSP_RUH_01,Antibiotics,19.9,52.05,0,None,121,226
2024-04-13,HOSP_RUH_01,Antibiotics,23.2,41.98,0,None,105,199
2024-04-14,HOSP_RUH_01,Antibiotics,22.0,67.83,0,None,100,189
2024-04-15,HOSP_RUH_01,Antibiotics,23.6,56.11,0,None,119,223
2024-04-16,HOSP_RUH_01,Antibiotics,21.4,60.16,0,None,144,268
2024-04-17,HOSP_RUH_01,Antibiotics,24.5,37.5,0,None,114,213
2024-04-18,HOSP_RUH_01,Antibiotics,21.8,42.64,0,None,119,223
2024-04-19,HOSP_RUH_01,Antibiotics,28.3,63.9,0,None,120,225
2024-04-20,HOSP_RUH_01,Antibiotics,29.7,57.4,0,None,122,229
2024-04-21,HOSP_RUH_01,Antibiotics,25.5,27.37,0,None,130,244
2024-04-22,HOSP_RUH_01,Antibiotics,22.9,63.14,0,None,118,221
2024-04-23,HOSP_RUH_01,Antibiotics,19.3,62.5,0,None,124,231
2024-04-24,HOSP_RUH_01,Antibiotics,18.1,46.42,0,None,120,227
2024-04-25,HOSP_RUH_01,Antibiotics,20.6,53.79,0,None,111,208
2024-04-26,HOSP_RUH_01,Antibiotics,22.9,28.47,0,None,116,218
2024-04-27,HOSP_RUH_01,Antibiotics,25.0,43.89,1,Sandstorm/Dust_Storm,174,323
2024-04-28,HOSP_RUH_01,Antibiotics,28.5,49.72,0,None,130,245
2024-04-29,HOSP_RUH_01,Antibiotics,22.1,53.71,0,None,124,233
2024-04-30,HOSP_RUH_01,Antibiotics,25.4,41.54,0,None,117,220
2024-05-01,HOSP_RUH_01,Antibiotics,28.7,43.26,0,None,131,246
2024-05-02,HOSP_RUH_01,Antibiotics,21.0,48.71,0,None,112,212
2024-05-03,HOSP_RUH_01,Antibiotics,26.8,37.56,0,None,115,217
2024-05-04,HOSP_RUH_01,Antibiotics,8.2,52.35,0,None,116,217
2024-05-05,HOSP_RUH_01,Antibiotics,25.7,60.97,0,None,104,197
2024-05-06,HOSP_RUH_01,Antibiotics,21.0,41.98,0,None,121,226
2024-05-07,HOSP_RUH_01,Antibiotics,23.4,56.47,0,None,133,249
2024-05-08,HOSP_RUH_01,Antibiotics,24.6,33.94,0,None,128,239
2024-05-09,HOSP_RUH_01,Antibiotics,28.9,47.67,0,None,106,200
2024-05-10,HOSP_RUH_01,Antibiotics,15.7,64.36,0,None,120,225
2024-05-11,HOSP_RUH_01,Antibiotics,14.7,51.0,1,Sandstorm/Dust_Storm,171,317
2024-05-12,HOSP_RUH_01,Antibiotics,31.2,31.27,0,None,109,204
2024-05-13,HOSP_RUH_01,Antibiotics,18.3,29.47,0,None,138,256
2024-05-14,HOSP_RUH_01,Antibiotics,19.6,57.6,0,None,126,237
2024-05-15,HOSP_RUH_01,Antibiotics,19.3,56.99,0,None,107,202
2024-05-16,HOSP_RUH_01,Antibiotics,22.8,49.96,0,None,104,197
2024-05-17,HOSP_RUH_01,Antibiotics,25.5,45.78,0,None,117,217
2024-05-18,HOSP_RUH_01,Antibiotics,19.5,42.99,0,None,131,246
2024-05-19,HOSP_RUH_01,Antibiotics,21.7,67.98,0,None,114,215
2024-05-20,HOSP_RUH_01,Antibiotics,22.2,47.66,0,None,117,222
2024-05-21,HOSP_RUH_01,Antibiotics,26.2,57.04,0,None,132,246
2024-05-22,HOSP_RUH_01,Antibiotics,26.4,54.45,0,None,132,248
2024-05-23,HOSP_RUH_01,Antibiotics,25.2,48.05,0,None,138,258
2024-05-24,HOSP_RUH_01,Antibiotics,19.5,42.73,0,None,129,242
2024-05-25,HOSP_RUH_01,Antibiotics,18.1,55.77,0,None,111,211
2024-05-26,HOSP_RUH_01,Antibiotics,18.1,47.0,0,None,146,270
2024-05-27,HOSP_RUH_01,Antibiotics,28.3,34.54,0,None,124,233
2024-05-28,HOSP_RUH_01,Antibiotics,24.0,65.43,0,None,120,224
2024-05-29,HOSP_RUH_01,Antibiotics,23.0,46.55,0,None,152,284
2024-05-30,HOSP_RUH_01,Antibiotics,25.5,52.1,0,None,115,216
2024-05-31,HOSP_RUH_01,Antibiotics,30.5,56.42,0,None,128,241
2024-06-01,HOSP_RUH_01,Antibiotics,39.3,50.22,0,None,113,214
2024-06-02,HOSP_RUH_01,Antibiotics,44.5,57.97,0,None,103,194
2024-06-03,HOSP_RUH_01,Antibiotics,40.9,63.14,0,None,119,222
2024-06-04,HOSP_RUH_01,Antibiotics,43.8,48.78,0,None,128,241
2024-06-05,HOSP_RUH_01,Antibiotics,37.2,58.91,0,None,129,241
2024-06-06,HOSP_RUH_01,Antibiotics,39.2,53.43,0,None,132,246
2024-06-07,HOSP_RUH_01,Antibiotics,34.2,47.72,0,None,134,249
2024-06-08,HOSP_RUH_01,Antibiotics,38.2,72.18,0,None,121,227
2024-06-09,HOSP_RUH_01,Antibiotics,42.5,49.42,0,None,97,185
2024-06-10,HOSP_RUH_01,Antibiotics,37.2,51.94,0,None,103,195
2024-06-11,HOSP_RUH_01,Antibiotics,30.7,51.44,0,None,125,233
2024-06-12,HOSP_RUH_01,Antibiotics,34.7,64.2,0,None,139,258
2024-06-13,HOSP_RUH_01,Antibiotics,37.3,55.77,0,None,128,240
2024-06-14,HOSP_RUH_01,Antibiotics,40.0,44.77,0,None,114,215
2024-06-15,HOSP_RUH_01,Antibiotics,41.4,55.99,0,None,123,230
2024-06-16,HOSP_RUH_01,Antibiotics,40.0,59.35,1,Heatwave,159,296
2024-06-17,HOSP_RUH_01,Antibiotics,33.4,51.91,0,None,133,249
2024-06-18,HOSP_RUH_01,Antibiotics,46.8,40.0,0,None,116,218
2024-06-19,HOSP_RUH_01,Antibiotics,36.2,49.37,0,None,123,232
2024-06-20,HOSP_RUH_01,Antibiotics,47.2,56.46,0,None,112,211
2024-06-21,HOSP_RUH_01,Antibiotics,36.8,70.02,0,None,104,198
2024-06-22,HOSP_RUH_01,Antibiotics,33.3,41.89,0,None,85,163
2024-06-23,HOSP_RUH_01,Antibiotics,38.6,70.54,0,None,111,209
2024-06-24,HOSP_RUH_01,Antibiotics,34.8,62.74,0,None,106,201
2024-06-25,HOSP_RUH_01,Antibiotics,45.6,65.27,0,None,114,218
2024-06-26,HOSP_RUH_01,Antibiotics,40.1,67.09,0,None,113,213
2024-06-27,HOSP_RUH_01,Antibiotics,37.0,36.8,0,None,103,196
2024-06-28,HOSP_RUH_01,Antibiotics,41.5,33.88,0,None,121,228
2024-06-29,HOSP_RUH_01,Antibiotics,33.9,38.06,1,Sandstorm/Dust_Storm,157,294
2024-06-30,HOSP_RUH_01,Antibiotics,30.0,46.68,0,None,103,195
2024-07-01,HOSP_RUH_01,Antibiotics,33.5,35.12,0,None,113,215
2024-07-02,HOSP_RUH_01,Antibiotics,40.7,62.55,0,None,124,233
2024-07-03,HOSP_RUH_01,Antibiotics,40.2,47.88,0,None,115,216
2024-07-04,HOSP_RUH_01,Antibiotics,35.8,42.51,1,Sandstorm/Dust_Storm,151,282
2024-07-05,HOSP_RUH_01,Antibiotics,42.7,63.11,1,Heatwave,163,304
2024-07-06,HOSP_RUH_01,Antibiotics,36.8,57.6,0,None,109,206
2024-07-07,HOSP_RUH_01,Antibiotics,32.1,53.14,0,None,103,196
2024-07-08,HOSP_RUH_01,Antibiotics,37.6,59.1,0,None,93,179
2024-07-09,HOSP_RUH_01,Antibiotics,36.9,64.95,0,None,106,200
2024-07-10,HOSP_RUH_01,Antibiotics,36.0,50.89,0,None,124,232
2024-07-11,HOSP_RUH_01,Antibiotics,41.2,61.21,0,None,126,238
2024-07-12,HOSP_RUH_01,Antibiotics,35.4,41.39,0,None,136,256
2024-07-13,HOSP_RUH_01,Antibiotics,46.6,49.59,1,Heatwave,178,331
2024-07-14,HOSP_RUH_01,Antibiotics,36.1,64.92,0,None,113,213
2024-07-15,HOSP_RUH_01,Antibiotics,36.5,60.3,0,None,136,253
2024-07-16,HOSP_RUH_01,Antibiotics,41.2,40.56,0,None,120,226
2024-07-17,HOSP_RUH_01,Antibiotics,40.9,40.12,0,None,95,181
2024-07-18,HOSP_RUH_01,Antibiotics,35.1,44.77,1,Sandstorm/Dust_Storm,159,298
2024-07-19,HOSP_RUH_01,Antibiotics,34.6,52.38,0,None,125,234
2024-07-20,HOSP_RUH_01,Antibiotics,38.7,46.38,0,None,134,251
2024-07-21,HOSP_RUH_01,Antibiotics,41.6,66.39,0,None,127,237
2024-07-22,HOSP_RUH_01,Antibiotics,37.8,44.42,1,Sandstorm/Dust_Storm,163,302
2024-07-23,HOSP_RUH_01,Antibiotics,46.3,66.53,1,Heatwave,169,314
2024-07-24,HOSP_RUH_01,Antibiotics,32.6,66.44,0,None,121,229
2024-07-25,HOSP_RUH_01,Antibiotics,42.1,46.87,0,None,110,207
2024-07-26,HOSP_RUH_01,Antibiotics,36.2,35.59,0,None,145,272
2024-07-27,HOSP_RUH_01,Antibiotics,35.7,26.15,0,None,117,219
2024-07-28,HOSP_RUH_01,Antibiotics,29.4,49.74,0,None,106,200
2024-07-29,HOSP_RUH_01,Antibiotics,38.3,33.75,0,None,143,266
2024-07-30,HOSP_RUH_01,Antibiotics,42.6,59.14,0,None,101,190
2024-07-31,HOSP_RUH_01,Antibiotics,47.0,49.16,0,None,119,224
2024-08-01,HOSP_RUH_01,Antibiotics,34.2,53.43,0,None,131,246
2024-08-02,HOSP_RUH_01,Antibiotics,35.2,43.71,0,None,113,212
2024-08-03,HOSP_RUH_01,Antibiotics,36.1,40.92,0,None,113,213
2024-08-04,HOSP_RUH_01,Antibiotics,36.8,50.79,0,None,110,207
2024-08-05,HOSP_RUH_01,Antibiotics,38.6,58.65,0,None,101,192
2024-08-06,HOSP_RUH_01,Antibiotics,38.4,41.19,0,None,141,264
2024-08-07,HOSP_RUH_01,Antibiotics,40.3,44.03,0,None,95,181
2024-08-08,HOSP_RUH_01,Antibiotics,42.5,49.17,0,None,137,257
2024-08-09,HOSP_RUH_01,Antibiotics,36.0,59.74,0,None,102,193
2024-08-10,HOSP_RUH_01,Antibiotics,36.9,30.15,0,None,127,238
2024-08-11,HOSP_RUH_01,Antibiotics,37.3,50.31,0,None,133,250
2024-08-12,HOSP_RUH_01,Antibiotics,38.7,54.36,0,None,119,223
2024-08-13,HOSP_RUH_01,Antibiotics,34.5,33.84,0,None,106,198
2024-08-14,HOSP_RUH_01,Antibiotics,41.3,49.62,0,None,114,216
2024-08-15,HOSP_RUH_01,Antibiotics,32.1,30.73,0,None,109,206
2024-08-16,HOSP_RUH_01,Antibiotics,39.4,39.86,0,None,117,222
2024-08-17,HOSP_RUH_01,Antibiotics,37.5,45.75,0,None,130,243
2024-08-18,HOSP_RUH_01,Antibiotics,39.1,48.18,0,None,121,227
2024-08-19,HOSP_RUH_01,Antibiotics,48.5,31.88,0,None,109,206
2024-08-20,HOSP_RUH_01,Antibiotics,39.4,33.83,0,None,114,213
2024-08-21,HOSP_RUH_01,Antibiotics,31.7,49.49,0,None,127,240
2024-08-22,HOSP_RUH_01,Antibiotics,35.8,52.64,0,None,111,210
2024-08-23,HOSP_RUH_01,Antibiotics,34.0,31.88,0,None,122,228
2024-08-24,HOSP_RUH_01,Antibiotics,35.0,54.36,0,None,113,210
2024-08-25,HOSP_RUH_01,Antibiotics,41.2,50.39,0,None,140,262
2024-08-26,HOSP_RUH_01,Antibiotics,37.5,42.47,0,None,110,207
2024-08-27,HOSP_RUH_01,Antibiotics,39.2,58.76,0,None,114,216
2024-08-28,HOSP_RUH_01,Antibiotics,44.1,66.0,0,None,120,227
2024-08-29,HOSP_RUH_01,Antibiotics,38.0,50.99,0,None,120,224
2024-08-30,HOSP_RUH_01,Antibiotics,40.5,55.57,0,None,107,203
2024-08-31,HOSP_RUH_01,Antibiotics,37.0,46.86,0,None,121,228
2024-09-01,HOSP_RUH_01,Antibiotics,31.3,56.44,0,None,120,227
2024-09-02,HOSP_RUH_01,Antibiotics,31.8,50.39,0,None,113,212
2024-09-03,HOSP_RUH_01,Antibiotics,21.2,46.02,0,None,114,214
2024-09-04,HOSP_RUH_01,Antibiotics,28.7,67.3,0,None,127,239
2024-09-05,HOSP_RUH_01,Antibiotics,19.1,42.13,0,None,126,237
2024-09-06,HOSP_RUH_01,Antibiotics,19.9,48.46,0,None,117,219
2024-09-07,HOSP_RUH_01,Antibiotics,26.9,33.48,0,None,114,216
2024-09-08,HOSP_RUH_01,Antibiotics,24.0,47.45,0,None,114,217
2024-09-09,HOSP_RUH_01,Antibiotics,25.9,47.53,0,None,82,157
2024-09-10,HOSP_RUH_01,Antibiotics,18.8,63.04,0,None,130,243
2024-09-11,HOSP_RUH_01,Antibiotics,19.1,66.16,0,None,100,189
2024-09-12,HOSP_RUH_01,Antibiotics,22.8,48.5,0,None,160,298
2024-09-13,HOSP_RUH_01,Antibiotics,18.8,45.91,0,None,134,250
2024-09-14,HOSP_RUH_01,Antibiotics,26.5,76.04,0,None,116,219
2024-09-15,HOSP_RUH_01,Antibiotics,29.9,44.81,0,None,119,223
2024-09-16,HOSP_RUH_01,Antibiotics,20.0,37.14,0,None,110,208
2024-09-17,HOSP_RUH_01,Antibiotics,27.2,35.23,0,None,123,230
2024-09-18,HOSP_RUH_01,Antibiotics,17.9,51.08,0,None,109,207
2024-09-19,HOSP_RUH_01,Antibiotics,28.5,46.83,0,None,142,265
2024-09-20,HOSP_RUH_01,Antibiotics,21.5,43.92,0,None,112,209
2024-09-21,HOSP_RUH_01,Antibiotics,31.8,49.12,0,None,140,262
2024-09-22,HOSP_RUH_01,Antibiotics,30.4,53.06,0,None,117,221
2024-09-23,HOSP_RUH_01,Antibiotics,21.1,64.54,0,None,121,227
2024-09-24,HOSP_RUH_01,Antibiotics,19.9,31.61,0,None,109,208
2024-09-25,HOSP_RUH_01,Antibiotics,19.6,52.42,0,None,123,231
2024-09-26,HOSP_RUH_01,Antibiotics,22.6,55.51,0,None,110,207
2024-09-27,HOSP_RUH_01,Antibiotics,17.7,29.9,0,None,138,259
2024-09-28,HOSP_RUH_01,Antibiotics,23.1,40.31,0,None,118,222
2024-09-29,HOSP_RUH_01,Antibiotics,22.5,50.57,0,None,128,240
2024-09-30,HOSP_RUH_01,Antibiotics,27.9,67.62,0,None,108,203
2024-10-01,HOSP_RUH_01,Antibiotics,22.3,51.49,0,None,119,224
2024-10-02,HOSP_RUH_01,Antibiotics,33.1,64.01,0,None,115,217
2024-10-03,HOSP_RUH_01,Antibiotics,28.1,55.84,0,None,127,238
2024-10-04,HOSP_RUH_01,Antibiotics,30.3,54.37,0,None,119,223
2024-10-05,HOSP_RUH_01,Antibiotics,20.6,44.36,0,None,117,221
2024-10-06,HOSP_RUH_01,Antibiotics,18.4,55.89,0,None,126,237
2024-10-07,HOSP_RUH_01,Antibiotics,23.9,66.26,0,None,106,199
2024-10-08,HOSP_RUH_01,Antibiotics,23.1,57.81,0,None,117,220
2024-10-09,HOSP_RUH_01,Antibiotics,19.3,36.36,0,None,131,246
2024-10-10,HOSP_RUH_01,Antibiotics,23.5,35.42,0,None,139,260
2024-10-11,HOSP_RUH_01,Antibiotics,18.0,44.11,0,None,119,224
2024-10-12,HOSP_RUH_01,Antibiotics,26.3,58.11,0,None,131,246
2024-10-13,HOSP_RUH_01,Antibiotics,22.8,56.76,0,None,125,235
2024-10-14,HOSP_RUH_01,Antibiotics,24.3,53.29,0,None,127,238
2024-10-15,HOSP_RUH_01,Antibiotics,13.5,63.52,0,None,106,203
2024-10-16,HOSP_RUH_01,Antibiotics,17.7,71.19,0,None,113,213
2024-10-17,HOSP_RUH_01,Antibiotics,23.4,49.35,0,None,125,235
2024-10-18,HOSP_RUH_01,Antibiotics,24.8,37.98,0,None,127,238
2024-10-19,HOSP_RUH_01,Antibiotics,19.4,58.3,0,None,115,215
2024-10-20,HOSP_RUH_01,Antibiotics,19.3,58.14,0,None,121,228
2024-10-21,HOSP_RUH_01,Antibiotics,25.0,49.76,0,None,106,200
2024-10-22,HOSP_RUH_01,Antibiotics,22.2,37.71,0,None,122,228
2024-10-23,HOSP_RUH_01,Antibiotics,31.8,56.65,0,None,121,226
2024-10-24,HOSP_RUH_01,Antibiotics,22.5,52.7,0,None,109,205
2024-10-25,HOSP_RUH_01,Antibiotics,25.9,38.99,0,None,124,233
2024-10-26,HOSP_RUH_01,Antibiotics,17.6,33.78,0,None,125,233
2024-10-27,HOSP_RUH_01,Antibiotics,21.5,59.89,0,None,100,191
2024-10-28,HOSP_RUH_01,Antibiotics,20.3,56.5,0,None,112,211
2024-10-29,HOSP_RUH_01,Antibiotics,20.7,54.78,0,None,88,169
2024-10-30,HOSP_RUH_01,Antibiotics,23.8,59.98,0,None,116,218
2024-10-31,HOSP_RUH_01,Antibiotics,17.7,69.13,0,None,108,204
2024-11-01,HOSP_RUH_01,Antibiotics,25.0,64.14,0,None,160,297
2024-11-02,HOSP_RUH_01,Antibiotics,20.8,73.87,0,None,153,284
2024-11-03,HOSP_RUH_01,Antibiotics,30.1,86.96,0,None,175,324
2024-11-04,HOSP_RUH_01,Antibiotics,21.9,93.95,0,None,137,256
2024-11-05,HOSP_RUH_01,Antibiotics,25.6,82.79,0,None,145,271
2024-11-06,HOSP_RUH_01,Antibiotics,24.9,77.38,0,None,158,293
2024-11-07,HOSP_RUH_01,Antibiotics,20.9,85.34,0,None,139,259
2024-11-08,HOSP_RUH_01,Antibiotics,18.8,57.55,0,None,141,263
2024-11-09,HOSP_RUH_01,Antibiotics,21.0,72.43,0,None,150,281
2024-11-10,HOSP_RUH_01,Antibiotics,25.8,87.66,0,None,151,282
2024-11-11,HOSP_RUH_01,Antibiotics,23.7,84.4,0,None,141,262
2024-11-12,HOSP_RUH_01,Antibiotics,23.0,68.16,0,None,149,277
2024-11-13,HOSP_RUH_01,Antibiotics,23.0,70.42,0,None,145,272
2024-11-14,HOSP_RUH_01,Antibiotics,21.8,70.65,0,None,145,269
2024-11-15,HOSP_RUH_01,Antibiotics,24.9,75.76,0,None,140,264
2024-11-16,HOSP_RUH_01,Antibiotics,27.7,74.06,0,None,136,254
2024-11-17,HOSP_RUH_01,Antibiotics,27.3,77.67,0,None,116,218
2024-11-18,HOSP_RUH_01,Antibiotics,25.1,87.3,0,None,166,309
2024-11-19,HOSP_RUH_01,Antibiotics,21.8,77.5,0,None,143,267
2024-11-20,HOSP_RUH_01,Antibiotics,19.1,75.16,0,None,146,274
2024-11-21,HOSP_RUH_01,Antibiotics,22.3,69.03,0,None,125,235
2024-11-22,HOSP_RUH_01,Antibiotics,25.2,72.34,0,None,133,249
2024-11-23,HOSP_RUH_01,Antibiotics,25.5,73.19,0,None,162,300
2024-11-24,HOSP_RUH_01,Antibiotics,23.5,94.36,0,None,155,288
2024-11-25,HOSP_RUH_01,Antibiotics,16.7,87.73,0,None,140,261
2024-11-26,HOSP_RUH_01,Antibiotics,24.7,100.86,0,None,158,296
2024-11-27,HOSP_RUH_01,Antibiotics,13.0,67.59,0,None,139,260
2024-11-28,HOSP_RUH_01,Antibiotics,22.3,77.19,0,None,174,323
2024-11-29,HOSP_RUH_01,Antibiotics,19.0,84.51,0,None,135,253
2024-11-30,HOSP_RUH_01,Antibiotics,27.8,72.16,0,None,130,243
2024-12-01,HOSP_RUH_01,Antibiotics,28.9,71.44,0,None,163,304
2024-12-02,HOSP_RUH_01,Antibiotics,18.3,63.88,0,None,140,262
2024-12-03,HOSP_RUH_01,Antibiotics,25.8,67.8,0,None,164,304
2024-12-04,HOSP_RUH_01,Antibiotics,23.7,86.43,0,None,123,234
2024-12-05,HOSP_RUH_01,Antibiotics,21.8,82.94,0,None,147,273
2024-12-06,HOSP_RUH_01,Antibiotics,25.2,64.11,0,None,159,297
2024-12-07,HOSP_RUH_01,Antibiotics,22.7,82.06,0,None,172,318
2024-12-08,HOSP_RUH_01,Antibiotics,29.7,82.96,0,None,128,239
2024-12-09,HOSP_RUH_01,Antibiotics,28.1,86.46,0,None,144,270
2024-12-10,HOSP_RUH_01,Antibiotics,26.6,71.58,0,None,132,248
2024-12-11,HOSP_RUH_01,Antibiotics,32.9,87.75,0,None,124,234
2024-12-12,HOSP_RUH_01,Antibiotics,24.3,83.72,0,None,147,272
2024-12-13,HOSP_RUH_01,Antibiotics,23.3,77.27,0,None,151,282
2024-12-14,HOSP_RUH_01,Antibiotics,22.5,80.3,0,None,109,205
2024-12-15,HOSP_RUH_01,Antibiotics,23.9,63.59,0,None,164,304
2024-12-16,HOSP_RUH_01,Antibiotics,25.6,60.57,0,None,149,279
2024-12-17,HOSP_RUH_01,Antibiotics,23.9,79.73,0,None,161,299
2024-12-18,HOSP_RUH_01,Antibiotics,21.2,73.88,0,None,149,277
2024-12-19,HOSP_RUH_01,Antibiotics,16.3,85.89,0,None,151,281
2024-12-20,HOSP_RUH_01,Antibiotics,23.8,71.9,0,None,146,270
2024-12-21,HOSP_RUH_01,Antibiotics,24.0,57.77,0,None,139,260
2024-12-22,HOSP_RUH_01,Antibiotics,15.5,77.93,0,None,137,256
2024-12-23,HOSP_RUH_01,Antibiotics,16.8,64.3,0,None,135,254
2024-12-24,HOSP_RUH_01,Antibiotics,26.5,76.31,0,None,150,280
2024-12-25,HOSP_RUH_01,Antibiotics,14.8,71.41,0,None,155,289
2024-12-26,HOSP_RUH_01,Antibiotics,21.5,81.19,0,None,161,299
2024-12-27,HOSP_RUH_01,Antibiotics,22.1,76.65,0,None,156,289
2024-12-28,HOSP_RUH_01,Antibiotics,25.3,63.12,1,Sandstorm/Dust_Storm,207,380
2024-12-29,HOSP_RUH_01,Antibiotics,23.7,91.29,0,None,135,253
2024-12-30,HOSP_RUH_01,Antibiotics,17.5,89.34,1,Sandstorm/Dust_Storm,194,359
2024-12-31,HOSP_RUH_01,Antibiotics,14.3,63.83,0,None,136,255
2025-01-01,HOSP_RUH_01,Antibiotics,18.3,86.84,0,None,139,259
2025-01-02,HOSP_RUH_01,Antibiotics,25.5,77.99,0,None,153,284
2025-01-03,HOSP_RUH_01,Antibiotics,21.3,53.85,0,None,125,236
2025-01-04,HOSP_RUH_01,Antibiotics,21.8,86.92,0,None,160,299
2025-01-05,HOSP_RUH_01,Antibiotics,18.4,66.84,0,None,136,256
2025-01-06,HOSP_RUH_01,Antibiotics,23.2,67.85,0,None,134,251
2025-01-07,HOSP_RUH_01,Antibiotics,26.1,79.87,0,None,149,278
2025-01-08,HOSP_RUH_01,Antibiotics,27.6,96.36,0,None,141,263
2025-01-09,HOSP_RUH_01,Antibiotics,24.1,79.85,0,None,166,309
2025-01-10,HOSP_RUH_01,Antibiotics,26.8,62.71,0,None,132,248
2025-01-11,HOSP_RUH_01,Antibiotics,18.0,80.16,0,None,153,284
2025-01-12,HOSP_RUH_01,Antibiotics,14.8,73.58,0,None,138,257
2025-01-13,HOSP_RUH_01,Antibiotics,25.4,89.2,0,None,145,271
2025-01-14,HOSP_RUH_01,Antibiotics,21.7,64.88,0,None,140,262
2025-01-15,HOSP_RUH_01,Antibiotics,25.7,70.01,0,None,135,254
2025-01-16,HOSP_RUH_01,Antibiotics,22.6,67.81,0,None,147,274
2025-01-17,HOSP_RUH_01,Antibiotics,15.7,58.97,0,None,161,299
2025-01-18,HOSP_RUH_01,Antibiotics,24.0,66.14,0,None,145,269
2025-01-19,HOSP_RUH_01,Antibiotics,23.3,85.58,0,None,133,248
2025-01-20,HOSP_RUH_01,Antibiotics,23.4,74.23,0,None,151,281
2025-01-21,HOSP_RUH_01,Antibiotics,21.5,53.44,0,None,147,275
2025-01-22,HOSP_RUH_01,Antibiotics,24.2,80.52,0,None,149,278
2025-01-23,HOSP_RUH_01,Antibiotics,21.9,74.32,0,None,133,248
2025-01-24,HOSP_RUH_01,Antibiotics,16.8,83.79,0,None,151,282
2025-01-25,HOSP_RUH_01,Antibiotics,25.5,64.42,0,None,136,254
2025-01-26,HOSP_RUH_01,Antibiotics,19.6,76.32,0,None,139,259
2025-01-27,HOSP_RUH_01,Antibiotics,16.8,82.34,0,None,135,253
2025-01-28,HOSP_RUH_01,Antibiotics,15.2,67.62,0,None,124,234
2025-01-29,HOSP_RUH_01,Antibiotics,24.6,91.83,1,Sandstorm/Dust_Storm,184,341
2025-01-30,HOSP_RUH_01,Antibiotics,19.6,78.78,0,None,128,240
2025-01-31,HOSP_RUH_01,Antibiotics,23.5,64.96,1,Sandstorm/Dust_Storm,190,351
2025-02-01,HOSP_RUH_01,Antibiotics,26.2,43.59,0,None,133,251
2025-02-02,HOSP_RUH_01,Antibiotics,22.4,79.76,0,None,127,239
2025-02-03,HOSP_RUH_01,Antibiotics,15.6,69.28,0,None,142,265
2025-02-04,HOSP_RUH_01,Antibiotics,25.2,78.33,0,None,123,232
2025-02-05,HOSP_RUH_01,Antibiotics,22.0,77.83,0,None,131,245
2025-02-06,HOSP_RUH_01,Antibiotics,21.8,84.53,0,None,141,263
2025-02-07,HOSP_RUH_01,Antibiotics,27.1,72.0,1,Sandstorm/Dust_Storm,193,355
2025-02-08,HOSP_RUH_01,Antibiotics,24.2,71.37,0,None,146,273
2025-02-09,HOSP_RUH_01,Antibiotics,24.9,89.28,0,None,137,258
2025-02-10,HOSP_RUH_01,Antibiotics,19.3,83.17,0,None,153,284
2025-02-11,HOSP_RUH_01,Antibiotics,22.5,83.08,0,None,142,267
2025-02-12,HOSP_RUH_01,Antibiotics,20.5,68.22,0,None,152,285
2025-02-13,HOSP_RUH_01,Antibiotics,26.9,63.78,0,None,144,269
2025-02-14,HOSP_RUH_01,Antibiotics,29.4,86.67,0,None,155,288
2025-02-15,HOSP_RUH_01,Antibiotics,27.7,63.85,0,None,143,266
2025-02-16,HOSP_RUH_01,Antibiotics,26.9,72.97,0,None,129,242
2025-02-17,HOSP_RUH_01,Antibiotics,33.8,76.98,0,None,142,264
2025-02-18,HOSP_RUH_01,Antibiotics,20.1,57.99,0,None,161,299
2025-02-19,HOSP_RUH_01,Antibiotics,24.1,93.61,0,None,145,271
2025-02-20,HOSP_RUH_01,Antibiotics,27.3,70.63,0,None,128,240
2025-02-21,HOSP_RUH_01,Antibiotics,23.2,76.72,0,None,145,272
2025-02-22,HOSP_RUH_01,Antibiotics,23.0,82.74,0,None,136,255
2025-02-23,HOSP_RUH_01,Antibiotics,24.0,59.96,0,None,160,298
2025-02-24,HOSP_RUH_01,Antibiotics,26.6,73.07,1,Sandstorm/Dust_Storm,182,337
2025-02-25,HOSP_RUH_01,Antibiotics,23.3,72.3,0,None,124,232
2025-02-26,HOSP_RUH_01,Antibiotics,22.5,73.16,0,None,160,296
2025-02-27,HOSP_RUH_01,Antibiotics,25.7,64.69,0,None,134,251
2025-02-28,HOSP_RUH_01,Antibiotics,25.9,89.92,0,None,149,279
2025-03-01,HOSP_RUH_01,Antibiotics,14.6,60.86,0,None,115,215
2025-03-02,HOSP_RUH_01,Antibiotics,16.3,39.34,0,None,128,240
2025-03-03,HOSP_RUH_01,Antibiotics,16.3,43.2,0,None,144,271
2025-03-04,HOSP_RUH_01,Antibiotics,20.7,48.69,0,None,124,234
2025-03-05,HOSP_RUH_01,Antibiotics,14.9,55.56,0,None,104,196
2025-03-06,HOSP_RUH_01,Antibiotics,21.0,51.07,0,None,137,256
2025-03-07,HOSP_RUH_01,Antibiotics,28.8,35.83,0,None,129,242
2025-03-08,HOSP_RUH_01,Antibiotics,24.7,65.32,0,None,122,230
2025-03-09,HOSP_RUH_01,Antibiotics,19.1,47.24,0,None,120,227
2025-03-10,HOSP_RUH_01,Antibiotics,25.9,66.13,0,None,122,229
2025-03-11,HOSP_RUH_01,Antibiotics,18.7,21.96,0,None,128,240
2025-03-12,HOSP_RUH_01,Antibiotics,23.3,56.06,0,None,129,242
2025-03-13,HOSP_RUH_01,Antibiotics,29.4,59.58,0,None,122,229
2025-03-14,HOSP_RUH_01,Antibiotics,20.9,34.77,0,None,135,252
2025-03-15,HOSP_RUH_01,Antibiotics,23.0,40.54,0,None,114,213
2025-03-16,HOSP_RUH_01,Antibiotics,21.1,47.52,0,None,124,232
2025-03-17,HOSP_RUH_01,Antibiotics,25.3,52.44,0,None,116,218
2025-03-18,HOSP_RUH_01,Antibiotics,25.3,53.13,0,None,108,206
2025-03-19,HOSP_RUH_01,Antibiotics,31.0,46.97,0,None,104,196
2025-03-20,HOSP_RUH_01,Antibiotics,24.4,52.73,0,None,116,218
2025-03-21,HOSP_RUH_01,Antibiotics,29.3,38.47,0,None,135,252
2025-03-22,HOSP_RUH_01,Antibiotics,21.2,39.73,1,Sandstorm/Dust_Storm,169,314
2025-03-23,HOSP_RUH_01,Antibiotics,20.4,42.66,0,None,117,220
2025-03-24,HOSP_RUH_01,Antibiotics,24.6,32.91,0,None,94,179
2025-03-25,HOSP_RUH_01,Antibiotics,22.4,57.23,0,None,127,239
2025-03-26,HOSP_RUH_01,Antibiotics,16.9,39.92,0,None,115,219
2025-03-27,HOSP_RUH_01,Antibiotics,22.9,51.71,0,None,139,259
2025-03-28,HOSP_RUH_01,Antibiotics,21.9,45.09,0,None,117,220
2025-03-29,HOSP_RUH_01,Antibiotics,27.5,45.02,0,None,122,230
2025-03-30,HOSP_RUH_01,Antibiotics,19.3,35.49,0,None,127,239
2025-03-31,HOSP_RUH_01,Antibiotics,15.5,59.68,0,None,109,205
2025-04-01,HOSP_RUH_01,Antibiotics,22.2,52.86,1,Sandstorm/Dust_Storm,151,280
2025-04-02,HOSP_RUH_01,Antibiotics,32.1,56.66,0,None,114,214
2025-04-03,HOSP_RUH_01,Antibiotics,23.1,32.32,0,None,111,209
2025-04-04,HOSP_RUH_01,Antibiotics,27.8,41.06,0,None,126,235
2025-04-05,HOSP_RUH_01,Antibiotics,18.1,41.62,0,None,108,204
2025-04-06,HOSP_RUH_01,Antibiotics,21.3,40.59,0,None,135,251
2025-04-07,HOSP_RUH_01,Antibiotics,29.7,41.93,0,None,111,209
2025-04-08,HOSP_RUH_01,Antibiotics,26.4,39.34,0,None,153,285
2025-04-09,HOSP_RUH_01,Antibiotics,29.0,30.74,0,None,113,213
2025-04-10,HOSP_RUH_01,Antibiotics,20.7,53.09,0,None,117,218
2025-04-11,HOSP_RUH_01,Antibiotics,21.3,67.87,0,None,136,255
2025-04-12,HOSP_RUH_01,Antibiotics,18.3,39.88,0,None,114,215
2025-04-13,HOSP_RUH_01,Antibiotics,21.8,45.37,0,None,125,235
2025-04-14,HOSP_RUH_01,Antibiotics,17.6,45.26,0,None,125,235
2025-04-15,HOSP_RUH_01,Antibiotics,26.6,50.2,0,None,121,226
2025-04-16,HOSP_RUH_01,Antibiotics,16.8,45.76,0,None,110,207
2025-04-17,HOSP_RUH_01,Antibiotics,18.7,51.3,0,None,105,200
2025-04-18,HOSP_RUH_01,Antibiotics,25.0,67.25,0,None,129,242
2025-04-19,HOSP_RUH_01,Antibiotics,27.1,52.2,0,None,133,249
2025-04-20,HOSP_RUH_01,Antibiotics,17.7,48.75,0,None,118,220
2025-04-21,HOSP_RUH_01,Antibiotics,19.0,47.15,0,None,103,194
2025-04-22,HOSP_RUH_01,Antibiotics,20.7,53.4,0,None,114,214
2025-04-23,HOSP_RUH_01,Antibiotics,16.5,50.97,0,None,128,239
2025-04-24,HOSP_RUH_01,Antibiotics,22.1,55.05,0,None,136,254
2025-04-25,HOSP_RUH_01,Antibiotics,26.5,44.26,0,None,119,223
2025-04-26,HOSP_RUH_01,Antibiotics,25.7,56.13,0,None,108,204
2025-04-27,HOSP_RUH_01,Antibiotics,24.8,63.97,0,None,131,246
2025-04-28,HOSP_RUH_01,Antibiotics,26.9,44.29,0,None,127,238
2025-04-29,HOSP_RUH_01,Antibiotics,24.9,53.25,0,None,121,226
2025-04-30,HOSP_RUH_01,Antibiotics,20.7,61.77,0,None,115,217
2025-05-01,HOSP_RUH_01,Antibiotics,28.7,64.24,0,None,100,189
2025-05-02,HOSP_RUH_01,Antibiotics,24.7,61.22,0,None,116,220
2025-05-03,HOSP_RUH_01,Antibiotics,24.5,59.75,0,None,113,213
2025-05-04,HOSP_RUH_01,Antibiotics,21.2,47.07,0,None,95,182
2025-05-05,HOSP_RUH_01,Antibiotics,23.6,46.0,0,None,94,179
2025-05-06,HOSP_RUH_01,Antibiotics,22.3,46.23,0,None,111,210
2025-05-07,HOSP_RUH_01,Antibiotics,30.0,42.04,0,None,129,243
2025-05-08,HOSP_RUH_01,Antibiotics,19.7,23.59,1,Sandstorm/Dust_Storm,162,302
2025-05-09,HOSP_RUH_01,Antibiotics,21.1,56.37,0,None,116,218
2025-05-10,HOSP_RUH_01,Antibiotics,21.4,49.71,0,None,127,240
2025-05-11,HOSP_RUH_01,Antibiotics,21.3,38.02,0,None,109,206
2025-05-12,HOSP_RUH_01,Antibiotics,22.9,41.07,0,None,126,236
2025-05-13,HOSP_RUH_01,Antibiotics,19.4,37.76,0,None,130,244
2025-05-14,HOSP_RUH_01,Antibiotics,26.6,54.58,0,None,130,244
2025-05-15,HOSP_RUH_01,Antibiotics,20.6,40.22,0,None,132,247
2025-05-16,HOSP_RUH_01,Antibiotics,21.2,47.32,0,None,116,218
2025-05-17,HOSP_RUH_01,Antibiotics,17.3,65.43,0,None,118,223
2025-05-18,HOSP_RUH_01,Antibiotics,26.4,49.35,0,None,108,204
2025-05-19,HOSP_RUH_01,Antibiotics,16.0,64.34,0,None,126,236
2025-05-20,HOSP_RUH_01,Antibiotics,22.3,53.79,0,None,112,211
2025-05-21,HOSP_RUH_01,Antibiotics,20.1,57.78,0,None,118,223
2025-05-22,HOSP_RUH_01,Antibiotics,27.3,48.52,0,None,118,222
2025-05-23,HOSP_RUH_01,Antibiotics,18.0,55.37,0,None,115,217
2025-05-24,HOSP_RUH_01,Antibiotics,20.2,48.39,0,None,111,209
2025-05-25,HOSP_RUH_01,Antibiotics,29.3,54.12,0,None,120,224
2025-05-26,HOSP_RUH_01,Antibiotics,20.0,61.97,0,None,121,228
2025-05-27,HOSP_RUH_01,Antibiotics,21.3,55.84,0,None,126,235
2025-05-28,HOSP_RUH_01,Antibiotics,21.3,60.02,0,None,114,215
2025-05-29,HOSP_RUH_01,Antibiotics,22.8,52.09,0,None,114,214
2025-05-30,HOSP_RUH_01,Antibiotics,17.7,61.76,0,None,120,227
2025-05-31,HOSP_RUH_01,Antibiotics,28.3,47.32,0,None,127,238
2025-06-01,HOSP_RUH_01,Antibiotics,43.5,53.67,0,None,118,223
2025-06-02,HOSP_RUH_01,Antibiotics,41.3,45.96,0,None,106,200
2025-06-03,HOSP_RUH_01,Antibiotics,40.0,48.94,0,None,122,228
2025-06-04,HOSP_RUH_01,Antibiotics,42.8,68.48,0,None,130,242
2025-06-05,HOSP_RUH_01,Antibiotics,42.7,69.98,0,None,108,203
2025-06-06,HOSP_RUH_01,Antibiotics,39.8,38.11,0,None,124,233
2025-06-07,HOSP_RUH_01,Antibiotics,44.9,39.93,0,None,129,241
2025-06-08,HOSP_RUH_01,Antibiotics,42.1,42.02,0,None,119,224
2025-06-09,HOSP_RUH_01,Antibiotics,41.7,40.42,0,None,136,254
2025-06-10,HOSP_RUH_01,Antibiotics,41.0,56.71,0,None,146,271
2025-06-11,HOSP_RUH_01,Antibiotics,39.3,48.16,0,None,114,217
2025-06-12,HOSP_RUH_01,Antibiotics,40.9,35.28,0,None,134,250
2025-06-13,HOSP_RUH_01,Antibiotics,38.9,41.5,0,None,125,235
2025-06-14,HOSP_RUH_01,Antibiotics,40.1,40.14,0,None,117,220
2025-06-15,HOSP_RUH_01,Antibiotics,31.7,45.56,0,None,124,232
2025-06-16,HOSP_RUH_01,Antibiotics,41.0,33.9,1,Heatwave,157,291
2025-06-17,HOSP_RUH_01,Antibiotics,33.8,46.27,0,None,101,192
2025-06-18,HOSP_RUH_01,Antibiotics,31.7,61.49,0,None,124,234
2025-06-19,HOSP_RUH_01,Antibiotics,32.4,36.34,0,None,135,254
2025-06-20,HOSP_RUH_01,Antibiotics,36.2,51.03,0,None,116,218
2025-06-21,HOSP_RUH_01,Antibiotics,41.9,51.24,0,None,122,229
2025-06-22,HOSP_RUH_01,Antibiotics,44.1,58.57,0,None,143,266
2025-06-23,HOSP_RUH_01,Antibiotics,41.2,33.08,0,None,114,215
2025-06-24,HOSP_RUH_01,Antibiotics,33.3,60.15,0,None,115,217
2025-06-25,HOSP_RUH_01,Antibiotics,42.0,31.74,0,None,122,232
2025-06-26,HOSP_RUH_01,Antibiotics,46.2,41.37,0,None,112,212
2025-06-27,HOSP_RUH_01,Antibiotics,37.1,44.51,0,None,119,222
2025-06-28,HOSP_RUH_01,Antibiotics,44.0,49.24,0,None,121,227
2025-06-29,HOSP_RUH_01,Antibiotics,32.2,57.35,0,None,117,220
2025-06-30,HOSP_RUH_01,Antibiotics,37.9,55.02,0,None,116,219
2025-07-01,HOSP_RUH_01,Antibiotics,37.1,48.38,0,None,133,250
2025-07-02,HOSP_RUH_01,Antibiotics,44.1,51.93,0,None,100,190
2025-07-03,HOSP_RUH_01,Antibiotics,47.8,63.5,0,None,119,224
2025-07-04,HOSP_RUH_01,Antibiotics,38.9,46.55,0,None,115,216
2025-07-05,HOSP_RUH_01,Antibiotics,31.6,62.86,0,None,122,230
2025-07-06,HOSP_RUH_01,Antibiotics,31.6,39.73,0,None,139,261
2025-07-07,HOSP_RUH_01,Antibiotics,28.3,47.32,0,None,115,215
2025-07-08,HOSP_RUH_01,Antibiotics,34.9,59.88,0,None,114,215
2025-07-09,HOSP_RUH_01,Antibiotics,37.1,49.68,0,None,119,224
2025-07-10,HOSP_RUH_01,Antibiotics,36.8,54.85,0,None,110,208
2025-07-11,HOSP_RUH_01,Antibiotics,37.4,55.63,0,None,134,249
2025-07-12,HOSP_RUH_01,Antibiotics,39.8,47.54,0,None,129,243
2025-07-13,HOSP_RUH_01,Antibiotics,43.4,38.86,0,None,107,203
2025-07-14,HOSP_RUH_01,Antibiotics,36.7,37.15,1,Sandstorm/Dust_Storm,159,296
2025-07-15,HOSP_RUH_01,Antibiotics,39.5,36.8,0,None,116,219
2025-07-16,HOSP_RUH_01,Antibiotics,38.1,51.03,0,None,118,222
2025-07-17,HOSP_RUH_01,Antibiotics,38.0,64.61,0,None,104,198
2025-07-18,HOSP_RUH_01,Antibiotics,33.0,62.7,0,None,115,217
2025-07-19,HOSP_RUH_01,Antibiotics,33.6,55.57,0,None,110,206
2025-07-20,HOSP_RUH_01,Antibiotics,38.8,35.4,0,None,113,213
2025-07-21,HOSP_RUH_01,Antibiotics,37.2,65.23,0,None,114,215
2025-07-22,HOSP_RUH_01,Antibiotics,39.3,39.24,0,None,103,194
2025-07-23,HOSP_RUH_01,Antibiotics,32.8,33.57,0,None,122,230
2025-07-24,HOSP_RUH_01,Antibiotics,36.8,51.49,0,None,116,219
2025-07-25,HOSP_RUH_01,Antibiotics,49.1,50.28,0,None,102,193
2025-07-26,HOSP_RUH_01,Antibiotics,44.3,46.98,0,None,130,242
2025-07-27,HOSP_RUH_01,Antibiotics,39.9,51.73,0,None,114,216
2025-07-28,HOSP_RUH_01,Antibiotics,39.3,38.9,0,None,129,241
2025-07-29,HOSP_RUH_01,Antibiotics,41.1,25.28,0,None,129,242
2025-07-30,HOSP_RUH_01,Antibiotics,34.2,51.8,0,None,122,229
2025-07-31,HOSP_RUH_01,Antibiotics,37.1,38.53,0,None,131,246
2025-08-01,HOSP_RUH_01,Antibiotics,33.9,73.06,0,None,100,190
2025-08-02,HOSP_RUH_01,Antibiotics,40.4,49.78,0,None,113,212
2025-08-03,HOSP_RUH_01,Antibiotics,42.5,53.85,0,None,114,214
2025-08-04,HOSP_RUH_01,Antibiotics,37.1,50.04,0,None,106,202
2025-08-05,HOSP_RUH_01,Antibiotics,39.6,52.95,1,Sandstorm/Dust_Storm,153,286
2025-08-06,HOSP_RUH_01,Antibiotics,35.8,45.78,0,None,99,187
2025-08-07,HOSP_RUH_01,Antibiotics,35.4,55.23,0,None,111,210
2025-08-08,HOSP_RUH_01,Antibiotics,35.2,42.25,0,None,145,272
2025-08-09,HOSP_RUH_01,Antibiotics,42.7,60.25,0,None,134,250
2025-08-10,HOSP_RUH_01,Antibiotics,35.6,38.35,0,None,114,215
2025-08-11,HOSP_RUH_01,Antibiotics,39.0,52.68,0,None,120,225
2025-08-12,HOSP_RUH_01,Antibiotics,32.8,45.17,0,None,128,239
2025-08-13,HOSP_RUH_01,Antibiotics,40.4,44.31,0,None,138,258
2025-08-14,HOSP_RUH_01,Antibiotics,39.8,53.97,1,Sandstorm/Dust_Storm,166,307
2025-08-15,HOSP_RUH_01,Antibiotics,37.9,51.16,0,None,115,217
2025-08-16,HOSP_RUH_01,Antibiotics,38.3,64.58,0,None,123,231
2025-08-17,HOSP_RUH_01,Antibiotics,32.6,68.96,0,None,125,236
2025-08-18,HOSP_RUH_01,Antibiotics,37.8,47.71,0,None,105,199
2025-08-19,HOSP_RUH_01,Antibiotics,33.6,55.44,0,None,109,205
2025-08-20,HOSP_RUH_01,Antibiotics,41.6,68.09,0,None,115,216
2025-08-21,HOSP_RUH_01,Antibiotics,34.9,48.64,0,None,111,209
2025-08-22,HOSP_RUH_01,Antibiotics,34.6,52.24,0,None,131,246
2025-08-23,HOSP_RUH_01,Antibiotics,37.8,38.83,0,None,133,251
2025-08-24,HOSP_RUH_01,Antibiotics,39.3,69.63,0,None,122,230
2025-08-25,HOSP_RUH_01,Antibiotics,41.2,42.82,0,None,117,221
2025-08-26,HOSP_RUH_01,Antibiotics,41.6,57.24,0,None,107,202
2025-08-27,HOSP_RUH_01,Antibiotics,42.2,32.81,1,Heatwave,133,250
2025-08-28,HOSP_RUH_01,Antibiotics,39.1,51.64,0,None,111,209
2025-08-29,HOSP_RUH_01,Antibiotics,35.1,56.57,0,None,127,239
2025-08-30,HOSP_RUH_01,Antibiotics,44.3,37.22,0,None,113,215
2025-08-31,HOSP_RUH_01,Antibiotics,45.3,70.22,0,None,90,170
2025-09-01,HOSP_RUH_01,Antibiotics,21.4,61.75,0,None,130,244
2025-09-02,HOSP_RUH_01,Antibiotics,19.2,41.1,0,None,112,211
2025-09-03,HOSP_RUH_01,Antibiotics,26.1,63.77,0,None,107,201
2025-09-04,HOSP_RUH_01,Antibiotics,22.1,56.88,0,None,119,226
2025-09-05,HOSP_RUH_01,Antibiotics,24.2,67.75,0,None,130,244
2025-09-06,HOSP_RUH_01,Antibiotics,20.8,65.15,0,None,133,250
2025-09-07,HOSP_RUH_01,Antibiotics,21.8,38.27,0,None,126,237
2025-09-08,HOSP_RUH_01,Antibiotics,21.4,38.07,0,None,98,186
2025-09-09,HOSP_RUH_01,Antibiotics,19.5,57.73,1,Sandstorm/Dust_Storm,177,328
2025-09-10,HOSP_RUH_01,Antibiotics,17.0,56.62,0,None,111,211
2025-09-11,HOSP_RUH_01,Antibiotics,21.2,60.01,0,None,111,209
2025-09-12,HOSP_RUH_01,Antibiotics,23.4,44.03,0,None,110,209
2025-09-13,HOSP_RUH_01,Antibiotics,26.4,57.82,0,None,131,246
2025-09-14,HOSP_RUH_01,Antibiotics,21.1,36.84,0,None,122,230
2025-09-15,HOSP_RUH_01,Antibiotics,19.2,55.24,0,None,138,259
2025-09-16,HOSP_RUH_01,Antibiotics,23.3,63.61,0,None,107,203
2025-09-17,HOSP_RUH_01,Antibiotics,18.5,49.63,0,None,129,243
2025-09-18,HOSP_RUH_01,Antibiotics,20.8,55.04,0,None,108,204
2025-09-19,HOSP_RUH_01,Antibiotics,19.0,54.81,0,None,121,227
2025-09-20,HOSP_RUH_01,Antibiotics,23.5,47.41,0,None,123,232
2025-09-21,HOSP_RUH_01,Antibiotics,27.9,52.62,0,None,111,208
2025-09-22,HOSP_RUH_01,Antibiotics,24.7,38.96,0,None,101,191
2025-09-23,HOSP_RUH_01,Antibiotics,23.6,57.46,0,None,130,245
2025-09-24,HOSP_RUH_01,Antibiotics,22.8,36.35,0,None,115,216
2025-09-25,HOSP_RUH_01,Antibiotics,25.2,42.92,0,None,131,246
2025-09-26,HOSP_RUH_01,Antibiotics,21.8,59.18,0,None,109,205
2025-09-27,HOSP_RUH_01,Antibiotics,30.4,37.67,0,None,123,233
2025-09-28,HOSP_RUH_01,Antibiotics,23.7,55.99,0,None,136,254
2025-09-29,HOSP_RUH_01,Antibiotics,24.6,38.27,0,None,90,171
2025-09-30,HOSP_RUH_01,Antibiotics,29.4,48.86,0,None,123,229
2025-10-01,HOSP_RUH_01,Antibiotics,24.3,49.69,0,None,109,205
2025-10-02,HOSP_RUH_01,Antibiotics,22.6,55.63,0,None,144,269
2025-10-03,HOSP_RUH_01,Antibiotics,15.2,67.69,0,None,116,219
2025-10-04,HOSP_RUH_01,Antibiotics,24.7,54.45,0,None,117,218
2025-10-05,HOSP_RUH_01,Antibiotics,25.9,34.12,0,None,116,218
2025-10-06,HOSP_RUH_01,Antibiotics,12.1,54.73,0,None,106,201
2025-10-07,HOSP_RUH_01,Antibiotics,23.7,56.46,0,None,109,206
2025-10-08,HOSP_RUH_01,Antibiotics,21.1,39.48,0,None,99,187
2025-10-09,HOSP_RUH_01,Antibiotics,23.9,56.26,0,None,112,210
2025-10-10,HOSP_RUH_01,Antibiotics,27.5,52.26,0,None,117,219
2025-10-11,HOSP_RUH_01,Antibiotics,22.7,51.71,0,None,120,225
2025-10-12,HOSP_RUH_01,Antibiotics,17.4,45.43,0,None,95,181
2025-10-13,HOSP_RUH_01,Antibiotics,20.7,56.03,0,None,102,193
2025-10-14,HOSP_RUH_01,Antibiotics,22.6,52.83,0,None,126,234
2025-10-15,HOSP_RUH_01,Antibiotics,27.6,43.39,0,None,141,264
2025-10-16,HOSP_RUH_01,Antibiotics,24.4,56.4,0,None,143,266
2025-10-17,HOSP_RUH_01,Antibiotics,30.9,55.55,0,None,128,241
2025-10-18,HOSP_RUH_01,Antibiotics,34.7,43.71,0,None,117,220
2025-10-19,HOSP_RUH_01,Antibiotics,22.6,52.42,0,None,122,231
2025-10-20,HOSP_RUH_01,Antibiotics,21.9,41.64,0,None,137,258
2025-10-21,HOSP_RUH_01,Antibiotics,25.4,55.47,0,None,125,235
2025-10-22,HOSP_RUH_01,Antibiotics,27.8,49.99,0,None,113,213
2025-10-23,HOSP_RUH_01,Antibiotics,23.1,60.93,0,None,128,240
2025-10-24,HOSP_RUH_01,Antibiotics,19.1,30.87,0,None,147,275
2025-10-25,HOSP_RUH_01,Antibiotics,28.6,47.78,0,None,95,181
2025-10-26,HOSP_RUH_01,Antibiotics,26.7,62.75,0,None,108,203
2025-10-27,HOSP_RUH_01,Antibiotics,26.6,41.83,0,None,102,193
2025-10-28,HOSP_RUH_01,Antibiotics,22.3,61.62,0,None,112,210
2025-10-29,HOSP_RUH_01,Antibiotics,26.0,46.97,0,None,114,215
2025-10-30,HOSP_RUH_01,Antibiotics,20.9,66.22,0,None,120,224
2025-10-31,HOSP_RUH_01,Antibiotics,23.6,46.82,1,Sandstorm/Dust_Storm,166,308
2025-11-01,HOSP_RUH_01,Antibiotics,17.6,75.49,0,None,142,266
2025-11-02,HOSP_RUH_01,Antibiotics,22.2,74.86,1,Sandstorm/Dust_Storm,185,343
2025-11-03,HOSP_RUH_01,Antibiotics,22.4,80.91,0,None,140,263
2025-11-04,HOSP_RUH_01,Antibiotics,17.9,77.64,0,None,135,253
2025-11-05,HOSP_RUH_01,Antibiotics,24.6,76.18,0,None,116,219
2025-11-06,HOSP_RUH_01,Antibiotics,24.4,75.61,0,None,146,273
2025-11-07,HOSP_RUH_01,Antibiotics,23.0,74.06,1,Sandstorm/Dust_Storm,178,329
2025-11-08,HOSP_RUH_01,Antibiotics,18.7,66.49,0,None,134,251
2025-11-09,HOSP_RUH_01,Antibiotics,21.9,76.03,0,None,169,313
2025-11-10,HOSP_RUH_01,Antibiotics,27.9,72.28,0,None,167,309
2025-11-11,HOSP_RUH_01,Antibiotics,17.9,77.39,0,None,154,287
2025-11-12,HOSP_RUH_01,Antibiotics,23.4,69.65,0,None,138,259
2025-11-13,HOSP_RUH_01,Antibiotics,26.7,68.46,0,None,144,269
2025-11-14,HOSP_RUH_01,Antibiotics,29.0,91.15,0,None,148,277
2025-11-15,HOSP_RUH_01,Antibiotics,21.9,85.37,0,None,152,283
2025-11-16,HOSP_RUH_01,Antibiotics,24.8,86.51,0,None,135,252
2025-11-17,HOSP_RUH_01,Antibiotics,22.4,93.96,0,None,129,241
2025-11-18,HOSP_RUH_01,Antibiotics,21.2,64.5,0,None,139,258
2025-11-19,HOSP_RUH_01,Antibiotics,19.1,68.49,0,None,153,286
2025-11-20,HOSP_RUH_01,Antibiotics,29.3,61.89,0,None,146,271
2025-11-21,HOSP_RUH_01,Antibiotics,19.6,73.66,0,None,120,226
2025-11-22,HOSP_RUH_01,Antibiotics,23.2,80.69,0,None,140,262
2025-11-23,HOSP_RUH_01,Antibiotics,20.1,75.87,0,None,166,309
2025-11-24,HOSP_RUH_01,Antibiotics,18.7,81.07,0,None,128,242
2025-11-25,HOSP_RUH_01,Antibiotics,22.1,67.26,0,None,146,272
2025-11-26,HOSP_RUH_01,Antibiotics,26.1,90.13,0,None,142,265
2025-11-27,HOSP_RUH_01,Antibiotics,26.8,98.49,0,None,141,263
2025-11-28,HOSP_RUH_01,Antibiotics,20.8,73.7,0,None,166,309
2025-11-29,HOSP_RUH_01,Antibiotics,27.9,50.09,0,None,139,260
2025-11-30,HOSP_RUH_01,Antibiotics,26.2,83.9,0,None,141,262
2025-12-01,HOSP_RUH_01,Antibiotics,22.7,74.37,0,None,139,260
2025-12-02,HOSP_RUH_01,Antibiotics,22.2,68.72,0,None,158,294
2025-12-03,HOSP_RUH_01,Antibiotics,23.7,75.03,0,None,180,334
2025-12-04,HOSP_RUH_01,Antibiotics,28.3,75.18,0,None,157,293
2025-12-05,HOSP_RUH_01,Antibiotics,22.9,75.13,0,None,139,259
2025-12-06,HOSP_RUH_01,Antibiotics,21.5,55.73,0,None,139,261
2025-12-07,HOSP_RUH_01,Antibiotics,22.8,78.16,0,None,143,268
2025-12-08,HOSP_RUH_01,Antibiotics,17.2,70.21,0,None,141,263
2025-12-09,HOSP_RUH_01,Antibiotics,20.7,74.13,0,None,157,293
2025-12-10,HOSP_RUH_01,Antibiotics,28.0,63.23,0,None,138,261
2025-12-11,HOSP_RUH_01,Antibiotics,29.7,70.7,0,None,133,248
2025-12-12,HOSP_RUH_01,Antibiotics,22.0,70.55,0,None,135,254
2025-12-13,HOSP_RUH_01,Antibiotics,26.8,87.24,0,None,142,265
2025-12-14,HOSP_RUH_01,Antibiotics,21.0,65.32,0,None,133,250
2025-12-15,HOSP_RUH_01,Antibiotics,24.6,94.01,0,None,149,278
2025-12-16,HOSP_RUH_01,Antibiotics,20.5,76.71,0,None,151,281
2025-12-17,HOSP_RUH_01,Antibiotics,26.8,72.58,0,None,147,273
2025-12-18,HOSP_RUH_01,Antibiotics,19.0,76.27,1,Sandstorm/Dust_Storm,171,317
2025-12-19,HOSP_RUH_01,Antibiotics,22.0,67.94,0,None,147,273
2025-12-20,HOSP_RUH_01,Antibiotics,27.4,78.82,0,None,154,287
2025-12-21,HOSP_RUH_01,Antibiotics,26.1,75.23,0,None,128,240
2025-12-22,HOSP_RUH_01,Antibiotics,32.1,75.02,0,None,143,266
2025-12-23,HOSP_RUH_01,Antibiotics,26.9,76.65,0,None,154,285
2025-12-24,HOSP_RUH_01,Antibiotics,20.4,94.85,0,None,122,229
2025-12-25,HOSP_RUH_01,Antibiotics,22.7,77.28,0,None,146,270
2025-12-26,HOSP_RUH_01,Antibiotics,27.2,72.57,0,None,139,261
2025-12-27,HOSP_RUH_01,Antibiotics,18.1,58.77,0,None,144,269
2025-12-28,HOSP_RUH_01,Antibiotics,30.4,81.72,0,None,128,240
2025-12-29,HOSP_RUH_01,Antibiotics,11.8,75.69,0,None,152,283
2025-12-30,HOSP_RUH_01,Antibiotics,19.5,64.61,0,None,129,240
2025-12-31,HOSP_RUH_01,Antibiotics,16.9,85.1,0,None,149,278
2026-01-01,HOSP_RUH_01,Antibiotics,22.7,86.75,0,None,145,270
2024-01-01,HOSP_RUH_01,Inhalers,17.2,98.0,0,None,145,261
2024-01-02,HOSP_RUH_01,Inhalers,23.5,72.98,0,None,139,251
2024-01-03,HOSP_RUH_01,Inhalers,20.9,56.52,0,None,150,268
2024-01-04,HOSP_RUH_01,Inhalers,20.1,63.62,0,None,131,238
2024-01-05,HOSP_RUH_01,Inhalers,14.1,70.13,0,None,160,286
2024-01-06,HOSP_RUH_01,Inhalers,23.5,73.9,0,None,141,253
2024-01-07,HOSP_RUH_01,Inhalers,26.3,74.19,0,None,151,271
2024-01-08,HOSP_RUH_01,Inhalers,24.6,82.64,0,None,159,285
2024-01-09,HOSP_RUH_01,Inhalers,18.3,66.44,0,None,143,257
2024-01-10,HOSP_RUH_01,Inhalers,24.8,50.87,0,None,158,283
2024-01-11,HOSP_RUH_01,Inhalers,27.5,72.97,0,None,148,266
2024-01-12,HOSP_RUH_01,Inhalers,26.0,67.1,0,None,160,286
2024-01-13,HOSP_RUH_01,Inhalers,24.8,70.79,0,None,155,279
2024-01-14,HOSP_RUH_01,Inhalers,18.1,72.05,0,None,160,287
2024-01-15,HOSP_RUH_01,Inhalers,30.2,84.31,0,None,139,250
2024-01-16,HOSP_RUH_01,Inhalers,22.2,63.19,0,None,135,241
2024-01-17,HOSP_RUH_01,Inhalers,22.9,70.4,0,None,136,246
2024-01-18,HOSP_RUH_01,Inhalers,26.1,79.1,1,Sandstorm/Dust_Storm,175,355
2024-01-19,HOSP_RUH_01,Inhalers,24.3,94.64,0,None,158,284
2024-01-20,HOSP_RUH_01,Inhalers,20.0,69.77,0,None,134,242
2024-01-21,HOSP_RUH_01,Inhalers,19.5,89.34,0,None,133,239
2024-01-22,HOSP_RUH_01,Inhalers,26.0,75.91,0,None,156,279
2024-01-23,HOSP_RUH_01,Inhalers,23.0,81.78,0,None,125,227
2024-01-24,HOSP_RUH_01,Inhalers,23.9,73.74,0,None,127,228
2024-01-25,HOSP_RUH_01,Inhalers,23.7,86.03,0,None,149,266
2024-01-26,HOSP_RUH_01,Inhalers,17.0,58.37,0,None,125,224
2024-01-27,HOSP_RUH_01,Inhalers,21.0,87.11,0,None,141,252
2024-01-28,HOSP_RUH_01,Inhalers,24.3,72.63,0,None,161,292
2024-01-29,HOSP_RUH_01,Inhalers,14.7,80.21,0,None,152,273
2024-01-30,HOSP_RUH_01,Inhalers,21.4,62.59,0,None,145,260
2024-01-31,HOSP_RUH_01,Inhalers,20.8,73.17,0,None,119,215
2024-02-01,HOSP_RUH_01,Inhalers,21.5,60.36,0,None,145,261
2024-02-02,HOSP_RUH_01,Inhalers,23.8,89.94,0,None,151,271
2024-02-03,HOSP_RUH_01,Inhalers,24.8,65.92,0,None,152,272
2024-02-04,HOSP_RUH_01,Inhalers,17.1,70.65,0,None,143,258
2024-02-05,HOSP_RUH_01,Inhalers,14.5,88.14,0,None,138,247
2024-02-06,HOSP_RUH_01,Inhalers,10.1,65.16,1,Sandstorm/Dust_Storm,180,363
2024-02-07,HOSP_RUH_01,Inhalers,25.9,64.24,0,None,156,281
2024-02-08,HOSP_RUH_01,Inhalers,21.4,66.74,0,None,139,250
2024-02-09,HOSP_RUH_01,Inhalers,22.8,71.93,1,Sandstorm/Dust_Storm,162,331
2024-02-10,HOSP_RUH_01,Inhalers,27.4,78.25,0,None,144,256
2024-02-11,HOSP_RUH_01,Inhalers,28.0,87.55,0,None,141,255
2024-02-12,HOSP_RUH_01,Inhalers,26.7,90.56,0,None,171,307
2024-02-13,HOSP_RUH_01,Inhalers,26.2,95.1,0,None,155,280
2024-02-14,HOSP_RUH_01,Inhalers,23.9,94.94,0,None,169,305
2024-02-15,HOSP_RUH_01,Inhalers,24.0,74.28,0,None,136,245
2024-02-16,HOSP_RUH_01,Inhalers,26.7,90.8,0,None,143,258
2024-02-17,HOSP_RUH_01,Inhalers,21.8,80.67,0,None,141,253
2024-02-18,HOSP_RUH_01,Inhalers,24.8,75.55,0,None,143,258
2024-02-19,HOSP_RUH_01,Inhalers,22.3,78.88,0,None,145,262
2024-02-20,HOSP_RUH_01,Inhalers,25.1,69.32,0,None,144,260
2024-02-21,HOSP_RUH_01,Inhalers,18.7,79.29,0,None,143,257
2024-02-22,HOSP_RUH_01,Inhalers,21.6,70.4,0,None,156,281
2024-02-23,HOSP_RUH_01,Inhalers,22.7,40.46,0,None,126,227
2024-02-24,HOSP_RUH_01,Inhalers,21.9,63.85,0,None,142,255
2024-02-25,HOSP_RUH_01,Inhalers,17.3,77.82,0,None,138,248
2024-02-26,HOSP_RUH_01,Inhalers,22.1,91.45,0,None,138,249
2024-02-27,HOSP_RUH_01,Inhalers,18.5,68.73,0,None,135,243
2024-02-28,HOSP_RUH_01,Inhalers,22.2,71.19,0,None,136,245
2024-02-29,HOSP_RUH_01,Inhalers,26.6,86.62,0,None,142,255
2024-03-01,HOSP_RUH_01,Inhalers,19.9,41.86,0,None,98,177
2024-03-02,HOSP_RUH_01,Inhalers,24.8,45.44,0,None,119,213
2024-03-03,HOSP_RUH_01,Inhalers,28.9,49.5,0,None,137,247
2024-03-04,HOSP_RUH_01,Inhalers,17.7,52.91,0,None,128,231
2024-03-05,HOSP_RUH_01,Inhalers,15.2,64.19,0,None,108,193
2024-03-06,HOSP_RUH_01,Inhalers,19.1,57.26,0,None,130,235
2024-03-07,HOSP_RUH_01,Inhalers,19.6,41.62,0,None,125,225
2024-03-08,HOSP_RUH_01,Inhalers,23.7,58.37,0,None,119,214
2024-03-09,HOSP_RUH_01,Inhalers,24.1,46.64,0,None,108,193
2024-03-10,HOSP_RUH_01,Inhalers,21.9,52.18,1,Sandstorm/Dust_Storm,148,305
2024-03-11,HOSP_RUH_01,Inhalers,25.2,34.86,0,None,146,262
2024-03-12,HOSP_RUH_01,Inhalers,22.7,49.34,0,None,119,214
2024-03-13,HOSP_RUH_01,Inhalers,25.2,35.64,0,None,91,163
2024-03-14,HOSP_RUH_01,Inhalers,19.8,54.12,0,None,139,248
2024-03-15,HOSP_RUH_01,Inhalers,22.0,66.92,0,None,98,176
2024-03-16,HOSP_RUH_01,Inhalers,18.3,47.43,0,None,115,208
2024-03-17,HOSP_RUH_01,Inhalers,23.4,38.34,0,None,122,219
2024-03-18,HOSP_RUH_01,Inhalers,20.9,47.19,0,None,90,162
2024-03-19,HOSP_RUH_01,Inhalers,18.8,38.83,0,None,124,223
2024-03-20,HOSP_RUH_01,Inhalers,25.4,60.65,0,None,110,200
2024-03-21,HOSP_RUH_01,Inhalers,27.1,43.07,0,None,117,211
2024-03-22,HOSP_RUH_01,Inhalers,20.0,50.28,0,None,124,223
2024-03-23,HOSP_RUH_01,Inhalers,17.9,20.27,0,None,116,208
2024-03-24,HOSP_RUH_01,Inhalers,25.4,52.38,1,Sandstorm/Dust_Storm,167,339
2024-03-25,HOSP_RUH_01,Inhalers,24.9,56.1,0,None,121,218
2024-03-26,HOSP_RUH_01,Inhalers,29.5,58.02,0,None,129,231
2024-03-27,HOSP_RUH_01,Inhalers,24.5,60.89,0,None,128,230
2024-03-28,HOSP_RUH_01,Inhalers,21.3,55.63,0,None,131,236
2024-03-29,HOSP_RUH_01,Inhalers,22.3,66.65,0,None,123,221
2024-03-30,HOSP_RUH_01,Inhalers,22.2,37.33,1,Sandstorm/Dust_Storm,152,313
2024-03-31,HOSP_RUH_01,Inhalers,24.0,36.88,1,Sandstorm/Dust_Storm,138,289
2024-04-01,HOSP_RUH_01,Inhalers,23.8,50.51,0,None,133,240
2024-04-02,HOSP_RUH_01,Inhalers,22.2,60.84,0,None,114,205
2024-04-03,HOSP_RUH_01,Inhalers,20.0,43.31,0,None,118,211
2024-04-04,HOSP_RUH_01,Inhalers,23.3,59.42,0,None,114,205
2024-04-05,HOSP_RUH_01,Inhalers,18.5,66.97,0,None,126,225
2024-04-06,HOSP_RUH_01,Inhalers,26.7,57.63,0,None,102,183
2024-04-07,HOSP_RUH_01,Inhalers,24.1,65.51,0,None,112,202
2024-04-08,HOSP_RUH_01,Inhalers,27.0,33.32,1,Sandstorm/Dust_Storm,157,322
2024-04-09,HOSP_RUH_01,Inhalers,25.7,45.17,0,None,118,212
2024-04-10,HOSP_RUH_01,Inhalers,20.0,51.64,0,None,131,235
2024-04-11,HOSP_RUH_01,Inhalers,22.4,58.07,0,None,137,246
2024-04-12,HOSP_RUH_01,Inhalers,31.7,48.13,0,None,117,211
2024-04-13,HOSP_RUH_01,Inhalers,33.3,50.19,0,None,129,231
2024-04-14,HOSP_RUH_01,Inhalers,20.3,41.6,0,None,123,221
2024-04-15,HOSP_RUH_01,Inhalers,17.8,41.28,0,None,98,177
2024-04-16,HOSP_RUH_01,Inhalers,21.7,62.71,0,None,125,223
2024-04-17,HOSP_RUH_01,Inhalers,26.9,42.36,0,None,106,190
2024-04-18,HOSP_RUH_01,Inhalers,23.8,43.45,0,None,112,201
2024-04-19,HOSP_RUH_01,Inhalers,18.8,65.57,0,None,126,226
2024-04-20,HOSP_RUH_01,Inhalers,22.9,63.23,0,None,120,216
2024-04-21,HOSP_RUH_01,Inhalers,22.3,66.24,0,None,119,214
2024-04-22,HOSP_RUH_01,Inhalers,25.5,44.03,0,None,113,202
2024-04-23,HOSP_RUH_01,Inhalers,30.0,62.21,0,None,128,228
2024-04-24,HOSP_RUH_01,Inhalers,20.8,55.22,0,None,112,201
2024-04-25,HOSP_RUH_01,Inhalers,21.8,66.3,0,None,120,215
2024-04-26,HOSP_RUH_01,Inhalers,25.0,48.84,0,None,125,226
2024-04-27,HOSP_RUH_01,Inhalers,25.5,53.15,0,None,107,191
2024-04-28,HOSP_RUH_01,Inhalers,26.9,42.99,0,None,128,229
2024-04-29,HOSP_RUH_01,Inhalers,24.6,37.73,0,None,108,193
2024-04-30,HOSP_RUH_01,Inhalers,22.3,44.62,0,None,120,215
2024-05-01,HOSP_RUH_01,Inhalers,17.9,64.57,0,None,134,242
2024-05-02,HOSP_RUH_01,Inhalers,24.4,43.06,0,None,101,179
2024-05-03,HOSP_RUH_01,Inhalers,21.8,68.52,0,None,115,206
2024-05-04,HOSP_RUH_01,Inhalers,30.2,56.56,0,None,124,225
2024-05-05,HOSP_RUH_01,Inhalers,10.6,61.41,0,None,104,188
2024-05-06,HOSP_RUH_01,Inhalers,22.5,48.92,0,None,117,211
2024-05-07,HOSP_RUH_01,Inhalers,20.3,55.18,0,None,123,222
2024-05-08,HOSP_RUH_01,Inhalers,23.7,46.38,0,None,96,172
2024-05-09,HOSP_RUH_01,Inhalers,23.5,48.78,0,None,132,238
2024-05-10,HOSP_RUH_01,Inhalers,16.1,58.25,0,None,115,206
2024-05-11,HOSP_RUH_01,Inhalers,21.5,57.58,0,None,97,176
2024-05-12,HOSP_RUH_01,Inhalers,22.8,54.84,0,None,106,192
2024-05-13,HOSP_RUH_01,Inhalers,20.1,49.82,0,None,125,224
2024-05-14,HOSP_RUH_01,Inhalers,29.7,54.87,0,None,123,221
2024-05-15,HOSP_RUH_01,Inhalers,25.0,54.97,0,None,133,239
2024-05-16,HOSP_RUH_01,Inhalers,21.5,56.42,0,None,114,204
2024-05-17,HOSP_RUH_01,Inhalers,22.6,69.02,0,None,130,231
2024-05-18,HOSP_RUH_01,Inhalers,29.0,77.15,0,None,108,195
2024-05-19,HOSP_RUH_01,Inhalers,15.9,50.76,0,None,121,218
2024-05-20,HOSP_RUH_01,Inhalers,27.6,47.84,0,None,114,206
2024-05-21,HOSP_RUH_01,Inhalers,27.7,49.35,0,None,122,219
2024-05-22,HOSP_RUH_01,Inhalers,22.0,62.37,0,None,126,227
2024-05-23,HOSP_RUH_01,Inhalers,15.2,50.01,0,None,114,204
2024-05-24,HOSP_RUH_01,Inhalers,20.7,44.47,0,None,137,246
2024-05-25,HOSP_RUH_01,Inhalers,23.7,59.35,0,None,133,240
2024-05-26,HOSP_RUH_01,Inhalers,21.0,68.7,0,None,124,223
2024-05-27,HOSP_RUH_01,Inhalers,20.0,57.96,1,Sandstorm/Dust_Storm,168,343
2024-05-28,HOSP_RUH_01,Inhalers,23.0,68.89,0,None,112,201
2024-05-29,HOSP_RUH_01,Inhalers,17.7,48.99,0,None,116,208
2024-05-30,HOSP_RUH_01,Inhalers,20.1,43.55,0,None,139,249
2024-05-31,HOSP_RUH_01,Inhalers,21.7,64.73,0,None,134,243
2024-06-01,HOSP_RUH_01,Inhalers,33.1,32.29,0,None,110,197
2024-06-02,HOSP_RUH_01,Inhalers,40.0,50.86,0,None,111,197
2024-06-03,HOSP_RUH_01,Inhalers,35.8,40.07,0,None,104,186
2024-06-04,HOSP_RUH_01,Inhalers,36.7,40.89,0,None,109,194
2024-06-05,HOSP_RUH_01,Inhalers,34.5,48.46,0,None,129,231
2024-06-06,HOSP_RUH_01,Inhalers,42.5,56.19,0,None,119,213
2024-06-07,HOSP_RUH_01,Inhalers,40.8,53.81,0,None,129,232
2024-06-08,HOSP_RUH_01,Inhalers,39.3,53.41,0,None,121,218
2024-06-09,HOSP_RUH_01,Inhalers,36.2,42.03,0,None,124,223
2024-06-10,HOSP_RUH_01,Inhalers,43.7,36.92,0,None,122,218
2024-06-11,HOSP_RUH_01,Inhalers,40.1,83.78,0,None,111,199
2024-06-12,HOSP_RUH_01,Inhalers,43.9,51.5,1,Heatwave,161,289
2024-06-13,HOSP_RUH_01,Inhalers,43.4,47.27,0,None,125,226
2024-06-14,HOSP_RUH_01,Inhalers,32.7,55.47,0,None,128,231
2024-06-15,HOSP_RUH_01,Inhalers,40.5,50.53,0,None,117,209
2024-06-16,HOSP_RUH_01,Inhalers,41.9,57.58,1,Heatwave,149,268
2024-06-17,HOSP_RUH_01,Inhalers,40.6,47.73,0,None,143,256
2024-06-18,HOSP_RUH_01,Inhalers,33.4,37.22,0,None,122,219
2024-06-19,HOSP_RUH_01,Inhalers,31.3,38.9,0,None,157,282
2024-06-20,HOSP_RUH_01,Inhalers,32.9,48.96,0,None,102,182
2024-06-21,HOSP_RUH_01,Inhalers,37.4,47.97,0,None,111,200
2024-06-22,HOSP_RUH_01,Inhalers,33.6,37.18,0,None,103,185
2024-06-23,HOSP_RUH_01,Inhalers,28.4,55.25,0,None,116,208
2024-06-24,HOSP_RUH_01,Inhalers,37.4,42.73,0,None,112,200
2024-06-25,HOSP_RUH_01,Inhalers,40.3,53.8,0,None,122,219
2024-06-26,HOSP_RUH_01,Inhalers,35.7,63.76,0,None,112,199
2024-06-27,HOSP_RUH_01,Inhalers,39.0,54.02,1,Sandstorm/Dust_Storm,153,315
2024-06-28,HOSP_RUH_01,Inhalers,37.7,60.11,0,None,122,220
2024-06-29,HOSP_RUH_01,Inhalers,36.6,47.68,0,None,119,213
2024-06-30,HOSP_RUH_01,Inhalers,37.9,55.97,0,None,116,209
2024-07-01,HOSP_RUH_01,Inhalers,37.8,28.2,0,None,132,237
2024-07-02,HOSP_RUH_01,Inhalers,27.3,63.27,0,None,119,213
2024-07-03,HOSP_RUH_01,Inhalers,39.7,44.56,0,None,126,226
2024-07-04,HOSP_RUH_01,Inhalers,33.2,38.06,0,None,113,202
2024-07-05,HOSP_RUH_01,Inhalers,33.9,31.87,0,None,135,245
2024-07-06,HOSP_RUH_01,Inhalers,42.2,36.88,0,None,127,229
2024-07-07,HOSP_RUH_01,Inhalers,32.0,44.23,0,None,144,259
2024-07-08,HOSP_RUH_01,Inhalers,35.1,49.48,0,None,106,190
2024-07-09,HOSP_RUH_01,Inhalers,43.7,45.36,0,None,120,216
2024-07-10,HOSP_RUH_01,Inhalers,41.7,45.84,0,None,120,216
2024-07-11,HOSP_RUH_01,Inhalers,36.1,46.25,0,None,119,213
2024-07-12,HOSP_RUH_01,Inhalers,36.4,64.14,0,None,110,198
2024-07-13,HOSP_RUH_01,Inhalers,43.2,52.27,0,None,115,206
2024-07-14,HOSP_RUH_01,Inhalers,34.9,59.02,0,None,127,229
2024-07-15,HOSP_RUH_01,Inhalers,38.5,68.63,0,None,125,226
2024-07-16,HOSP_RUH_01,Inhalers,45.5,53.41,0,None,111,198
2024-07-17,HOSP_RUH_01,Inhalers,44.1,49.6,0,None,105,187
2024-07-18,HOSP_RUH_01,Inhalers,42.0,49.09,0,None,105,188
2024-07-19,HOSP_RUH_01,Inhalers,39.3,41.8,0,None,112,202
2024-07-20,HOSP_RUH_01,Inhalers,44.4,58.49,0,None,112,200
2024-07-21,HOSP_RUH_01,Inhalers,43.6,59.71,0,None,129,233
2024-07-22,HOSP_RUH_01,Inhalers,40.1,62.78,0,None,123,222
2024-07-23,HOSP_RUH_01,Inhalers,43.2,51.86,0,None,93,168
2024-07-24,HOSP_RUH_01,Inhalers,45.6,47.66,0,None,134,242
2024-07-25,HOSP_RUH_01,Inhalers,40.0,54.3,0,None,106,191
2024-07-26,HOSP_RUH_01,Inhalers,38.5,38.42,0,None,105,190
2024-07-27,HOSP_RUH_01,Inhalers,38.0,60.69,0,None,113,203
2024-07-28,HOSP_RUH_01,Inhalers,43.7,44.89,0,None,114,205
2024-07-29,HOSP_RUH_01,Inhalers,39.3,44.09,0,None,114,204
2024-07-30,HOSP_RUH_01,Inhalers,36.3,60.97,0,None,126,227
2024-07-31,HOSP_RUH_01,Inhalers,34.2,43.94,0,None,105,188
2024-08-01,HOSP_RUH_01,Inhalers,36.9,50.24,0,None,120,216
2024-08-02,HOSP_RUH_01,Inhalers,48.1,33.63,0,None,118,211
2024-08-03,HOSP_RUH_01,Inhalers,35.4,50.73,0,None,106,191
2024-08-04,HOSP_RUH_01,Inhalers,33.7,44.56,0,None,116,208
2024-08-05,HOSP_RUH_01,Inhalers,37.3,53.06,0,None,127,231
2024-08-06,HOSP_RUH_01,Inhalers,34.3,54.78,0,None,129,232
2024-08-07,HOSP_RUH_01,Inhalers,39.6,62.78,0,None,118,211
2024-08-08,HOSP_RUH_01,Inhalers,30.7,71.77,0,None,121,216
2024-08-09,HOSP_RUH_01,Inhalers,43.9,26.21,0,None,149,268
2024-08-10,HOSP_RUH_01,Inhalers,38.7,59.77,1,Sandstorm/Dust_Storm,168,342
2024-08-11,HOSP_RUH_01,Inhalers,29.6,44.1,0,None,138,245
2024-08-12,HOSP_RUH_01,Inhalers,40.9,55.1,0,None,119,213
2024-08-13,HOSP_RUH_01,Inhalers,46.4,35.44,0,None,123,223
2024-08-14,HOSP_RUH_01,Inhalers,35.2,28.76,0,None,107,193
2024-08-15,HOSP_RUH_01,Inhalers,41.3,44.92,0,None,138,247
2024-08-16,HOSP_RUH_01,Inhalers,35.0,51.01,0,None,126,227
2024-08-17,HOSP_RUH_01,Inhalers,23.0,53.28,0,None,104,189
2024-08-18,HOSP_RUH_01,Inhalers,34.8,29.38,1,Sandstorm/Dust_Storm,135,283
2024-08-19,HOSP_RUH_01,Inhalers,31.9,42.69,0,None,143,257
2024-08-20,HOSP_RUH_01,Inhalers,40.0,61.83,0,None,136,244
2024-08-21,HOSP_RUH_01,Inhalers,35.5,67.33,0,None,137,246
2024-08-22,HOSP_RUH_01,Inhalers,33.9,44.97,0,None,105,188
2024-08-23,HOSP_RUH_01,Inhalers,39.4,63.43,0,None,100,181
2024-08-24,HOSP_RUH_01,Inhalers,41.0,55.14,0,None,118,211
2024-08-25,HOSP_RUH_01,Inhalers,42.5,50.13,0,None,133,239
2024-08-26,HOSP_RUH_01,Inhalers,31.3,55.86,0,None,133,240
2024-08-27,HOSP_RUH_01,Inhalers,36.9,51.03,0,None,117,209
2024-08-28,HOSP_RUH_01,Inhalers,32.8,46.41,0,None,130,234
2024-08-29,HOSP_RUH_01,Inhalers,38.3,47.11,0,None,113,204
2024-08-30,HOSP_RUH_01,Inhalers,47.8,39.7,0,None,118,213
2024-08-31,HOSP_RUH_01,Inhalers,40.1,52.34,0,None,105,189
2024-09-01,HOSP_RUH_01,Inhalers,22.5,49.82,0,None,127,227
2024-09-02,HOSP_RUH_01,Inhalers,28.4,47.92,0,None,123,219
2024-09-03,HOSP_RUH_01,Inhalers,28.9,56.46,0,None,123,221
2024-09-04,HOSP_RUH_01,Inhalers,19.9,63.49,0,None,124,223
2024-09-05,HOSP_RUH_01,Inhalers,26.3,50.68,0,None,122,219
2024-09-06,HOSP_RUH_01,Inhalers,22.5,39.33,0,None,120,215
2024-09-07,HOSP_RUH_01,Inhalers,25.9,30.75,0,None,115,208
2024-09-08,HOSP_RUH_01,Inhalers,29.4,49.1,0,None,115,206
2024-09-09,HOSP_RUH_01,Inhalers,20.6,49.2,0,None,127,226
2024-09-10,HOSP_RUH_01,Inhalers,21.0,54.06,0,None,139,250
2024-09-11,HOSP_RUH_01,Inhalers,29.0,34.49,0,None,125,225
2024-09-12,HOSP_RUH_01,Inhalers,19.6,47.55,0,None,97,173
2024-09-13,HOSP_RUH_01,Inhalers,17.0,67.29,0,None,102,183
2024-09-14,HOSP_RUH_01,Inhalers,31.8,66.71,0,None,132,238
2024-09-15,HOSP_RUH_01,Inhalers,18.0,41.9,0,None,135,242
2024-09-16,HOSP_RUH_01,Inhalers,22.1,64.24,0,None,130,234
2024-09-17,HOSP_RUH_01,Inhalers,25.6,51.21,0,None,137,246
2024-09-18,HOSP_RUH_01,Inhalers,25.0,39.43,0,None,106,191
2024-09-19,HOSP_RUH_01,Inhalers,23.0,66.81,0,None,111,199
2024-09-20,HOSP_RUH_01,Inhalers,34.4,51.73,0,None,119,214
2024-09-21,HOSP_RUH_01,Inhalers,23.4,68.75,0,None,106,191
2024-09-22,HOSP_RUH_01,Inhalers,23.8,47.06,0,None,132,236
2024-09-23,HOSP_RUH_01,Inhalers,22.1,27.17,0,None,122,220
2024-09-24,HOSP_RUH_01,Inhalers,27.8,45.42,0,None,117,211
2024-09-25,HOSP_RUH_01,Inhalers,23.1,46.08,0,None,136,245
2024-09-26,HOSP_RUH_01,Inhalers,24.0,39.12,0,None,119,212
2024-09-27,HOSP_RUH_01,Inhalers,24.8,53.37,0,None,119,215
2024-09-28,HOSP_RUH_01,Inhalers,24.7,43.81,0,None,115,205
2024-09-29,HOSP_RUH_01,Inhalers,21.8,48.05,0,None,107,193
2024-09-30,HOSP_RUH_01,Inhalers,17.7,55.55,1,Sandstorm/Dust_Storm,160,328
2024-10-01,HOSP_RUH_01,Inhalers,21.6,48.79,0,None,139,249
2024-10-02,HOSP_RUH_01,Inhalers,20.6,26.88,0,None,115,206
2024-10-03,HOSP_RUH_01,Inhalers,24.1,46.69,0,None,105,188
2024-10-04,HOSP_RUH_01,Inhalers,31.5,43.46,0,None,117,213
2024-10-05,HOSP_RUH_01,Inhalers,15.8,55.43,0,None,119,213
2024-10-06,HOSP_RUH_01,Inhalers,23.7,60.77,0,None,118,211
2024-10-07,HOSP_RUH_01,Inhalers,24.0,38.96,0,None,124,223
2024-10-08,HOSP_RUH_01,Inhalers,26.9,55.1,0,None,121,217
2024-10-09,HOSP_RUH_01,Inhalers,23.3,45.03,0,None,105,189
2024-10-10,HOSP_RUH_01,Inhalers,17.6,58.35,0,None,115,208
2024-10-11,HOSP_RUH_01,Inhalers,24.0,46.24,1,Sandstorm/Dust_Storm,148,305
2024-10-12,HOSP_RUH_01,Inhalers,26.5,55.7,0,None,112,203
2024-10-13,HOSP_RUH_01,Inhalers,26.2,59.85,0,None,124,222
2024-10-14,HOSP_RUH_01,Inhalers,17.1,50.2,0,None,126,225
2024-10-15,HOSP_RUH_01,Inhalers,18.2,41.75,0,None,89,161
2024-10-16,HOSP_RUH_01,Inhalers,22.7,30.95,0,None,136,245
2024-10-17,HOSP_RUH_01,Inhalers,27.3,41.67,0,None,108,195
2024-10-18,HOSP_RUH_01,Inhalers,15.6,52.07,0,None,120,217
2024-10-19,HOSP_RUH_01,Inhalers,12.2,53.85,0,None,124,223
2024-10-20,HOSP_RUH_01,Inhalers,21.5,48.09,0,None,112,200
2024-10-21,HOSP_RUH_01,Inhalers,17.4,52.03,0,None,87,157
2024-10-22,HOSP_RUH_01,Inhalers,17.4,49.47,0,None,127,229
2024-10-23,HOSP_RUH_01,Inhalers,26.6,50.77,0,None,120,215
2024-10-24,HOSP_RUH_01,Inhalers,23.5,61.26,0,None,113,202
2024-10-25,HOSP_RUH_01,Inhalers,19.2,45.94,0,None,128,230
2024-10-26,HOSP_RUH_01,Inhalers,22.7,40.49,0,None,134,239
2024-10-27,HOSP_RUH_01,Inhalers,22.8,46.72,0,None,101,184
2024-10-28,HOSP_RUH_01,Inhalers,20.9,55.14,0,None,112,202
2024-10-29,HOSP_RUH_01,Inhalers,20.9,50.19,0,None,128,231
2024-10-30,HOSP_RUH_01,Inhalers,20.9,54.98,0,None,131,236
2024-10-31,HOSP_RUH_01,Inhalers,32.8,38.72,0,None,109,195
2024-11-01,HOSP_RUH_01,Inhalers,25.4,61.5,0,None,160,287
2024-11-02,HOSP_RUH_01,Inhalers,13.7,72.38,0,None,129,233
2024-11-03,HOSP_RUH_01,Inhalers,13.6,91.79,0,None,152,274
2024-11-04,HOSP_RUH_01,Inhalers,21.1,85.18,0,None,131,237
2024-11-05,HOSP_RUH_01,Inhalers,23.6,77.09,0,None,128,232
2024-11-06,HOSP_RUH_01,Inhalers,24.1,74.88,0,None,163,292
2024-11-07,HOSP_RUH_01,Inhalers,20.1,76.75,0,None,149,267
2024-11-08,HOSP_RUH_01,Inhalers,28.9,79.96,0,None,142,256
2024-11-09,HOSP_RUH_01,Inhalers,26.0,95.36,0,None,144,259
2024-11-10,HOSP_RUH_01,Inhalers,25.9,91.76,0,None,142,253
2024-11-11,HOSP_RUH_01,Inhalers,21.2,77.15,0,None,154,277
2024-11-12,HOSP_RUH_01,Inhalers,14.9,87.36,0,None,171,307
2024-11-13,HOSP_RUH_01,Inhalers,25.9,72.96,0,None,153,275
2024-11-14,HOSP_RUH_01,Inhalers,19.3,58.65,0,None,143,257
2024-11-15,HOSP_RUH_01,Inhalers,21.4,62.62,0,None,143,259
2024-11-16,HOSP_RUH_01,Inhalers,21.7,76.11,0,None,154,277
2024-11-17,HOSP_RUH_01,Inhalers,22.3,77.15,0,None,147,265
2024-11-18,HOSP_RUH_01,Inhalers,19.7,67.41,0,None,138,249
2024-11-19,HOSP_RUH_01,Inhalers,18.9,55.84,0,None,168,302
2024-11-20,HOSP_RUH_01,Inhalers,24.5,64.57,0,None,155,278
2024-11-21,HOSP_RUH_01,Inhalers,18.4,65.23,0,None,149,269
2024-11-22,HOSP_RUH_01,Inhalers,25.8,71.47,0,None,137,247
2024-11-23,HOSP_RUH_01,Inhalers,13.0,70.69,0,None,159,285
2024-11-24,HOSP_RUH_01,Inhalers,19.2,82.0,0,None,169,305
2024-11-25,HOSP_RUH_01,Inhalers,17.0,83.02,0,None,163,294
2024-11-26,HOSP_RUH_01,Inhalers,22.7,68.1,0,None,145,259
2024-11-27,HOSP_RUH_01,Inhalers,32.1,65.03,0,None,121,217
2024-11-28,HOSP_RUH_01,Inhalers,19.5,55.13,0,None,128,230
2024-11-29,HOSP_RUH_01,Inhalers,22.7,86.09,1,Sandstorm/Dust_Storm,191,385
2024-11-30,HOSP_RUH_01,Inhalers,21.3,79.09,0,None,155,278
2024-12-01,HOSP_RUH_01,Inhalers,24.1,82.8,0,None,153,276
2024-12-02,HOSP_RUH_01,Inhalers,23.7,68.42,0,None,147,264
2024-12-03,HOSP_RUH_01,Inhalers,23.2,81.04,0,None,129,232
2024-12-04,HOSP_RUH_01,Inhalers,26.0,89.81,0,None,149,268
2024-12-05,HOSP_RUH_01,Inhalers,20.6,72.76,0,None,128,230
2024-12-06,HOSP_RUH_01,Inhalers,27.9,53.39,0,None,140,253
2024-12-07,HOSP_RUH_01,Inhalers,28.7,64.77,0,None,156,281
2024-12-08,HOSP_RUH_01,Inhalers,28.3,68.93,0,None,137,245
2024-12-09,HOSP_RUH_01,Inhalers,23.9,78.11,0,None,134,241
2024-12-10,HOSP_RUH_01,Inhalers,20.8,73.43,0,None,146,264
2024-12-11,HOSP_RUH_01,Inhalers,21.6,77.87,0,None,163,296
2024-12-12,HOSP_RUH_01,Inhalers,20.3,77.51,0,None,142,255
2024-12-13,HOSP_RUH_01,Inhalers,25.1,72.15,0,None,173,312
2024-12-14,HOSP_RUH_01,Inhalers,20.2,58.16,1,Sandstorm/Dust_Storm,195,391
2024-12-15,HOSP_RUH_01,Inhalers,28.5,86.57,0,None,121,217
2024-12-16,HOSP_RUH_01,Inhalers,20.8,86.12,0,None,145,261
2024-12-17,HOSP_RUH_01,Inhalers,20.5,81.51,0,None,134,240
2024-12-18,HOSP_RUH_01,Inhalers,23.7,54.79,0,None,157,282
2024-12-19,HOSP_RUH_01,Inhalers,23.8,85.06,0,None,148,265
2024-12-20,HOSP_RUH_01,Inhalers,21.1,95.57,0,None,129,231
2024-12-21,HOSP_RUH_01,Inhalers,23.5,65.25,0,None,139,248
2024-12-22,HOSP_RUH_01,Inhalers,29.4,86.26,0,None,135,243
2024-12-23,HOSP_RUH_01,Inhalers,21.4,67.99,0,None,135,243
2024-12-24,HOSP_RUH_01,Inhalers,22.7,77.27,0,None,137,247
2024-12-25,HOSP_RUH_01,Inhalers,20.4,81.39,0,None,151,273
2024-12-26,HOSP_RUH_01,Inhalers,24.8,91.35,0,None,155,278
2024-12-27,HOSP_RUH_01,Inhalers,15.5,79.55,0,None,159,286
2024-12-28,HOSP_RUH_01,Inhalers,26.3,81.23,0,None,156,279
2024-12-29,HOSP_RUH_01,Inhalers,19.2,73.28,0,None,140,252
2024-12-30,HOSP_RUH_01,Inhalers,23.6,66.16,0,None,141,255
2024-12-31,HOSP_RUH_01,Inhalers,22.4,84.11,0,None,150,270
2025-01-01,HOSP_RUH_01,Inhalers,21.7,71.17,1,Sandstorm/Dust_Storm,194,388
2025-01-02,HOSP_RUH_01,Inhalers,19.4,83.01,0,None,147,264
2025-01-03,HOSP_RUH_01,Inhalers,17.6,68.43,0,None,144,258
2025-01-04,HOSP_RUH_01,Inhalers,19.3,89.98,0,None,139,250
2025-01-05,HOSP_RUH_01,Inhalers,23.6,69.44,0,None,132,238
2025-01-06,HOSP_RUH_01,Inhalers,26.7,69.17,0,None,141,254
2025-01-07,HOSP_RUH_01,Inhalers,25.7,82.4,0,None,141,253
2025-01-08,HOSP_RUH_01,Inhalers,30.9,78.29,0,None,147,262
2025-01-09,HOSP_RUH_01,Inhalers,26.1,79.55,0,None,122,219
2025-01-10,HOSP_RUH_01,Inhalers,19.2,72.7,1,Sandstorm/Dust_Storm,181,364
2025-01-11,HOSP_RUH_01,Inhalers,22.6,69.53,0,None,135,243
2025-01-12,HOSP_RUH_01,Inhalers,28.2,68.08,0,None,136,244
2025-01-13,HOSP_RUH_01,Inhalers,22.3,92.85,0,None,153,274
2025-01-14,HOSP_RUH_01,Inhalers,13.6,76.19,0,None,155,278
2025-01-15,HOSP_RUH_01,Inhalers,15.5,66.64,0,None,150,270
2025-01-16,HOSP_RUH_01,Inhalers,31.2,71.5,0,None,138,248
2025-01-17,HOSP_RUH_01,Inhalers,22.3,87.84,0,None,154,277
2025-01-18,HOSP_RUH_01,Inhalers,26.9,79.72,0,None,141,253
2025-01-19,HOSP_RUH_01,Inhalers,23.3,67.84,0,None,150,268
2025-01-20,HOSP_RUH_01,Inhalers,31.6,84.42,0,None,135,242
2025-01-21,HOSP_RUH_01,Inhalers,22.1,78.09,0,None,152,273
2025-01-22,HOSP_RUH_01,Inhalers,23.4,72.04,0,None,148,265
2025-01-23,HOSP_RUH_01,Inhalers,17.2,68.71,0,None,126,226
2025-01-24,HOSP_RUH_01,Inhalers,17.9,62.79,0,None,142,257
2025-01-25,HOSP_RUH_01,Inhalers,20.9,80.49,0,None,138,247
2025-01-26,HOSP_RUH_01,Inhalers,18.8,74.83,0,None,126,229
2025-01-27,HOSP_RUH_01,Inhalers,22.4,65.34,0,None,139,250
2025-01-28,HOSP_RUH_01,Inhalers,20.7,76.37,0,None,162,290
2025-01-29,HOSP_RUH_01,Inhalers,23.6,78.17,0,None,148,266
2025-01-30,HOSP_RUH_01,Inhalers,23.6,66.95,0,None,151,270
2025-01-31,HOSP_RUH_01,Inhalers,22.5,72.63,0,None,139,248
2025-02-01,HOSP_RUH_01,Inhalers,21.7,77.56,0,None,144,260
2025-02-02,HOSP_RUH_01,Inhalers,23.5,82.01,0,None,139,250
2025-02-03,HOSP_RUH_01,Inhalers,25.6,90.94,0,None,142,254
2025-02-04,HOSP_RUH_01,Inhalers,18.9,80.11,0,None,142,255
2025-02-05,HOSP_RUH_01,Inhalers,21.2,82.74,0,None,144,258
2025-02-06,HOSP_RUH_01,Inhalers,25.2,59.74,0,None,129,231
2025-02-07,HOSP_RUH_01,Inhalers,21.9,75.93,0,None,155,279
2025-02-08,HOSP_RUH_01,Inhalers,20.9,75.03,0,None,151,271
2025-02-09,HOSP_RUH_01,Inhalers,19.0,81.4,0,None,154,277
2025-02-10,HOSP_RUH_01,Inhalers,20.8,75.0,0,None,125,225
2025-02-11,HOSP_RUH_01,Inhalers,19.3,91.32,0,None,131,235
2025-02-12,HOSP_RUH_01,Inhalers,20.1,66.41,0,None,140,251
2025-02-13,HOSP_RUH_01,Inhalers,25.7,82.61,0,None,141,255
2025-02-14,HOSP_RUH_01,Inhalers,16.6,80.08,0,None,149,268
2025-02-15,HOSP_RUH_01,Inhalers,22.8,72.38,0,None,145,261
2025-02-16,HOSP_RUH_01,Inhalers,17.2,63.78,1,Sandstorm/Dust_Storm,193,387
2025-02-17,HOSP_RUH_01,Inhalers,21.6,74.29,1,Sandstorm/Dust_Storm,171,347
2025-02-18,HOSP_RUH_01,Inhalers,21.6,80.33,0,None,152,272
2025-02-19,HOSP_RUH_01,Inhalers,20.4,70.71,0,None,154,276
2025-02-20,HOSP_RUH_01,Inhalers,22.8,90.59,0,None,140,251
2025-02-21,HOSP_RUH_01,Inhalers,21.2,66.27,0,None,143,259
2025-02-22,HOSP_RUH_01,Inhalers,23.2,68.01,0,None,149,269
2025-02-23,HOSP_RUH_01,Inhalers,18.2,83.62,0,None,135,246
2025-02-24,HOSP_RUH_01,Inhalers,19.8,89.67,0,None,167,300
2025-02-25,HOSP_RUH_01,Inhalers,27.6,73.93,0,None,140,251
2025-02-26,HOSP_RUH_01,Inhalers,24.5,83.58,0,None,149,270
2025-02-27,HOSP_RUH_01,Inhalers,19.6,86.37,0,None,126,228
2025-02-28,HOSP_RUH_01,Inhalers,25.0,75.75,0,None,145,260
2025-03-01,HOSP_RUH_01,Inhalers,26.5,59.74,0,None,114,205
2025-03-02,HOSP_RUH_01,Inhalers,22.8,42.84,0,None,114,205
2025-03-03,HOSP_RUH_01,Inhalers,16.6,39.4,0,None,122,218
2025-03-04,HOSP_RUH_01,Inhalers,22.6,69.29,0,None,136,244
2025-03-05,HOSP_RUH_01,Inhalers,23.2,68.99,0,None,126,226
2025-03-06,HOSP_RUH_01,Inhalers,22.2,35.5,0,None,138,248
2025-03-07,HOSP_RUH_01,Inhalers,26.5,28.34,0,None,98,177
2025-03-08,HOSP_RUH_01,Inhalers,17.5,63.59,0,None,122,218
2025-03-09,HOSP_RUH_01,Inhalers,26.2,57.69,0,None,136,245
2025-03-10,HOSP_RUH_01,Inhalers,25.5,54.73,0,None,119,214
2025-03-11,HOSP_RUH_01,Inhalers,22.7,48.65,0,None,126,225
2025-03-12,HOSP_RUH_01,Inhalers,23.5,48.87,0,None,121,217
2025-03-13,HOSP_RUH_01,Inhalers,19.8,41.81,0,None,127,229
2025-03-14,HOSP_RUH_01,Inhalers,23.8,60.39,0,None,119,214
2025-03-15,HOSP_RUH_01,Inhalers,26.3,66.53,0,None,90,161
2025-03-16,HOSP_RUH_01,Inhalers,22.6,61.72,0,None,120,215
2025-03-17,HOSP_RUH_01,Inhalers,14.9,46.69,0,None,103,184
2025-03-18,HOSP_RUH_01,Inhalers,25.0,48.16,0,None,127,228
2025-03-19,HOSP_RUH_01,Inhalers,26.0,38.92,0,None,159,287
2025-03-20,HOSP_RUH_01,Inhalers,26.5,47.33,0,None,139,249
2025-03-21,HOSP_RUH_01,Inhalers,19.4,23.64,0,None,103,185
2025-03-22,HOSP_RUH_01,Inhalers,22.8,40.39,0,None,107,194
2025-03-23,HOSP_RUH_01,Inhalers,30.0,69.82,0,None,102,185
2025-03-24,HOSP_RUH_01,Inhalers,22.3,45.95,0,None,122,218
2025-03-25,HOSP_RUH_01,Inhalers,29.0,66.07,0,None,134,241
2025-03-26,HOSP_RUH_01,Inhalers,22.9,53.07,0,None,114,205
2025-03-27,HOSP_RUH_01,Inhalers,24.6,59.44,0,None,102,185
2025-03-28,HOSP_RUH_01,Inhalers,23.9,38.18,0,None,118,213
2025-03-29,HOSP_RUH_01,Inhalers,21.3,42.92,0,None,127,228
2025-03-30,HOSP_RUH_01,Inhalers,28.4,61.6,0,None,141,254
2025-03-31,HOSP_RUH_01,Inhalers,20.9,51.58,0,None,128,231
2025-04-01,HOSP_RUH_01,Inhalers,24.3,48.46,0,None,122,219
2025-04-02,HOSP_RUH_01,Inhalers,19.2,49.95,0,None,133,238
2025-04-03,HOSP_RUH_01,Inhalers,20.3,54.0,0,None,124,223
2025-04-04,HOSP_RUH_01,Inhalers,18.5,36.03,0,None,108,195
2025-04-05,HOSP_RUH_01,Inhalers,30.0,54.49,0,None,119,215
2025-04-06,HOSP_RUH_01,Inhalers,30.0,50.08,0,None,108,193
2025-04-07,HOSP_RUH_01,Inhalers,29.4,27.43,0,None,134,242
2025-04-08,HOSP_RUH_01,Inhalers,21.6,48.71,0,None,117,210
2025-04-09,HOSP_RUH_01,Inhalers,23.9,46.12,1,Sandstorm/Dust_Storm,154,319
2025-04-10,HOSP_RUH_01,Inhalers,24.6,37.63,0,None,121,218
2025-04-11,HOSP_RUH_01,Inhalers,28.1,38.72,0,None,123,221
2025-04-12,HOSP_RUH_01,Inhalers,25.2,62.32,0,None,121,216
2025-04-13,HOSP_RUH_01,Inhalers,18.6,54.59,0,None,127,229
2025-04-14,HOSP_RUH_01,Inhalers,22.4,36.78,0,None,107,192
2025-04-15,HOSP_RUH_01,Inhalers,24.4,53.95,0,None,106,190
2025-04-16,HOSP_RUH_01,Inhalers,26.6,50.06,0,None,141,252
2025-04-17,HOSP_RUH_01,Inhalers,18.5,34.27,0,None,100,180
2025-04-18,HOSP_RUH_01,Inhalers,19.0,46.23,0,None,128,230
2025-04-19,HOSP_RUH_01,Inhalers,17.4,50.1,0,None,109,197
2025-04-20,HOSP_RUH_01,Inhalers,23.9,59.41,0,None,117,210
2025-04-21,HOSP_RUH_01,Inhalers,23.6,53.27,0,None,135,243
2025-04-22,HOSP_RUH_01,Inhalers,25.4,52.06,0,None,104,185
2025-04-23,HOSP_RUH_01,Inhalers,26.3,27.86,1,Sandstorm/Dust_Storm,170,346
2025-04-24,HOSP_RUH_01,Inhalers,28.0,42.19,0,None,107,192
2025-04-25,HOSP_RUH_01,Inhalers,22.1,51.36,1,Sandstorm/Dust_Storm,160,328
2025-04-26,HOSP_RUH_01,Inhalers,27.0,31.94,0,None,104,186
2025-04-27,HOSP_RUH_01,Inhalers,27.0,46.52,1,Sandstorm/Dust_Storm,179,361
2025-04-28,HOSP_RUH_01,Inhalers,16.7,45.62,0,None,137,247
2025-04-29,HOSP_RUH_01,Inhalers,15.9,33.72,0,None,114,204
2025-04-30,HOSP_RUH_01,Inhalers,16.1,77.72,0,None,121,217
2025-05-01,HOSP_RUH_01,Inhalers,34.4,67.41,0,None,105,190
2025-05-02,HOSP_RUH_01,Inhalers,16.9,59.37,0,None,113,200
2025-05-03,HOSP_RUH_01,Inhalers,22.8,54.45,1,Sandstorm/Dust_Storm,161,330
2025-05-04,HOSP_RUH_01,Inhalers,28.5,46.77,0,None,111,199
2025-05-05,HOSP_RUH_01,Inhalers,23.0,59.43,0,None,135,244
2025-05-06,HOSP_RUH_01,Inhalers,28.8,53.34,0,None,121,218
2025-05-07,HOSP_RUH_01,Inhalers,28.1,41.35,0,None,109,195
2025-05-08,HOSP_RUH_01,Inhalers,30.3,51.82,0,None,127,227
2025-05-09,HOSP_RUH_01,Inhalers,18.1,71.18,0,None,130,234
2025-05-10,HOSP_RUH_01,Inhalers,18.8,41.23,0,None,133,240
2025-05-11,HOSP_RUH_01,Inhalers,29.4,40.62,0,None,111,199
2025-05-12,HOSP_RUH_01,Inhalers,24.1,44.14,0,None,123,221
2025-05-13,HOSP_RUH_01,Inhalers,26.3,48.13,0,None,110,198
2025-05-14,HOSP_RUH_01,Inhalers,23.4,47.18,0,None,126,226
2025-05-15,HOSP_RUH_01,Inhalers,22.7,37.19,0,None,111,198
2025-05-16,HOSP_RUH_01,Inhalers,25.1,32.96,0,None,114,205
2025-05-17,HOSP_RUH_01,Inhalers,20.6,47.58,0,None,93,168
2025-05-18,HOSP_RUH_01,Inhalers,18.4,30.26,0,None,120,216
2025-05-19,HOSP_RUH_01,Inhalers,19.3,33.89,0,None,97,173
2025-05-20,HOSP_RUH_01,Inhalers,20.2,46.28,0,None,132,236
2025-05-21,HOSP_RUH_01,Inhalers,30.7,37.48,0,None,134,239
2025-05-22,HOSP_RUH_01,Inhalers,20.5,38.24,0,None,118,213
2025-05-23,HOSP_RUH_01,Inhalers,32.4,48.2,0,None,106,193
2025-05-24,HOSP_RUH_01,Inhalers,24.5,51.95,0,None,126,226
2025-05-25,HOSP_RUH_01,Inhalers,27.9,51.66,0,None,108,196
2025-05-26,HOSP_RUH_01,Inhalers,24.3,43.0,0,None,128,231
2025-05-27,HOSP_RUH_01,Inhalers,21.1,41.04,0,None,134,242
2025-05-28,HOSP_RUH_01,Inhalers,16.9,64.7,0,None,119,213
2025-05-29,HOSP_RUH_01,Inhalers,29.3,52.82,0,None,123,221
2025-05-30,HOSP_RUH_01,Inhalers,20.3,49.86,0,None,115,206
2025-05-31,HOSP_RUH_01,Inhalers,24.7,48.47,0,None,136,245
2025-06-01,HOSP_RUH_01,Inhalers,41.3,57.81,0,None,148,267
2025-06-02,HOSP_RUH_01,Inhalers,35.8,40.07,0,None,114,205
2025-06-03,HOSP_RUH_01,Inhalers,38.2,69.21,0,None,132,238
2025-06-04,HOSP_RUH_01,Inhalers,36.5,60.3,0,None,103,183
2025-06-05,HOSP_RUH_01,Inhalers,42.4,55.54,0,None,114,205
2025-06-06,HOSP_RUH_01,Inhalers,33.5,54.51,0,None,114,206
2025-06-07,HOSP_RUH_01,Inhalers,42.6,59.44,0,None,123,220
2025-06-08,HOSP_RUH_01,Inhalers,32.3,51.11,0,None,101,182
2025-06-09,HOSP_RUH_01,Inhalers,35.7,50.94,0,None,113,202
2025-06-10,HOSP_RUH_01,Inhalers,39.3,62.71,0,None,119,215
2025-06-11,HOSP_RUH_01,Inhalers,49.0,46.96,0,None,100,180
2025-06-12,HOSP_RUH_01,Inhalers,33.8,53.15,0,None,117,209
2025-06-13,HOSP_RUH_01,Inhalers,38.2,63.01,0,None,132,237
2025-06-14,HOSP_RUH_01,Inhalers,41.8,36.68,0,None,108,190
2025-06-15,HOSP_RUH_01,Inhalers,36.5,40.55,0,None,127,228
2025-06-16,HOSP_RUH_01,Inhalers,42.4,50.34,0,None,105,189
2025-06-17,HOSP_RUH_01,Inhalers,33.8,53.91,0,None,109,197
2025-06-18,HOSP_RUH_01,Inhalers,41.1,33.02,0,None,127,230
2025-06-19,HOSP_RUH_01,Inhalers,33.1,68.88,0,None,119,213
2025-06-20,HOSP_RUH_01,Inhalers,40.5,51.85,0,None,115,207
2025-06-21,HOSP_RUH_01,Inhalers,33.9,41.9,0,None,112,204
2025-06-22,HOSP_RUH_01,Inhalers,42.6,40.32,0,None,126,226
2025-06-23,HOSP_RUH_01,Inhalers,42.5,62.57,0,None,112,201
2025-06-24,HOSP_RUH_01,Inhalers,33.5,52.45,0,None,120,216
2025-06-25,HOSP_RUH_01,Inhalers,37.5,66.98,0,None,130,234
2025-06-26,HOSP_RUH_01,Inhalers,34.9,41.35,0,None,97,174
2025-06-27,HOSP_RUH_01,Inhalers,32.1,64.21,0,None,129,232
2025-06-28,HOSP_RUH_01,Inhalers,43.8,51.67,0,None,131,236
2025-06-29,HOSP_RUH_01,Inhalers,41.4,50.01,0,None,121,219
2025-06-30,HOSP_RUH_01,Inhalers,38.2,59.15,0,None,118,212
2025-07-01,HOSP_RUH_01,Inhalers,38.3,62.23,0,None,113,204
2025-07-02,HOSP_RUH_01,Inhalers,42.9,54.44,0,None,143,257
2025-07-03,HOSP_RUH_01,Inhalers,45.7,39.59,0,None,132,241
2025-07-04,HOSP_RUH_01,Inhalers,32.8,51.15,0,None,121,216
2025-07-05,HOSP_RUH_01,Inhalers,34.9,57.87,0,None,135,243
2025-07-06,HOSP_RUH_01,Inhalers,41.7,28.37,0,None,117,211
2025-07-07,HOSP_RUH_01,Inhalers,31.7,40.57,0,None,119,213
2025-07-08,HOSP_RUH_01,Inhalers,37.3,76.25,0,None,131,236
2025-07-09,HOSP_RUH_01,Inhalers,40.2,51.0,1,Heatwave,149,267
2025-07-10,HOSP_RUH_01,Inhalers,37.1,47.82,1,Sandstorm/Dust_Storm,161,330
2025-07-11,HOSP_RUH_01,Inhalers,40.1,58.76,0,None,127,228
2025-07-12,HOSP_RUH_01,Inhalers,38.7,46.79,0,None,127,228
2025-07-13,HOSP_RUH_01,Inhalers,30.8,62.1,1,Sandstorm/Dust_Storm,154,317
2025-07-14,HOSP_RUH_01,Inhalers,38.4,63.41,0,None,102,183
2025-07-15,HOSP_RUH_01,Inhalers,33.8,50.3,0,None,114,205
2025-07-16,HOSP_RUH_01,Inhalers,34.2,51.22,0,None,120,215
2025-07-17,HOSP_RUH_01,Inhalers,41.1,55.04,0,None,140,253
2025-07-18,HOSP_RUH_01,Inhalers,40.9,55.48,0,None,132,238
2025-07-19,HOSP_RUH_01,Inhalers,42.7,37.42,0,None,121,217
2025-07-20,HOSP_RUH_01,Inhalers,41.3,44.56,0,None,106,189
2025-07-21,HOSP_RUH_01,Inhalers,33.5,30.32,0,None,112,202
2025-07-22,HOSP_RUH_01,Inhalers,33.6,56.46,0,None,120,217
2025-07-23,HOSP_RUH_01,Inhalers,38.9,42.34,0,None,111,199
2025-07-24,HOSP_RUH_01,Inhalers,38.1,63.71,0,None,132,240
2025-07-25,HOSP_RUH_01,Inhalers,37.7,54.17,0,None,110,197
2025-07-26,HOSP_RUH_01,Inhalers,47.5,54.89,1,Heatwave,166,299
2025-07-27,HOSP_RUH_01,Inhalers,38.8,44.63,0,None,110,197
2025-07-28,HOSP_RUH_01,Inhalers,35.1,29.47,0,None,118,212
2025-07-29,HOSP_RUH_01,Inhalers,38.7,54.55,0,None,119,213
2025-07-30,HOSP_RUH_01,Inhalers,35.7,30.37,0,None,126,227
2025-07-31,HOSP_RUH_01,Inhalers,35.1,55.07,0,None,129,232
2025-08-01,HOSP_RUH_01,Inhalers,35.0,44.78,0,None,126,228
2025-08-02,HOSP_RUH_01,Inhalers,36.0,40.99,1,Sandstorm/Dust_Storm,157,321
2025-08-03,HOSP_RUH_01,Inhalers,34.5,41.74,0,None,141,254
2025-08-04,HOSP_RUH_01,Inhalers,36.6,48.98,0,None,117,210
2025-08-05,HOSP_RUH_01,Inhalers,35.5,47.75,0,None,122,219
2025-08-06,HOSP_RUH_01,Inhalers,37.6,37.55,0,None,136,245
2025-08-07,HOSP_RUH_01,Inhalers,42.9,58.27,0,None,124,225
2025-08-08,HOSP_RUH_01,Inhalers,34.6,57.84,0,None,131,235
2025-08-09,HOSP_RUH_01,Inhalers,38.7,53.73,0,None,104,188
2025-08-10,HOSP_RUH_01,Inhalers,40.4,61.35,0,None,107,191
2025-08-11,HOSP_RUH_01,Inhalers,34.9,49.48,0,None,117,209
2025-08-12,HOSP_RUH_01,Inhalers,30.2,53.84,0,None,111,200
2025-08-13,HOSP_RUH_01,Inhalers,42.0,55.67,0,None,131,235
2025-08-14,HOSP_RUH_01,Inhalers,42.3,48.19,0,None,121,218
2025-08-15,HOSP_RUH_01,Inhalers,39.0,40.88,0,None,123,220
2025-08-16,HOSP_RUH_01,Inhalers,42.0,40.89,0,None,115,207
2025-08-17,HOSP_RUH_01,Inhalers,42.2,43.42,0,None,126,227
2025-08-18,HOSP_RUH_01,Inhalers,29.9,51.9,0,None,131,235
2025-08-19,HOSP_RUH_01,Inhalers,37.7,62.73,0,None,123,224
2025-08-20,HOSP_RUH_01,Inhalers,38.5,35.09,0,None,121,217
2025-08-21,HOSP_RUH_01,Inhalers,38.6,58.22,0,None,122,218
2025-08-22,HOSP_RUH_01,Inhalers,36.0,50.14,0,None,129,232
2025-08-23,HOSP_RUH_01,Inhalers,38.8,46.09,0,None,128,230
2025-08-24,HOSP_RUH_01,Inhalers,46.8,66.35,0,None,127,229
2025-08-25,HOSP_RUH_01,Inhalers,29.9,57.54,0,None,128,228
2025-08-26,HOSP_RUH_01,Inhalers,36.4,44.42,0,None,124,223
2025-08-27,HOSP_RUH_01,Inhalers,35.5,71.1,0,None,121,218
2025-08-28,HOSP_RUH_01,Inhalers,40.5,56.59,0,None,126,226
2025-08-29,HOSP_RUH_01,Inhalers,35.6,52.66,0,None,129,231
2025-08-30,HOSP_RUH_01,Inhalers,38.3,50.42,0,None,117,210
2025-08-31,HOSP_RUH_01,Inhalers,39.1,52.8,0,None,112,201
2025-09-01,HOSP_RUH_01,Inhalers,26.7,58.3,0,None,129,232
2025-09-02,HOSP_RUH_01,Inhalers,28.4,57.18,0,None,123,222
2025-09-03,HOSP_RUH_01,Inhalers,22.3,42.38,0,None,99,178
2025-09-04,HOSP_RUH_01,Inhalers,16.9,51.49,0,None,119,215
2025-09-05,HOSP_RUH_01,Inhalers,23.9,38.79,0,None,135,242
2025-09-06,HOSP_RUH_01,Inhalers,25.8,42.75,0,None,121,218
2025-09-07,HOSP_RUH_01,Inhalers,25.5,59.52,0,None,140,253
2025-09-08,HOSP_RUH_01,Inhalers,26.6,54.4,0,None,112,200
2025-09-09,HOSP_RUH_01,Inhalers,18.3,50.19,0,None,112,202
2025-09-10,HOSP_RUH_01,Inhalers,27.5,53.9,0,None,125,223
2025-09-11,HOSP_RUH_01,Inhalers,30.1,61.79,0,None,113,204
2025-09-12,HOSP_RUH_01,Inhalers,21.3,34.94,1,Sandstorm/Dust_Storm,153,317
2025-09-13,HOSP_RUH_01,Inhalers,19.9,60.79,0,None,120,216
2025-09-14,HOSP_RUH_01,Inhalers,21.5,31.14,0,None,114,203
2025-09-15,HOSP_RUH_01,Inhalers,20.9,44.62,0,None,112,199
2025-09-16,HOSP_RUH_01,Inhalers,18.6,47.06,0,None,108,194
2025-09-17,HOSP_RUH_01,Inhalers,28.6,53.21,0,None,97,173
2025-09-18,HOSP_RUH_01,Inhalers,19.3,50.55,0,None,140,251
2025-09-19,HOSP_RUH_01,Inhalers,25.7,55.15,0,None,111,200
2025-09-20,HOSP_RUH_01,Inhalers,29.1,40.79,0,None,123,222
2025-09-21,HOSP_RUH_01,Inhalers,22.7,47.46,0,None,122,220
2025-09-22,HOSP_RUH_01,Inhalers,24.3,63.67,0,None,122,218
2025-09-23,HOSP_RUH_01,Inhalers,25.9,64.77,0,None,128,231
2025-09-24,HOSP_RUH_01,Inhalers,17.6,45.43,0,None,96,173
2025-09-25,HOSP_RUH_01,Inhalers,16.8,50.33,0,None,124,222
2025-09-26,HOSP_RUH_01,Inhalers,19.7,31.56,0,None,129,233
2025-09-27,HOSP_RUH_01,Inhalers,20.5,64.15,0,None,125,223
2025-09-28,HOSP_RUH_01,Inhalers,15.9,42.52,0,None,120,217
2025-09-29,HOSP_RUH_01,Inhalers,20.1,36.93,0,None,140,252
2025-09-30,HOSP_RUH_01,Inhalers,21.4,47.07,0,None,104,185
2025-10-01,HOSP_RUH_01,Inhalers,27.2,43.67,0,None,104,187
2025-10-02,HOSP_RUH_01,Inhalers,30.0,53.78,0,None,112,202
2025-10-03,HOSP_RUH_01,Inhalers,27.0,51.58,0,None,122,219
2025-10-04,HOSP_RUH_01,Inhalers,25.3,64.45,0,None,111,199
2025-10-05,HOSP_RUH_01,Inhalers,16.5,56.29,0,None,120,217
2025-10-06,HOSP_RUH_01,Inhalers,23.3,67.83,0,None,130,234
2025-10-07,HOSP_RUH_01,Inhalers,17.3,33.41,1,Sandstorm/Dust_Storm,155,319
2025-10-08,HOSP_RUH_01,Inhalers,23.1,64.09,0,None,130,233
2025-10-09,HOSP_RUH_01,Inhalers,19.3,59.25,0,None,130,235
2025-10-10,HOSP_RUH_01,Inhalers,26.2,43.31,0,None,111,201
2025-10-11,HOSP_RUH_01,Inhalers,28.7,59.67,0,None,128,231
2025-10-12,HOSP_RUH_01,Inhalers,24.7,40.38,0,None,101,181
2025-10-13,HOSP_RUH_01,Inhalers,20.6,56.69,0,None,102,184
2025-10-14,HOSP_RUH_01,Inhalers,25.5,38.23,0,None,106,191
2025-10-15,HOSP_RUH_01,Inhalers,27.4,45.03,0,None,131,236
2025-10-16,HOSP_RUH_01,Inhalers,16.9,50.05,0,None,127,230
2025-10-17,HOSP_RUH_01,Inhalers,22.5,65.15,0,None,126,227
2025-10-18,HOSP_RUH_01,Inhalers,24.5,52.82,0,None,119,214
2025-10-19,HOSP_RUH_01,Inhalers,24.7,39.67,0,None,132,238
2025-10-20,HOSP_RUH_01,Inhalers,27.5,56.98,0,None,108,194
2025-10-21,HOSP_RUH_01,Inhalers,22.3,33.82,0,None,114,204
2025-10-22,HOSP_RUH_01,Inhalers,25.8,26.22,0,None,128,230
2025-10-23,HOSP_RUH_01,Inhalers,19.5,44.4,0,None,117,210
2025-10-24,HOSP_RUH_01,Inhalers,23.4,45.79,0,None,89,159
2025-10-25,HOSP_RUH_01,Inhalers,31.2,38.16,0,None,142,256
2025-10-26,HOSP_RUH_01,Inhalers,22.0,46.4,0,None,95,171
2025-10-27,HOSP_RUH_01,Inhalers,22.8,53.0,0,None,108,194
2025-10-28,HOSP_RUH_01,Inhalers,15.1,53.0,0,None,112,201
2025-10-29,HOSP_RUH_01,Inhalers,21.7,39.6,0,None,112,201
2025-10-30,HOSP_RUH_01,Inhalers,20.0,73.08,0,None,135,242
2025-10-31,HOSP_RUH_01,Inhalers,14.9,47.1,0,None,129,232
2025-11-01,HOSP_RUH_01,Inhalers,24.8,66.79,0,None,148,267
2025-11-02,HOSP_RUH_01,Inhalers,15.6,70.73,0,None,146,261
2025-11-03,HOSP_RUH_01,Inhalers,21.1,99.42,0,None,149,268
2025-11-04,HOSP_RUH_01,Inhalers,20.2,76.84,0,None,168,302
2025-11-05,HOSP_RUH_01,Inhalers,21.9,77.88,0,None,136,244
2025-11-06,HOSP_RUH_01,Inhalers,25.1,94.77,0,None,148,268
2025-11-07,HOSP_RUH_01,Inhalers,26.0,74.62,0,None,126,228
2025-11-08,HOSP_RUH_01,Inhalers,24.6,71.18,0,None,150,270
2025-11-09,HOSP_RUH_01,Inhalers,27.1,75.23,0,None,136,242
2025-11-10,HOSP_RUH_01,Inhalers,14.1,78.01,0,None,146,262
2025-11-11,HOSP_RUH_01,Inhalers,21.5,92.82,0,None,158,284
2025-11-12,HOSP_RUH_01,Inhalers,27.7,52.49,0,None,162,291
2025-11-13,HOSP_RUH_01,Inhalers,24.0,73.49,0,None,150,269
2025-11-14,HOSP_RUH_01,Inhalers,24.5,76.14,0,None,134,241
2025-11-15,HOSP_RUH_01,Inhalers,29.1,81.74,0,None,147,264
2025-11-16,HOSP_RUH_01,Inhalers,23.6,75.27,0,None,162,291
2025-11-17,HOSP_RUH_01,Inhalers,22.0,76.29,0,None,135,242
2025-11-18,HOSP_RUH_01,Inhalers,27.6,66.08,0,None,154,279
2025-11-19,HOSP_RUH_01,Inhalers,17.6,88.82,0,None,137,247
2025-11-20,HOSP_RUH_01,Inhalers,20.9,79.44,0,None,143,257
2025-11-21,HOSP_RUH_01,Inhalers,25.3,79.64,0,None,135,243
2025-11-22,HOSP_RUH_01,Inhalers,23.0,71.1,0,None,144,258
2025-11-23,HOSP_RUH_01,Inhalers,14.6,60.13,1,Sandstorm/Dust_Storm,200,399
2025-11-24,HOSP_RUH_01,Inhalers,19.6,89.14,0,None,164,293
2025-11-25,HOSP_RUH_01,Inhalers,21.4,75.92,0,None,144,259
2025-11-26,HOSP_RUH_01,Inhalers,21.1,96.52,0,None,155,279
2025-11-27,HOSP_RUH_01,Inhalers,29.7,74.79,0,None,136,247
2025-11-28,HOSP_RUH_01,Inhalers,22.9,71.59,0,None,160,288
2025-11-29,HOSP_RUH_01,Inhalers,15.8,76.83,0,None,134,242
2025-11-30,HOSP_RUH_01,Inhalers,16.9,78.95,0,None,152,272
2025-12-01,HOSP_RUH_01,Inhalers,20.9,45.46,0,None,145,260
2025-12-02,HOSP_RUH_01,Inhalers,34.8,89.67,0,None,137,247
2025-12-03,HOSP_RUH_01,Inhalers,30.3,92.81,0,None,147,263
2025-12-04,HOSP_RUH_01,Inhalers,15.7,75.58,0,None,136,245
2025-12-05,HOSP_RUH_01,Inhalers,23.3,79.17,0,None,150,270
2025-12-06,HOSP_RUH_01,Inhalers,26.7,67.57,0,None,141,254
2025-12-07,HOSP_RUH_01,Inhalers,20.4,76.48,0,None,151,273
2025-12-08,HOSP_RUH_01,Inhalers,24.6,77.97,0,None,160,287
2025-12-09,HOSP_RUH_01,Inhalers,22.7,79.03,0,None,152,274
2025-12-10,HOSP_RUH_01,Inhalers,24.3,56.85,0,None,129,231
2025-12-11,HOSP_RUH_01,Inhalers,17.4,80.95,0,None,133,238
2025-12-12,HOSP_RUH_01,Inhalers,25.8,79.98,0,None,142,255
2025-12-13,HOSP_RUH_01,Inhalers,26.2,97.35,0,None,130,234
2025-12-14,HOSP_RUH_01,Inhalers,21.9,96.21,0,None,138,250
2025-12-15,HOSP_RUH_01,Inhalers,18.8,62.57,0,None,139,251
2025-12-16,HOSP_RUH_01,Inhalers,21.5,69.06,0,None,134,242
2025-12-17,HOSP_RUH_01,Inhalers,29.5,56.72,0,None,159,285
2025-12-18,HOSP_RUH_01,Inhalers,24.1,65.75,0,None,158,285
2025-12-19,HOSP_RUH_01,Inhalers,16.1,85.87,0,None,138,249
2025-12-20,HOSP_RUH_01,Inhalers,26.5,80.8,0,None,134,240
2025-12-21,HOSP_RUH_01,Inhalers,19.9,87.94,0,None,122,221
2025-12-22,HOSP_RUH_01,Inhalers,21.7,68.96,0,None,135,242
2025-12-23,HOSP_RUH_01,Inhalers,26.8,74.22,0,None,150,270
2025-12-24,HOSP_RUH_01,Inhalers,21.3,74.54,0,None,158,283
2025-12-25,HOSP_RUH_01,Inhalers,20.0,66.29,0,None,127,228
2025-12-26,HOSP_RUH_01,Inhalers,27.0,64.65,0,None,143,257
2025-12-27,HOSP_RUH_01,Inhalers,24.1,65.5,0,None,157,283
2025-12-28,HOSP_RUH_01,Inhalers,20.8,81.5,0,None,136,246
2025-12-29,HOSP_RUH_01,Inhalers,20.5,78.45,0,None,139,249
2025-12-30,HOSP_RUH_01,Inhalers,25.8,62.9,0,None,144,259
2025-12-31,HOSP_RUH_01,Inhalers,21.4,60.09,0,None,161,289
2026-01-01,HOSP_RUH_01,Inhalers,24.7,82.16,1,Sandstorm/Dust_Storm,184,371
2024-01-01,HOSP_RUH_01,Insulin_Vials,21.3,53.39,0,None,150,60
2024-01-02,HOSP_RUH_01,Insulin_Vials,22.7,66.21,0,None,166,66
2024-01-03,HOSP_RUH_01,Insulin_Vials,14.1,86.39,0,None,138,54
2024-01-04,HOSP_RUH_01,Insulin_Vials,21.1,78.98,0,None,142,56
2024-01-05,HOSP_RUH_01,Insulin_Vials,24.5,49.5,1,Sandstorm/Dust_Storm,196,77
2024-01-06,HOSP_RUH_01,Insulin_Vials,24.8,60.14,0,None,112,44
2024-01-07,HOSP_RUH_01,Insulin_Vials,20.6,84.01,0,None,132,53
2024-01-08,HOSP_RUH_01,Insulin_Vials,24.4,55.39,0,None,153,62
2024-01-09,HOSP_RUH_01,Insulin_Vials,18.9,88.59,0,None,132,53
2024-01-10,HOSP_RUH_01,Insulin_Vials,24.2,68.15,0,None,116,46
2024-01-11,HOSP_RUH_01,Insulin_Vials,20.7,73.48,0,None,144,57
2024-01-12,HOSP_RUH_01,Insulin_Vials,25.7,73.36,0,None,131,54
2024-01-13,HOSP_RUH_01,Insulin_Vials,23.8,82.23,0,None,138,54
2024-01-14,HOSP_RUH_01,Insulin_Vials,26.3,68.89,0,None,168,68
2024-01-15,HOSP_RUH_01,Insulin_Vials,20.7,87.46,0,None,143,56
2024-01-16,HOSP_RUH_01,Insulin_Vials,25.4,79.33,0,None,132,53
2024-01-17,HOSP_RUH_01,Insulin_Vials,25.1,79.38,0,None,151,60
2024-01-18,HOSP_RUH_01,Insulin_Vials,26.4,78.26,0,None,159,65
2024-01-19,HOSP_RUH_01,Insulin_Vials,19.5,59.12,0,None,123,51
2024-01-20,HOSP_RUH_01,Insulin_Vials,19.8,83.78,0,None,142,56
2024-01-21,HOSP_RUH_01,Insulin_Vials,24.9,78.11,0,None,144,57
2024-01-22,HOSP_RUH_01,Insulin_Vials,14.5,80.92,0,None,141,57
2024-01-23,HOSP_RUH_01,Insulin_Vials,22.1,63.7,1,Sandstorm/Dust_Storm,178,71
2024-01-24,HOSP_RUH_01,Insulin_Vials,29.8,77.85,0,None,129,51
2024-01-25,HOSP_RUH_01,Insulin_Vials,21.9,88.74,0,None,150,59
2024-01-26,HOSP_RUH_01,Insulin_Vials,19.9,80.92,0,None,158,63
2024-01-27,HOSP_RUH_01,Insulin_Vials,21.4,82.16,1,Sandstorm/Dust_Storm,205,82
2024-01-28,HOSP_RUH_01,Insulin_Vials,25.5,88.47,0,None,156,63
2024-01-29,HOSP_RUH_01,Insulin_Vials,29.8,63.61,0,None,152,61
2024-01-30,HOSP_RUH_01,Insulin_Vials,18.0,66.25,0,None,129,52
2024-01-31,HOSP_RUH_01,Insulin_Vials,25.9,80.51,0,None,145,59
2024-02-01,HOSP_RUH_01,Insulin_Vials,26.0,71.77,0,None,124,49
2024-02-02,HOSP_RUH_01,Insulin_Vials,24.4,81.88,0,None,151,60
2024-02-03,HOSP_RUH_01,Insulin_Vials,30.4,75.68,0,None,132,53
2024-02-04,HOSP_RUH_01,Insulin_Vials,21.7,93.66,0,None,151,62
2024-02-05,HOSP_RUH_01,Insulin_Vials,27.1,73.64,0,None,150,61
2024-02-06,HOSP_RUH_01,Insulin_Vials,21.5,78.34,0,None,136,54
2024-02-07,HOSP_RUH_01,Insulin_Vials,24.3,82.48,0,None,128,49
2024-02-08,HOSP_RUH_01,Insulin_Vials,25.0,90.08,0,None,159,65
2024-02-09,HOSP_RUH_01,Insulin_Vials,27.3,78.37,0,None,146,58
2024-02-10,HOSP_RUH_01,Insulin_Vials,14.9,71.22,0,None,118,46
2024-02-11,HOSP_RUH_01,Insulin_Vials,17.7,68.5,0,None,145,58
2024-02-12,HOSP_RUH_01,Insulin_Vials,19.5,71.53,0,None,138,55
2024-02-13,HOSP_RUH_01,Insulin_Vials,23.9,64.33,1,Sandstorm/Dust_Storm,202,79
2024-02-14,HOSP_RUH_01,Insulin_Vials,20.2,71.65,0,None,145,56
2024-02-15,HOSP_RUH_01,Insulin_Vials,23.5,58.54,0,None,154,61
2024-02-16,HOSP_RUH_01,Insulin_Vials,25.3,83.25,0,None,125,51
2024-02-17,HOSP_RUH_01,Insulin_Vials,19.2,80.57,0,None,166,66
2024-02-18,HOSP_RUH_01,Insulin_Vials,22.2,46.85,0,None,117,46
2024-02-19,HOSP_RUH_01,Insulin_Vials,24.4,80.44,0,None,148,59
2024-02-20,HOSP_RUH_01,Insulin_Vials,18.7,62.12,0,None,141,56
2024-02-21,HOSP_RUH_01,Insulin_Vials,19.7,89.25,0,None,162,66
2024-02-22,HOSP_RUH_01,Insulin_Vials,24.2,79.92,0,None,138,54
2024-02-23,HOSP_RUH_01,Insulin_Vials,20.8,92.06,1,Sandstorm/Dust_Storm,197,78
2024-02-24,HOSP_RUH_01,Insulin_Vials,26.5,86.96,0,None,153,62
2024-02-25,HOSP_RUH_01,Insulin_Vials,22.8,78.18,0,None,137,53
2024-02-26,HOSP_RUH_01,Insulin_Vials,23.9,79.77,0,None,142,57
2024-02-27,HOSP_RUH_01,Insulin_Vials,18.4,90.12,0,None,137,54
2024-02-28,HOSP_RUH_01,Insulin_Vials,18.5,89.5,0,None,150,58
2024-02-29,HOSP_RUH_01,Insulin_Vials,24.4,90.06,0,None,138,57
2024-03-01,HOSP_RUH_01,Insulin_Vials,26.4,52.68,0,None,128,49
2024-03-02,HOSP_RUH_01,Insulin_Vials,29.9,53.94,0,None,109,43
2024-03-03,HOSP_RUH_01,Insulin_Vials,20.5,51.03,0,None,132,51
2024-03-04,HOSP_RUH_01,Insulin_Vials,28.7,40.65,0,None,123,49
2024-03-05,HOSP_RUH_01,Insulin_Vials,17.8,49.46,0,None,128,51
2024-03-06,HOSP_RUH_01,Insulin_Vials,20.6,43.34,0,None,109,44
2024-03-07,HOSP_RUH_01,Insulin_Vials,20.7,53.09,0,None,116,46
2024-03-08,HOSP_RUH_01,Insulin_Vials,16.3,58.41,0,None,131,51
2024-03-09,HOSP_RUH_01,Insulin_Vials,19.4,51.36,0,None,113,44
2024-03-10,HOSP_RUH_01,Insulin_Vials,21.0,51.97,0,None,114,44
2024-03-11,HOSP_RUH_01,Insulin_Vials,27.2,42.37,0,None,114,45
2024-03-12,HOSP_RUH_01,Insulin_Vials,25.8,50.77,0,None,122,51
2024-03-13,HOSP_RUH_01,Insulin_Vials,20.2,52.46,0,None,141,55
2024-03-14,HOSP_RUH_01,Insulin_Vials,27.2,56.88,0,None,115,45
2024-03-15,HOSP_RUH_01,Insulin_Vials,19.5,49.48,0,None,112,44
2024-03-16,HOSP_RUH_01,Insulin_Vials,19.7,28.78,0,None,125,51
2024-03-17,HOSP_RUH_01,Insulin_Vials,20.4,54.46,0,None,114,45
2024-03-18,HOSP_RUH_01,Insulin_Vials,27.1,47.77,0,None,141,56
2024-03-19,HOSP_RUH_01,Insulin_Vials,22.3,31.64,0,None,118,48
2024-03-20,HOSP_RUH_01,Insulin_Vials,20.5,45.23,0,None,111,45
2024-03-21,HOSP_RUH_01,Insulin_Vials,18.7,41.41,0,None,132,53
2024-03-22,HOSP_RUH_01,Insulin_Vials,23.1,27.19,0,None,125,49
2024-03-23,HOSP_RUH_01,Insulin_Vials,25.6,42.9,0,None,146,59
2024-03-24,HOSP_RUH_01,Insulin_Vials,22.4,63.67,0,None,134,53
2024-03-25,HOSP_RUH_01,Insulin_Vials,25.9,57.97,0,None,109,42
2024-03-26,HOSP_RUH_01,Insulin_Vials,24.5,52.61,0,None,122,48
2024-03-27,HOSP_RUH_01,Insulin_Vials,18.3,50.13,0,None,102,42
2024-03-28,HOSP_RUH_01,Insulin_Vials,20.2,46.89,0,None,118,47
2024-03-29,HOSP_RUH_01,Insulin_Vials,21.1,59.49,0,None,130,53
2024-03-30,HOSP_RUH_01,Insulin_Vials,26.8,67.48,0,None,120,48
2024-03-31,HOSP_RUH_01,Insulin_Vials,20.5,63.44,0,None,111,45
2024-04-01,HOSP_RUH_01,Insulin_Vials,22.6,39.97,0,None,102,39
2024-04-02,HOSP_RUH_01,Insulin_Vials,28.4,53.26,0,None,112,45
2024-04-03,HOSP_RUH_01,Insulin_Vials,26.9,45.57,0,None,126,50
2024-04-04,HOSP_RUH_01,Insulin_Vials,21.1,55.66,0,None,120,48
2024-04-05,HOSP_RUH_01,Insulin_Vials,19.9,51.83,0,None,113,43
2024-04-06,HOSP_RUH_01,Insulin_Vials,28.3,33.18,0,None,129,52
2024-04-07,HOSP_RUH_01,Insulin_Vials,31.8,40.24,0,None,106,42
2024-04-08,HOSP_RUH_01,Insulin_Vials,24.8,42.77,0,None,103,41
2024-04-09,HOSP_RUH_01,Insulin_Vials,22.3,38.01,0,None,114,45
2024-04-10,HOSP_RUH_01,Insulin_Vials,24.0,47.88,0,None,115,48
2024-04-11,HOSP_RUH_01,Insulin_Vials,23.0,39.12,0,None,108,43
2024-04-12,HOSP_RUH_01,Insulin_Vials,21.1,61.73,0,None,116,45
2024-04-13,HOSP_RUH_01,Insulin_Vials,16.5,51.1,0,None,97,37
2024-04-14,HOSP_RUH_01,Insulin_Vials,26.4,51.62,0,None,127,49
2024-04-15,HOSP_RUH_01,Insulin_Vials,28.5,31.2,0,None,123,49
2024-04-16,HOSP_RUH_01,Insulin_Vials,31.4,28.67,0,None,132,52
2024-04-17,HOSP_RUH_01,Insulin_Vials,22.5,60.15,0,None,146,58
2024-04-18,HOSP_RUH_01,Insulin_Vials,23.2,59.98,0,None,124,48
2024-04-19,HOSP_RUH_01,Insulin_Vials,20.0,63.96,0,None,135,54
2024-04-20,HOSP_RUH_01,Insulin_Vials,31.9,68.29,0,None,133,51
2024-04-21,HOSP_RUH_01,Insulin_Vials,22.6,59.27,0,None,114,46
2024-04-22,HOSP_RUH_01,Insulin_Vials,29.2,42.59,0,None,113,45
2024-04-23,HOSP_RUH_01,Insulin_Vials,15.0,45.31,0,None,127,50
2024-04-24,HOSP_RUH_01,Insulin_Vials,20.7,43.35,0,None,116,46
2024-04-25,HOSP_RUH_01,Insulin_Vials,17.0,47.63,0,None,121,50
2024-04-26,HOSP_RUH_01,Insulin_Vials,19.3,60.29,0,None,119,48
2024-04-27,HOSP_RUH_01,Insulin_Vials,27.4,34.4,0,None,91,35
2024-04-28,HOSP_RUH_01,Insulin_Vials,31.4,17.5,0,None,140,56
2024-04-29,HOSP_RUH_01,Insulin_Vials,24.3,41.62,0,None,129,52
2024-04-30,HOSP_RUH_01,Insulin_Vials,31.7,51.01,0,None,109,43
2024-05-01,HOSP_RUH_01,Insulin_Vials,25.0,42.46,0,None,115,47
2024-05-02,HOSP_RUH_01,Insulin_Vials,19.8,45.94,0,None,112,45
2024-05-03,HOSP_RUH_01,Insulin_Vials,25.6,55.19,0,None,131,53
2024-05-04,HOSP_RUH_01,Insulin_Vials,25.4,42.53,0,None,112,43
2024-05-05,HOSP_RUH_01,Insulin_Vials,26.3,56.66,0,None,107,43
2024-05-06,HOSP_RUH_01,Insulin_Vials,15.1,55.6,0,None,103,42
2024-05-07,HOSP_RUH_01,Insulin_Vials,24.7,60.68,0,None,120,48
2024-05-08,HOSP_RUH_01,Insulin_Vials,29.6,34.82,0,None,118,49
2024-05-09,HOSP_RUH_01,Insulin_Vials,26.0,47.8,0,None,139,57
2024-05-10,HOSP_RUH_01,Insulin_Vials,11.7,43.8,0,None,113,45
2024-05-11,HOSP_RUH_01,Insulin_Vials,23.9,54.15,0,None,130,53
2024-05-12,HOSP_RUH_01,Insulin_Vials,15.8,54.46,0,None,135,54
2024-05-13,HOSP_RUH_01,Insulin_Vials,24.0,52.66,0,None,91,36
2024-05-14,HOSP_RUH_01,Insulin_Vials,28.1,49.62,0,None,106,42
2024-05-15,HOSP_RUH_01,Insulin_Vials,28.0,39.24,0,None,126,51
2024-05-16,HOSP_RUH_01,Insulin_Vials,25.5,54.83,0,None,118,47
2024-05-17,HOSP_RUH_01,Insulin_Vials,23.3,39.47,0,None,133,53
2024-05-18,HOSP_RUH_01,Insulin_Vials,17.0,50.31,0,None,121,48
2024-05-19,HOSP_RUH_01,Insulin_Vials,24.9,44.73,0,None,110,44
2024-05-20,HOSP_RUH_01,Insulin_Vials,24.7,43.06,0,None,128,49
2024-05-21,HOSP_RUH_01,Insulin_Vials,27.6,60.25,0,None,91,35
2024-05-22,HOSP_RUH_01,Insulin_Vials,26.4,45.99,0,None,110,45
2024-05-23,HOSP_RUH_01,Insulin_Vials,26.6,45.51,0,None,118,46
2024-05-24,HOSP_RUH_01,Insulin_Vials,20.9,60.56,0,None,135,53
2024-05-25,HOSP_RUH_01,Insulin_Vials,30.2,53.01,1,Sandstorm/Dust_Storm,162,64
2024-05-26,HOSP_RUH_01,Insulin_Vials,16.9,50.19,0,None,123,50
2024-05-27,HOSP_RUH_01,Insulin_Vials,26.2,50.0,0,None,99,39
2024-05-28,HOSP_RUH_01,Insulin_Vials,26.0,48.0,0,None,134,52
2024-05-29,HOSP_RUH_01,Insulin_Vials,21.2,39.31,0,None,120,47
2024-05-30,HOSP_RUH_01,Insulin_Vials,21.4,42.7,0,None,111,43
2024-05-31,HOSP_RUH_01,Insulin_Vials,16.6,56.15,0,None,97,38
2024-06-01,HOSP_RUH_01,Insulin_Vials,39.3,52.42,0,None,135,53
2024-06-02,HOSP_RUH_01,Insulin_Vials,42.5,53.09,0,None,125,51
2024-06-03,HOSP_RUH_01,Insulin_Vials,34.6,61.01,0,None,127,51
2024-06-04,HOSP_RUH_01,Insulin_Vials,43.3,48.89,0,None,123,48
2024-06-05,HOSP_RUH_01,Insulin_Vials,41.2,53.15,0,None,143,55
2024-06-06,HOSP_RUH_01,Insulin_Vials,41.4,57.3,0,None,122,47
2024-06-07,HOSP_RUH_01,Insulin_Vials,39.3,56.71,0,None,120,48
2024-06-08,HOSP_RUH_01,Insulin_Vials,42.9,47.32,0,None,128,50
2024-06-09,HOSP_RUH_01,Insulin_Vials,38.5,54.37,0,None,119,46
2024-06-10,HOSP_RUH_01,Insulin_Vials,36.5,47.89,0,None,116,46
2024-06-11,HOSP_RUH_01,Insulin_Vials,37.5,59.22,0,None,137,55
2024-06-12,HOSP_RUH_01,Insulin_Vials,39.2,58.09,0,None,127,50
2024-06-13,HOSP_RUH_01,Insulin_Vials,38.4,58.96,1,Sandstorm/Dust_Storm,166,66
2024-06-14,HOSP_RUH_01,Insulin_Vials,41.4,69.58,0,None,127,52
2024-06-15,HOSP_RUH_01,Insulin_Vials,33.5,48.5,0,None,113,45
2024-06-16,HOSP_RUH_01,Insulin_Vials,35.9,33.48,0,None,110,44
2024-06-17,HOSP_RUH_01,Insulin_Vials,35.4,57.22,0,None,115,46
2024-06-18,HOSP_RUH_01,Insulin_Vials,34.0,63.15,0,None,113,45
2024-06-19,HOSP_RUH_01,Insulin_Vials,42.5,35.35,0,None,109,45
2024-06-20,HOSP_RUH_01,Insulin_Vials,38.2,50.82,0,None,115,44
2024-06-21,HOSP_RUH_01,Insulin_Vials,37.4,81.4,0,None,134,55
2024-06-22,HOSP_RUH_01,Insulin_Vials,38.8,40.43,0,None,118,45
2024-06-23,HOSP_RUH_01,Insulin_Vials,41.3,49.62,1,Heatwave,175,69
2024-06-24,HOSP_RUH_01,Insulin_Vials,44.1,50.73,0,None,149,58
2024-06-25,HOSP_RUH_01,Insulin_Vials,45.8,49.15,0,None,119,49
2024-06-26,HOSP_RUH_01,Insulin_Vials,38.7,49.86,0,None,116,46
2024-06-27,HOSP_RUH_01,Insulin_Vials,32.9,42.52,0,None,114,45
2024-06-28,HOSP_RUH_01,Insulin_Vials,45.1,36.62,0,None,142,56
2024-06-29,HOSP_RUH_01,Insulin_Vials,35.0,57.0,0,None,142,56
2024-06-30,HOSP_RUH_01,Insulin_Vials,34.6,48.13,0,None,123,49
2024-07-01,HOSP_RUH_01,Insulin_Vials,37.2,50.99,0,None,125,50
2024-07-02,HOSP_RUH_01,Insulin_Vials,41.5,39.08,0,None,135,53
2024-07-03,HOSP_RUH_01,Insulin_Vials,36.7,60.55,0,None,124,48
2024-07-04,HOSP_RUH_01,Insulin_Vials,32.9,46.35,0,None,102,43
2024-07-05,HOSP_RUH_01,Insulin_Vials,38.0,33.46,0,None,108,44
2024-07-06,HOSP_RUH_01,Insulin_Vials,41.4,53.2,0,None,122,49
2024-07-07,HOSP_RUH_01,Insulin_Vials,34.4,46.96,0,None,130,52
2024-07-08,HOSP_RUH_01,Insulin_Vials,33.6,47.87,0,None,118,47
2024-07-09,HOSP_RUH_01,Insulin_Vials,41.8,50.64,0,None,111,43
2024-07-10,HOSP_RUH_01,Insulin_Vials,42.9,45.37,0,None,116,48
2024-07-11,HOSP_RUH_01,Insulin_Vials,42.6,59.25,0,None,125,49
2024-07-12,HOSP_RUH_01,Insulin_Vials,43.8,42.02,0,None,108,43
2024-07-13,HOSP_RUH_01,Insulin_Vials,38.5,56.84,0,None,107,43
2024-07-14,HOSP_RUH_01,Insulin_Vials,39.2,40.45,1,Sandstorm/Dust_Storm,161,65
2024-07-15,HOSP_RUH_01,Insulin_Vials,40.2,47.85,0,None,139,54
2024-07-16,HOSP_RUH_01,Insulin_Vials,38.5,57.65,1,Sandstorm/Dust_Storm,148,60
2024-07-17,HOSP_RUH_01,Insulin_Vials,32.7,50.43,0,None,116,46
2024-07-18,HOSP_RUH_01,Insulin_Vials,31.4,33.62,0,None,122,48
2024-07-19,HOSP_RUH_01,Insulin_Vials,38.8,44.99,0,None,122,49
2024-07-20,HOSP_RUH_01,Insulin_Vials,37.7,43.86,0,None,108,43
2024-07-21,HOSP_RUH_01,Insulin_Vials,33.1,47.99,0,None,90,34
2024-07-22,HOSP_RUH_01,Insulin_Vials,38.7,55.45,0,None,139,55
2024-07-23,HOSP_RUH_01,Insulin_Vials,36.0,55.65,0,None,110,44
2024-07-24,HOSP_RUH_01,Insulin_Vials,38.8,51.54,0,None,115,45
2024-07-25,HOSP_RUH_01,Insulin_Vials,40.1,34.06,0,None,109,43
2024-07-26,HOSP_RUH_01,Insulin_Vials,38.9,55.98,0,None,99,40
2024-07-27,HOSP_RUH_01,Insulin_Vials,36.6,32.04,0,None,120,50
2024-07-28,HOSP_RUH_01,Insulin_Vials,29.0,57.6,0,None,113,43
2024-07-29,HOSP_RUH_01,Insulin_Vials,35.7,41.86,0,None,117,47
2024-07-30,HOSP_RUH_01,Insulin_Vials,38.6,56.99,0,None,128,50
2024-07-31,HOSP_RUH_01,Insulin_Vials,32.3,64.73,0,None,102,41
2024-08-01,HOSP_RUH_01,Insulin_Vials,42.6,59.72,0,None,117,46
2024-08-02,HOSP_RUH_01,Insulin_Vials,36.7,56.1,0,None,120,48
2024-08-03,HOSP_RUH_01,Insulin_Vials,39.3,44.05,0,None,108,42
2024-08-04,HOSP_RUH_01,Insulin_Vials,36.0,46.49,0,None,145,56
2024-08-05,HOSP_RUH_01,Insulin_Vials,36.9,52.28,0,None,119,47
2024-08-06,HOSP_RUH_01,Insulin_Vials,39.1,54.52,0,None,104,41
2024-08-07,HOSP_RUH_01,Insulin_Vials,28.9,53.94,0,None,124,51
2024-08-08,HOSP_RUH_01,Insulin_Vials,41.1,44.63,0,None,127,51
2024-08-09,HOSP_RUH_01,Insulin_Vials,39.2,36.93,0,None,99,40
2024-08-10,HOSP_RUH_01,Insulin_Vials,34.1,44.72,0,None,130,51
2024-08-11,HOSP_RUH_01,Insulin_Vials,35.8,49.14,0,None,127,50
2024-08-12,HOSP_RUH_01,Insulin_Vials,40.9,37.11,0,None,135,52
2024-08-13,HOSP_RUH_01,Insulin_Vials,36.0,45.78,0,None,109,43
2024-08-14,HOSP_RUH_01,Insulin_Vials,46.4,13.65,0,None,110,45
2024-08-15,HOSP_RUH_01,Insulin_Vials,33.9,44.49,0,None,118,49
2024-08-16,HOSP_RUH_01,Insulin_Vials,38.3,38.66,0,None,122,49
2024-08-17,HOSP_RUH_01,Insulin_Vials,36.6,50.28,0,None,121,49
2024-08-18,HOSP_RUH_01,Insulin_Vials,43.2,45.99,0,None,106,42
2024-08-19,HOSP_RUH_01,Insulin_Vials,36.5,59.49,1,Sandstorm/Dust_Storm,156,62
2024-08-20,HOSP_RUH_01,Insulin_Vials,40.8,61.97,0,None,113,43
2024-08-21,HOSP_RUH_01,Insulin_Vials,37.6,58.04,0,None,118,46
2024-08-22,HOSP_RUH_01,Insulin_Vials,37.7,54.65,0,None,136,55
2024-08-23,HOSP_RUH_01,Insulin_Vials,43.1,56.35,0,None,124,50
2024-08-24,HOSP_RUH_01,Insulin_Vials,39.8,54.93,0,None,119,46
2024-08-25,HOSP_RUH_01,Insulin_Vials,41.4,32.15,0,None,129,52
2024-08-26,HOSP_RUH_01,Insulin_Vials,44.7,53.64,0,None,134,54
2024-08-27,HOSP_RUH_01,Insulin_Vials,39.0,35.14,0,None,123,49
2024-08-28,HOSP_RUH_01,Insulin_Vials,37.9,55.43,0,None,110,44
2024-08-29,HOSP_RUH_01,Insulin_Vials,37.0,45.15,0,None,130,52
2024-08-30,HOSP_RUH_01,Insulin_Vials,38.6,72.57,0,None,134,53
2024-08-31,HOSP_RUH_01,Insulin_Vials,40.2,61.45,0,None,126,49
2024-09-01,HOSP_RUH_01,Insulin_Vials,17.7,53.68,0,None,134,53
2024-09-02,HOSP_RUH_01,Insulin_Vials,25.8,54.81,0,None,112,44
2024-09-03,HOSP_RUH_01,Insulin_Vials,27.3,59.2,0,None,125,49
2024-09-04,HOSP_RUH_01,Insulin_Vials,22.8,49.06,0,None,134,52
2024-09-05,HOSP_RUH_01,Insulin_Vials,30.3,53.07,0,None,100,40
2024-09-06,HOSP_RUH_01,Insulin_Vials,29.2,55.92,1,Sandstorm/Dust_Storm,161,65
2024-09-07,HOSP_RUH_01,Insulin_Vials,11.3,54.09,0,None,131,52
2024-09-08,HOSP_RUH_01,Insulin_Vials,24.2,46.18,0,None,128,52
2024-09-09,HOSP_RUH_01,Insulin_Vials,17.1,37.45,0,None,153,61
2024-09-10,HOSP_RUH_01,Insulin_Vials,25.9,59.48,0,None,114,44
2024-09-11,HOSP_RUH_01,Insulin_Vials,23.4,28.56,0,None,120,47
2024-09-12,HOSP_RUH_01,Insulin_Vials,14.2,55.79,0,None,126,50
2024-09-13,HOSP_RUH_01,Insulin_Vials,19.1,55.63,0,None,132,53
2024-09-14,HOSP_RUH_01,Insulin_Vials,18.7,49.82,0,None,119,47
2024-09-15,HOSP_RUH_01,Insulin_Vials,18.5,64.57,0,None,116,45
2024-09-16,HOSP_RUH_01,Insulin_Vials,14.3,32.57,0,None,114,45
2024-09-17,HOSP_RUH_01,Insulin_Vials,24.4,56.36,0,None,105,42
2024-09-18,HOSP_RUH_01,Insulin_Vials,20.0,42.96,0,None,120,48
2024-09-19,HOSP_RUH_01,Insulin_Vials,19.8,43.87,0,None,108,45
2024-09-20,HOSP_RUH_01,Insulin_Vials,14.9,62.12,0,None,115,45
2024-09-21,HOSP_RUH_01,Insulin_Vials,20.2,61.53,0,None,132,53
2024-09-22,HOSP_RUH_01,Insulin_Vials,21.6,56.09,0,None,101,38
2024-09-23,HOSP_RUH_01,Insulin_Vials,19.4,46.09,0,None,115,46
2024-09-24,HOSP_RUH_01,Insulin_Vials,19.5,53.34,0,None,110,43
2024-09-25,HOSP_RUH_01,Insulin_Vials,23.3,33.87,0,None,109,42
2024-09-26,HOSP_RUH_01,Insulin_Vials,21.9,54.29,0,None,141,55
2024-09-27,HOSP_RUH_01,Insulin_Vials,18.1,47.63,0,None,101,39
2024-09-28,HOSP_RUH_01,Insulin_Vials,30.0,53.89,0,None,133,54
2024-09-29,HOSP_RUH_01,Insulin_Vials,18.5,56.68,0,None,110,45
2024-09-30,HOSP_RUH_01,Insulin_Vials,19.9,63.35,0,None,101,41
2024-10-01,HOSP_RUH_01,Insulin_Vials,26.1,50.95,0,None,112,43
2024-10-02,HOSP_RUH_01,Insulin_Vials,30.9,20.69,0,None,108,42
2024-10-03,HOSP_RUH_01,Insulin_Vials,26.0,51.27,0,None,125,48
2024-10-04,HOSP_RUH_01,Insulin_Vials,22.2,59.57,0,None,118,47
2024-10-05,HOSP_RUH_01,Insulin_Vials,27.1,48.52,0,None,143,57
2024-10-06,HOSP_RUH_01,Insulin_Vials,22.3,50.93,0,None,109,43
2024-10-07,HOSP_RUH_01,Insulin_Vials,21.6,46.85,0,None,116,47
2024-10-08,HOSP_RUH_01,Insulin_Vials,23.9,45.91,0,None,125,50
2024-10-09,HOSP_RUH_01,Insulin_Vials,27.8,48.45,0,None,123,47
2024-10-10,HOSP_RUH_01,Insulin_Vials,20.6,47.86,0,None,119,49
2024-10-11,HOSP_RUH_01,Insulin_Vials,29.6,51.01,0,None,128,51
2024-10-12,HOSP_RUH_01,Insulin_Vials,26.5,51.57,0,None,112,45
2024-10-13,HOSP_RUH_01,Insulin_Vials,15.0,47.07,0,None,139,55
2024-10-14,HOSP_RUH_01,Insulin_Vials,25.6,40.13,0,None,142,57
2024-10-15,HOSP_RUH_01,Insulin_Vials,26.3,47.51,0,None,113,45
2024-10-16,HOSP_RUH_01,Insulin_Vials,20.1,63.58,0,None,101,41
2024-10-17,HOSP_RUH_01,Insulin_Vials,25.3,55.88,0,None,98,39
2024-10-18,HOSP_RUH_01,Insulin_Vials,25.0,44.94,0,None,126,49
2024-10-19,HOSP_RUH_01,Insulin_Vials,28.3,60.83,0,None,89,35
2024-10-20,HOSP_RUH_01,Insulin_Vials,24.5,37.16,0,None,103,40
2024-10-21,HOSP_RUH_01,Insulin_Vials,21.9,54.28,0,None,143,57
2024-10-22,HOSP_RUH_01,Insulin_Vials,27.7,52.99,0,None,118,45
2024-10-23,HOSP_RUH_01,Insulin_Vials,26.2,39.3,0,None,113,47
2024-10-24,HOSP_RUH_01,Insulin_Vials,22.9,54.63,0,None,139,57
2024-10-25,HOSP_RUH_01,Insulin_Vials,22.7,39.34,0,None,134,54
2024-10-26,HOSP_RUH_01,Insulin_Vials,24.7,36.98,0,None,124,51
2024-10-27,HOSP_RUH_01,Insulin_Vials,25.7,45.23,0,None,82,33
2024-10-28,HOSP_RUH_01,Insulin_Vials,21.8,61.66,0,None,118,46
2024-10-29,HOSP_RUH_01,Insulin_Vials,25.6,41.09,0,None,106,43
2024-10-30,HOSP_RUH_01,Insulin_Vials,26.6,66.34,0,None,133,51
2024-10-31,HOSP_RUH_01,Insulin_Vials,24.5,49.44,0,None,110,44
2024-11-01,HOSP_RUH_01,Insulin_Vials,25.4,55.66,0,None,143,57
2024-11-02,HOSP_RUH_01,Insulin_Vials,22.1,66.16,1,Sandstorm/Dust_Storm,187,73
2024-11-03,HOSP_RUH_01,Insulin_Vials,15.8,74.48,0,None,156,61
2024-11-04,HOSP_RUH_01,Insulin_Vials,27.6,82.16,0,None,141,53
2024-11-05,HOSP_RUH_01,Insulin_Vials,18.2,54.66,0,None,168,67
2024-11-06,HOSP_RUH_01,Insulin_Vials,28.9,66.51,0,None,152,58
2024-11-07,HOSP_RUH_01,Insulin_Vials,22.5,84.78,0,None,148,59
2024-11-08,HOSP_RUH_01,Insulin_Vials,24.1,75.78,0,None,148,59
2024-11-09,HOSP_RUH_01,Insulin_Vials,21.4,61.24,0,None,128,52
2024-11-10,HOSP_RUH_01,Insulin_Vials,25.3,71.93,0,None,129,50
2024-11-11,HOSP_RUH_01,Insulin_Vials,21.6,77.33,0,None,147,60
2024-11-12,HOSP_RUH_01,Insulin_Vials,13.3,79.04,0,None,135,54
2024-11-13,HOSP_RUH_01,Insulin_Vials,26.1,60.56,1,Sandstorm/Dust_Storm,210,85
2024-11-14,HOSP_RUH_01,Insulin_Vials,22.5,67.58,0,None,134,53
2024-11-15,HOSP_RUH_01,Insulin_Vials,38.1,65.51,0,None,159,64
2024-11-16,HOSP_RUH_01,Insulin_Vials,25.6,67.27,0,None,150,59
2024-11-17,HOSP_RUH_01,Insulin_Vials,19.9,74.75,0,None,154,60
2024-11-18,HOSP_RUH_01,Insulin_Vials,23.1,73.88,0,None,128,51
2024-11-19,HOSP_RUH_01,Insulin_Vials,15.7,78.6,0,None,158,62
2024-11-20,HOSP_RUH_01,Insulin_Vials,22.8,49.9,0,None,107,43
2024-11-21,HOSP_RUH_01,Insulin_Vials,26.4,63.2,0,None,147,59
2024-11-22,HOSP_RUH_01,Insulin_Vials,26.1,69.54,0,None,145,56
2024-11-23,HOSP_RUH_01,Insulin_Vials,21.6,64.04,0,None,145,58
2024-11-24,HOSP_RUH_01,Insulin_Vials,24.5,80.04,0,None,134,52
2024-11-25,HOSP_RUH_01,Insulin_Vials,23.9,57.46,0,None,147,59
2024-11-26,HOSP_RUH_01,Insulin_Vials,26.6,82.46,0,None,169,68
2024-11-27,HOSP_RUH_01,Insulin_Vials,26.5,89.87,0,None,134,51
2024-11-28,HOSP_RUH_01,Insulin_Vials,20.8,67.61,0,None,143,55
2024-11-29,HOSP_RUH_01,Insulin_Vials,26.6,82.79,0,None,153,63
2024-11-30,HOSP_RUH_01,Insulin_Vials,24.0,86.26,0,None,134,54
2024-12-01,HOSP_RUH_01,Insulin_Vials,23.9,82.03,0,None,141,56
2024-12-02,HOSP_RUH_01,Insulin_Vials,19.7,73.62,0,None,153,61
2024-12-03,HOSP_RUH_01,Insulin_Vials,28.9,76.6,0,None,134,55
2024-12-04,HOSP_RUH_01,Insulin_Vials,20.4,63.61,0,None,141,57
2024-12-05,HOSP_RUH_01,Insulin_Vials,15.6,85.11,0,None,146,57
2024-12-06,HOSP_RUH_01,Insulin_Vials,19.7,84.08,0,None,154,62
2024-12-07,HOSP_RUH_01,Insulin_Vials,19.1,83.3,0,None,132,52
2024-12-08,HOSP_RUH_01,Insulin_Vials,19.6,76.57,0,None,141,57
2024-12-09,HOSP_RUH_01,Insulin_Vials,24.2,57.3,0,None,110,42
2024-12-10,HOSP_RUH_01,Insulin_Vials,23.1,81.25,0,None,133,53
2024-12-11,HOSP_RUH_01,Insulin_Vials,27.0,72.76,0,None,128,51
2024-12-12,HOSP_RUH_01,Insulin_Vials,24.2,81.16,0,None,147,58
2024-12-13,HOSP_RUH_01,Insulin_Vials,17.3,82.79,0,None,156,61
2024-12-14,HOSP_RUH_01,Insulin_Vials,23.6,85.76,0,None,141,56
2024-12-15,HOSP_RUH_01,Insulin_Vials,22.4,84.64,0,None,139,56
2024-12-16,HOSP_RUH_01,Insulin_Vials,21.8,82.37,0,None,137,55
2024-12-17,HOSP_RUH_01,Insulin_Vials,25.4,76.01,0,None,144,56
2024-12-18,HOSP_RUH_01,Insulin_Vials,22.2,74.12,0,None,151,59
2024-12-19,HOSP_RUH_01,Insulin_Vials,18.7,69.79,0,None,165,65
2024-12-20,HOSP_RUH_01,Insulin_Vials,26.0,65.25,0,None,131,51
2024-12-21,HOSP_RUH_01,Insulin_Vials,24.8,77.7,0,None,127,51
2024-12-22,HOSP_RUH_01,Insulin_Vials,18.4,62.94,0,None,149,61
2024-12-23,HOSP_RUH_01,Insulin_Vials,21.6,64.53,1,Sandstorm/Dust_Storm,181,72
2024-12-24,HOSP_RUH_01,Insulin_Vials,23.9,71.85,0,None,136,54
2024-12-25,HOSP_RUH_01,Insulin_Vials,28.1,78.27,0,None,152,60
2024-12-26,HOSP_RUH_01,Insulin_Vials,27.1,64.76,0,None,139,56
2024-12-27,HOSP_RUH_01,Insulin_Vials,17.4,75.74,0,None,123,51
2024-12-28,HOSP_RUH_01,Insulin_Vials,21.4,69.7,0,None,136,56
2024-12-29,HOSP_RUH_01,Insulin_Vials,24.9,90.67,0,None,143,58
2024-12-30,HOSP_RUH_01,Insulin_Vials,17.5,84.34,0,None,126,52
2024-12-31,HOSP_RUH_01,Insulin_Vials,18.2,73.94,0,None,144,59
2025-01-01,HOSP_RUH_01,Insulin_Vials,18.3,72.0,0,None,165,65
2025-01-02,HOSP_RUH_01,Insulin_Vials,23.2,58.78,0,None,145,57
2025-01-03,HOSP_RUH_01,Insulin_Vials,40.9,68.32,0,None,155,63
2025-01-04,HOSP_RUH_01,Insulin_Vials,18.2,92.61,0,None,166,65
2025-01-05,HOSP_RUH_01,Insulin_Vials,19.0,63.9,0,None,150,61
2025-01-06,HOSP_RUH_01,Insulin_Vials,22.7,82.43,0,None,167,66
2025-01-07,HOSP_RUH_01,Insulin_Vials,29.0,94.55,0,None,135,54
2025-01-08,HOSP_RUH_01,Insulin_Vials,19.0,88.76,0,None,145,58
2025-01-09,HOSP_RUH_01,Insulin_Vials,24.6,62.87,0,None,142,56
2025-01-10,HOSP_RUH_01,Insulin_Vials,27.4,62.68,1,Sandstorm/Dust_Storm,178,72
2025-01-11,HOSP_RUH_01,Insulin_Vials,20.8,67.8,0,None,157,62
2025-01-12,HOSP_RUH_01,Insulin_Vials,17.8,74.71,0,None,158,64
2025-01-13,HOSP_RUH_01,Insulin_Vials,22.9,85.27,0,None,128,52
2025-01-14,HOSP_RUH_01,Insulin_Vials,17.6,73.19,0,None,135,53
2025-01-15,HOSP_RUH_01,Insulin_Vials,23.6,80.6,0,None,137,56
2025-01-16,HOSP_RUH_01,Insulin_Vials,16.1,71.55,0,None,159,63
2025-01-17,HOSP_RUH_01,Insulin_Vials,21.8,65.32,0,None,152,61
2025-01-18,HOSP_RUH_01,Insulin_Vials,24.9,74.97,0,None,137,54
2025-01-19,HOSP_RUH_01,Insulin_Vials,20.8,76.33,0,None,131,53
2025-01-20,HOSP_RUH_01,Insulin_Vials,28.5,76.52,0,None,143,56
2025-01-21,HOSP_RUH_01,Insulin_Vials,22.8,63.24,0,None,156,61
2025-01-22,HOSP_RUH_01,Insulin_Vials,29.7,84.6,0,None,136,53
2025-01-23,HOSP_RUH_01,Insulin_Vials,27.3,70.71,0,None,162,64
2025-01-24,HOSP_RUH_01,Insulin_Vials,26.9,78.3,0,None,133,55
2025-01-25,HOSP_RUH_01,Insulin_Vials,23.1,77.59,0,None,156,61
2025-01-26,HOSP_RUH_01,Insulin_Vials,26.8,67.37,1,Sandstorm/Dust_Storm,178,72
2025-01-27,HOSP_RUH_01,Insulin_Vials,20.3,84.12,0,None,151,61
2025-01-28,HOSP_RUH_01,Insulin_Vials,16.5,76.62,0,None,139,56
2025-01-29,HOSP_RUH_01,Insulin_Vials,27.4,71.07,0,None,136,52
2025-01-30,HOSP_RUH_01,Insulin_Vials,23.7,68.4,0,None,148,62
2025-01-31,HOSP_RUH_01,Insulin_Vials,23.2,75.67,0,None,147,57
2025-02-01,HOSP_RUH_01,Insulin_Vials,14.5,69.78,0,None,159,63
2025-02-02,HOSP_RUH_01,Insulin_Vials,26.5,68.06,0,None,156,62
2025-02-03,HOSP_RUH_01,Insulin_Vials,26.0,77.57,0,None,150,59
2025-02-04,HOSP_RUH_01,Insulin_Vials,24.9,72.09,0,None,150,60
2025-02-05,HOSP_RUH_01,Insulin_Vials,28.4,75.8,0,None,134,53
2025-02-06,HOSP_RUH_01,Insulin_Vials,30.3,78.43,0,None,156,61
2025-02-07,HOSP_RUH_01,Insulin_Vials,21.2,76.1,0,None,130,51
2025-02-08,HOSP_RUH_01,Insulin_Vials,23.6,87.56,0,None,134,52
2025-02-09,HOSP_RUH_01,Insulin_Vials,24.9,73.53,1,Sandstorm/Dust_Storm,193,78
2025-02-10,HOSP_RUH_01,Insulin_Vials,32.9,75.18,0,None,141,56
2025-02-11,HOSP_RUH_01,Insulin_Vials,21.5,68.46,0,None,165,67
2025-02-12,HOSP_RUH_01,Insulin_Vials,18.3,81.33,0,None,158,62
2025-02-13,HOSP_RUH_01,Insulin_Vials,20.1,87.37,1,Sandstorm/Dust_Storm,190,76
2025-02-14,HOSP_RUH_01,Insulin_Vials,22.6,67.97,0,None,121,49
2025-02-15,HOSP_RUH_01,Insulin_Vials,24.0,57.01,0,None,153,59
2025-02-16,HOSP_RUH_01,Insulin_Vials,22.4,87.85,0,None,132,51
2025-02-17,HOSP_RUH_01,Insulin_Vials,23.0,73.62,0,None,142,55
2025-02-18,HOSP_RUH_01,Insulin_Vials,28.7,72.01,0,None,170,69
2025-02-19,HOSP_RUH_01,Insulin_Vials,26.2,70.64,0,None,123,49
2025-02-20,HOSP_RUH_01,Insulin_Vials,17.4,65.59,0,None,145,58
2025-02-21,HOSP_RUH_01,Insulin_Vials,23.6,82.84,1,Sandstorm/Dust_Storm,193,76
2025-02-22,HOSP_RUH_01,Insulin_Vials,21.0,74.3,0,None,158,63
2025-02-23,HOSP_RUH_01,Insulin_Vials,25.9,89.06,0,None,146,58
2025-02-24,HOSP_RUH_01,Insulin_Vials,15.8,58.01,0,None,165,66
2025-02-25,HOSP_RUH_01,Insulin_Vials,21.3,60.8,0,None,145,60
2025-02-26,HOSP_RUH_01,Insulin_Vials,25.1,62.57,0,None,134,52
2025-02-27,HOSP_RUH_01,Insulin_Vials,28.1,78.9,0,None,145,58
2025-02-28,HOSP_RUH_01,Insulin_Vials,23.1,69.1,0,None,135,51
2025-03-01,HOSP_RUH_01,Insulin_Vials,27.3,53.42,0,None,130,51
2025-03-02,HOSP_RUH_01,Insulin_Vials,19.8,43.88,0,None,106,43
2025-03-03,HOSP_RUH_01,Insulin_Vials,24.1,43.76,0,None,129,51
2025-03-04,HOSP_RUH_01,Insulin_Vials,27.6,63.34,0,None,107,43
2025-03-05,HOSP_RUH_01,Insulin_Vials,26.4,27.83,0,None,106,42
2025-03-06,HOSP_RUH_01,Insulin_Vials,22.3,44.4,0,None,115,45
2025-03-07,HOSP_RUH_01,Insulin_Vials,26.9,49.56,0,None,109,43
2025-03-08,HOSP_RUH_01,Insulin_Vials,21.9,63.43,0,None,104,42
2025-03-09,HOSP_RUH_01,Insulin_Vials,21.3,59.6,0,None,119,48
2025-03-10,HOSP_RUH_01,Insulin_Vials,26.6,45.1,0,None,129,52
2025-03-11,HOSP_RUH_01,Insulin_Vials,25.7,65.64,0,None,115,46
2025-03-12,HOSP_RUH_01,Insulin_Vials,26.1,34.35,0,None,111,44
2025-03-13,HOSP_RUH_01,Insulin_Vials,20.9,22.94,0,None,106,43
2025-03-14,HOSP_RUH_01,Insulin_Vials,19.9,43.4,0,None,133,54
2025-03-15,HOSP_RUH_01,Insulin_Vials,19.8,33.12,0,None,119,48
2025-03-16,HOSP_RUH_01,Insulin_Vials,20.0,59.73,0,None,127,51
2025-03-17,HOSP_RUH_01,Insulin_Vials,22.9,33.54,0,None,103,40
2025-03-18,HOSP_RUH_01,Insulin_Vials,19.6,68.29,0,None,128,52
2025-03-19,HOSP_RUH_01,Insulin_Vials,21.7,50.63,0,None,110,46
2025-03-20,HOSP_RUH_01,Insulin_Vials,20.7,50.79,0,None,114,47
2025-03-21,HOSP_RUH_01,Insulin_Vials,24.2,43.44,0,None,137,55
2025-03-22,HOSP_RUH_01,Insulin_Vials,30.6,62.91,0,None,105,40
2025-03-23,HOSP_RUH_01,Insulin_Vials,19.0,61.39,0,None,120,47
2025-03-24,HOSP_RUH_01,Insulin_Vials,25.4,51.46,0,None,119,49
2025-03-25,HOSP_RUH_01,Insulin_Vials,25.2,58.23,0,None,106,41
2025-03-26,HOSP_RUH_01,Insulin_Vials,22.5,59.99,0,None,131,52
2025-03-27,HOSP_RUH_01,Insulin_Vials,28.1,79.36,0,None,144,57
2025-03-28,HOSP_RUH_01,Insulin_Vials,12.7,48.61,0,None,120,48
2025-03-29,HOSP_RUH_01,Insulin_Vials,29.4,41.02,0,None,125,51
2025-03-30,HOSP_RUH_01,Insulin_Vials,13.9,50.11,0,None,104,43
2025-03-31,HOSP_RUH_01,Insulin_Vials,20.3,46.35,0,None,106,39
2025-04-01,HOSP_RUH_01,Insulin_Vials,23.0,60.27,0,None,109,45
2025-04-02,HOSP_RUH_01,Insulin_Vials,24.9,58.75,0,None,116,45
2025-04-03,HOSP_RUH_01,Insulin_Vials,23.8,49.35,0,None,116,45
2025-04-04,HOSP_RUH_01,Insulin_Vials,22.4,45.49,0,None,125,49
2025-04-05,HOSP_RUH_01,Insulin_Vials,21.6,48.34,1,Sandstorm/Dust_Storm,171,70
2025-04-06,HOSP_RUH_01,Insulin_Vials,28.9,37.18,0,None,130,52
2025-04-07,HOSP_RUH_01,Insulin_Vials,18.4,49.59,0,None,126,49
2025-04-08,HOSP_RUH_01,Insulin_Vials,23.8,35.2,0,None,118,48
2025-04-09,HOSP_RUH_01,Insulin_Vials,28.8,35.53,0,None,138,53
2025-04-10,HOSP_RUH_01,Insulin_Vials,21.1,57.7,0,None,109,43
2025-04-11,HOSP_RUH_01,Insulin_Vials,22.6,45.13,0,None,113,42
2025-04-12,HOSP_RUH_01,Insulin_Vials,24.3,32.66,0,None,96,38
2025-04-13,HOSP_RUH_01,Insulin_Vials,28.0,51.74,0,None,102,40
2025-04-14,HOSP_RUH_01,Insulin_Vials,24.2,58.86,0,None,129,51
2025-04-15,HOSP_RUH_01,Insulin_Vials,29.0,47.19,0,None,121,49
2025-04-16,HOSP_RUH_01,Insulin_Vials,16.6,45.8,0,None,123,48
2025-04-17,HOSP_RUH_01,Insulin_Vials,19.4,47.79,0,None,134,53
2025-04-18,HOSP_RUH_01,Insulin_Vials,22.5,53.39,0,None,110,44
2025-04-19,HOSP_RUH_01,Insulin_Vials,24.4,50.02,0,None,80,32
2025-04-20,HOSP_RUH_01,Insulin_Vials,20.6,30.3,0,None,113,45
2025-04-21,HOSP_RUH_01,Insulin_Vials,20.2,41.72,0,None,137,55
2025-04-22,HOSP_RUH_01,Insulin_Vials,24.6,51.25,0,None,108,42
2025-04-23,HOSP_RUH_01,Insulin_Vials,13.3,42.69,0,None,98,39
2025-04-24,HOSP_RUH_01,Insulin_Vials,29.8,50.41,0,None,129,51
2025-04-25,HOSP_RUH_01,Insulin_Vials,27.6,52.89,0,None,119,46
2025-04-26,HOSP_RUH_01,Insulin_Vials,28.2,42.8,0,None,108,43
2025-04-27,HOSP_RUH_01,Insulin_Vials,24.1,41.04,0,None,141,56
2025-04-28,HOSP_RUH_01,Insulin_Vials,27.3,58.04,0,None,138,55
2025-04-29,HOSP_RUH_01,Insulin_Vials,21.7,54.25,0,None,126,51
2025-04-30,HOSP_RUH_01,Insulin_Vials,19.2,61.39,0,None,117,47
2025-05-01,HOSP_RUH_01,Insulin_Vials,29.5,58.94,0,None,123,47
2025-05-02,HOSP_RUH_01,Insulin_Vials,31.7,46.74,0,None,145,56
2025-05-03,HOSP_RUH_01,Insulin_Vials,19.8,54.19,0,None,116,44
2025-05-04,HOSP_RUH_01,Insulin_Vials,23.9,73.82,0,None,121,49
2025-05-05,HOSP_RUH_01,Insulin_Vials,17.7,45.68,0,None,134,52
2025-05-06,HOSP_RUH_01,Insulin_Vials,23.4,45.07,0,None,113,45
2025-05-07,HOSP_RUH_01,Insulin_Vials,23.7,34.77,0,None,114,45
2025-05-08,HOSP_RUH_01,Insulin_Vials,13.5,53.06,0,None,124,50
2025-05-09,HOSP_RUH_01,Insulin_Vials,16.1,45.87,0,None,145,58
2025-05-10,HOSP_RUH_01,Insulin_Vials,23.4,42.63,0,None,117,47
2025-05-11,HOSP_RUH_01,Insulin_Vials,17.1,60.16,0,None,132,52
2025-05-12,HOSP_RUH_01,Insulin_Vials,22.3,52.26,0,None,125,51
2025-05-13,HOSP_RUH_01,Insulin_Vials,19.8,41.9,0,None,117,46
2025-05-14,HOSP_RUH_01,Insulin_Vials,23.1,62.87,0,None,141,56
2025-05-15,HOSP_RUH_01,Insulin_Vials,27.7,56.25,0,None,124,49
2025-05-16,HOSP_RUH_01,Insulin_Vials,21.5,49.97,0,None,133,54
2025-05-17,HOSP_RUH_01,Insulin_Vials,24.2,35.22,0,None,107,43
2025-05-18,HOSP_RUH_01,Insulin_Vials,22.1,55.47,0,None,114,45
2025-05-19,HOSP_RUH_01,Insulin_Vials,30.3,61.85,0,None,116,45
2025-05-20,HOSP_RUH_01,Insulin_Vials,25.0,61.1,0,None,126,51
2025-05-21,HOSP_RUH_01,Insulin_Vials,26.7,40.95,0,None,113,44
2025-05-22,HOSP_RUH_01,Insulin_Vials,32.2,53.56,0,None,123,49
2025-05-23,HOSP_RUH_01,Insulin_Vials,18.0,38.74,0,None,129,51
2025-05-24,HOSP_RUH_01,Insulin_Vials,19.2,62.5,0,None,120,50
2025-05-25,HOSP_RUH_01,Insulin_Vials,22.1,53.52,0,None,110,43
2025-05-26,HOSP_RUH_01,Insulin_Vials,25.2,47.06,0,None,124,49
2025-05-27,HOSP_RUH_01,Insulin_Vials,28.1,51.87,0,None,143,57
2025-05-28,HOSP_RUH_01,Insulin_Vials,21.0,49.52,0,None,113,46
2025-05-29,HOSP_RUH_01,Insulin_Vials,17.2,27.6,0,None,137,54
2025-05-30,HOSP_RUH_01,Insulin_Vials,23.3,56.45,0,None,105,43
2025-05-31,HOSP_RUH_01,Insulin_Vials,19.2,43.79,0,None,110,44
2025-06-01,HOSP_RUH_01,Insulin_Vials,39.8,48.36,0,None,101,40
2025-06-02,HOSP_RUH_01,Insulin_Vials,39.5,53.35,0,None,101,41
2025-06-03,HOSP_RUH_01,Insulin_Vials,42.4,38.84,0,None,110,43
2025-06-04,HOSP_RUH_01,Insulin_Vials,38.2,35.54,0,None,129,50
2025-06-05,HOSP_RUH_01,Insulin_Vials,38.2,52.42,0,None,124,50
2025-06-06,HOSP_RUH_01,Insulin_Vials,35.5,64.0,0,None,120,47
2025-06-07,HOSP_RUH_01,Insulin_Vials,32.2,52.99,0,None,137,57
2025-06-08,HOSP_RUH_01,Insulin_Vials,40.2,50.62,0,None,112,43
2025-06-09,HOSP_RUH_01,Insulin_Vials,37.0,32.2,0,None,137,56
2025-06-10,HOSP_RUH_01,Insulin_Vials,43.2,35.97,0,None,108,43
2025-06-11,HOSP_RUH_01,Insulin_Vials,37.6,49.44,1,Sandstorm/Dust_Storm,168,66
2025-06-12,HOSP_RUH_01,Insulin_Vials,35.3,49.01,0,None,112,45
2025-06-13,HOSP_RUH_01,Insulin_Vials,40.2,47.79,0,None,144,57
2025-06-14,HOSP_RUH_01,Insulin_Vials,40.3,39.59,0,None,130,52
2025-06-15,HOSP_RUH_01,Insulin_Vials,35.2,49.66,0,None,115,46
2025-06-16,HOSP_RUH_01,Insulin_Vials,31.3,67.3,0,None,124,48
2025-06-17,HOSP_RUH_01,Insulin_Vials,38.3,37.55,0,None,112,45
2025-06-18,HOSP_RUH_01,Insulin_Vials,36.6,63.31,0,None,104,43
2025-06-19,HOSP_RUH_01,Insulin_Vials,31.7,50.85,0,None,123,49
2025-06-20,HOSP_RUH_01,Insulin_Vials,35.6,61.09,0,None,119,47
2025-06-21,HOSP_RUH_01,Insulin_Vials,41.9,63.43,0,None,120,48
2025-06-22,HOSP_RUH_01,Insulin_Vials,33.6,52.27,0,None,109,45
2025-06-23,HOSP_RUH_01,Insulin_Vials,33.8,59.3,0,None,133,54
2025-06-24,HOSP_RUH_01,Insulin_Vials,31.9,51.93,0,None,121,48
2025-06-25,HOSP_RUH_01,Insulin_Vials,34.1,53.28,0,None,102,40
2025-06-26,HOSP_RUH_01,Insulin_Vials,42.2,52.44,0,None,107,43
2025-06-27,HOSP_RUH_01,Insulin_Vials,44.6,42.87,0,None,122,48
2025-06-28,HOSP_RUH_01,Insulin_Vials,36.7,48.44,0,None,120,46
2025-06-29,HOSP_RUH_01,Insulin_Vials,39.7,48.12,0,None,151,59
2025-06-30,HOSP_RUH_01,Insulin_Vials,40.1,44.81,0,None,129,52
2025-07-01,HOSP_RUH_01,Insulin_Vials,39.1,60.38,0,None,119,47
2025-07-02,HOSP_RUH_01,Insulin_Vials,41.8,60.68,0,None,119,47
2025-07-03,HOSP_RUH_01,Insulin_Vials,40.7,66.72,0,None,109,43
2025-07-04,HOSP_RUH_01,Insulin_Vials,34.7,60.51,0,None,106,43
2025-07-05,HOSP_RUH_01,Insulin_Vials,40.4,49.35,0,None,123,48
2025-07-06,HOSP_RUH_01,Insulin_Vials,37.5,41.21,0,None,127,51
2025-07-07,HOSP_RUH_01,Insulin_Vials,34.0,56.34,1,Sandstorm/Dust_Storm,149,58
2025-07-08,HOSP_RUH_01,Insulin_Vials,42.5,46.33,1,Heatwave,159,61
2025-07-09,HOSP_RUH_01,Insulin_Vials,36.1,45.36,0,None,121,47
2025-07-10,HOSP_RUH_01,Insulin_Vials,37.1,46.52,0,None,121,46
2025-07-11,HOSP_RUH_01,Insulin_Vials,37.3,56.2,0,None,138,54
2025-07-12,HOSP_RUH_01,Insulin_Vials,36.0,52.52,0,None,118,50
2025-07-13,HOSP_RUH_01,Insulin_Vials,33.4,54.88,0,None,118,47
2025-07-14,HOSP_RUH_01,Insulin_Vials,42.5,72.11,0,None,111,43
2025-07-15,HOSP_RUH_01,Insulin_Vials,44.2,57.75,0,None,126,50
2025-07-16,HOSP_RUH_01,Insulin_Vials,43.8,43.7,0,None,106,41
2025-07-17,HOSP_RUH_01,Insulin_Vials,35.9,55.18,0,None,109,41
2025-07-18,HOSP_RUH_01,Insulin_Vials,32.1,30.33,0,None,125,50
2025-07-19,HOSP_RUH_01,Insulin_Vials,38.3,49.01,0,None,132,53
2025-07-20,HOSP_RUH_01,Insulin_Vials,40.5,63.99,0,None,126,49
2025-07-21,HOSP_RUH_01,Insulin_Vials,36.5,41.14,0,None,123,49
2025-07-22,HOSP_RUH_01,Insulin_Vials,45.6,52.95,0,None,120,49
2025-07-23,HOSP_RUH_01,Insulin_Vials,41.3,48.04,0,None,128,50
2025-07-24,HOSP_RUH_01,Insulin_Vials,38.1,71.41,0,None,103,41
2025-07-25,HOSP_RUH_01,Insulin_Vials,46.3,58.21,0,None,131,51
2025-07-26,HOSP_RUH_01,Insulin_Vials,42.8,52.05,0,None,125,50
2025-07-27,HOSP_RUH_01,Insulin_Vials,34.8,43.15,0,None,112,46
2025-07-28,HOSP_RUH_01,Insulin_Vials,40.6,30.79,0,None,115,44
2025-07-29,HOSP_RUH_01,Insulin_Vials,30.0,55.87,0,None,105,43
2025-07-30,HOSP_RUH_01,Insulin_Vials,38.4,62.31,0,None,121,47
2025-07-31,HOSP_RUH_01,Insulin_Vials,40.3,37.98,0,None,127,51
2025-08-01,HOSP_RUH_01,Insulin_Vials,35.3,55.2,0,None,139,57
2025-08-02,HOSP_RUH_01,Insulin_Vials,36.6,60.8,1,Sandstorm/Dust_Storm,141,56
2025-08-03,HOSP_RUH_01,Insulin_Vials,39.3,53.33,0,None,124,48
2025-08-04,HOSP_RUH_01,Insulin_Vials,45.1,52.47,0,None,120,47
2025-08-05,HOSP_RUH_01,Insulin_Vials,40.7,54.36,0,None,128,51
2025-08-06,HOSP_RUH_01,Insulin_Vials,34.5,61.76,0,None,121,47
2025-08-07,HOSP_RUH_01,Insulin_Vials,40.4,43.88,0,None,106,42
2025-08-08,HOSP_RUH_01,Insulin_Vials,42.0,42.83,0,None,95,39
2025-08-09,HOSP_RUH_01,Insulin_Vials,36.9,27.7,0,None,123,47
2025-08-10,HOSP_RUH_01,Insulin_Vials,41.9,43.93,0,None,110,44
2025-08-11,HOSP_RUH_01,Insulin_Vials,45.6,51.73,0,None,126,50
2025-08-12,HOSP_RUH_01,Insulin_Vials,36.8,58.98,0,None,124,48
2025-08-13,HOSP_RUH_01,Insulin_Vials,41.2,62.11,0,None,134,54
2025-08-14,HOSP_RUH_01,Insulin_Vials,40.0,34.15,0,None,119,47
2025-08-15,HOSP_RUH_01,Insulin_Vials,44.5,44.81,1,Heatwave,162,64
2025-08-16,HOSP_RUH_01,Insulin_Vials,40.1,50.57,0,None,106,41
2025-08-17,HOSP_RUH_01,Insulin_Vials,37.1,36.19,0,None,126,50
2025-08-18,HOSP_RUH_01,Insulin_Vials,40.4,51.65,0,None,113,45
2025-08-19,HOSP_RUH_01,Insulin_Vials,40.7,61.14,0,None,106,43
2025-08-20,HOSP_RUH_01,Insulin_Vials,40.5,47.16,0,None,113,46
2025-08-21,HOSP_RUH_01,Insulin_Vials,40.8,53.47,0,None,113,45
2025-08-22,HOSP_RUH_01,Insulin_Vials,39.5,46.26,0,None,114,48
2025-08-23,HOSP_RUH_01,Insulin_Vials,36.7,46.12,0,None,122,47
2025-08-24,HOSP_RUH_01,Insulin_Vials,35.0,51.81,0,None,106,42
2025-08-25,HOSP_RUH_01,Insulin_Vials,38.2,44.48,0,None,126,51
2025-08-26,HOSP_RUH_01,Insulin_Vials,37.9,61.45,0,None,130,52
2025-08-27,HOSP_RUH_01,Insulin_Vials,40.0,69.58,0,None,131,50
2025-08-28,HOSP_RUH_01,Insulin_Vials,31.5,46.02,0,None,115,45
2025-08-29,HOSP_RUH_01,Insulin_Vials,42.1,46.51,0,None,116,45
2025-08-30,HOSP_RUH_01,Insulin_Vials,44.3,64.45,0,None,133,53
2025-08-31,HOSP_RUH_01,Insulin_Vials,38.6,45.43,0,None,112,47
2025-09-01,HOSP_RUH_01,Insulin_Vials,16.0,68.25,0,None,122,49
2025-09-02,HOSP_RUH_01,Insulin_Vials,17.8,52.58,0,None,120,48
2025-09-03,HOSP_RUH_01,Insulin_Vials,30.2,60.19,0,None,112,45
2025-09-04,HOSP_RUH_01,Insulin_Vials,31.5,60.53,0,None,124,50
2025-09-05,HOSP_RUH_01,Insulin_Vials,28.0,49.62,0,None,109,42
2025-09-06,HOSP_RUH_01,Insulin_Vials,24.0,55.13,0,None,124,50
2025-09-07,HOSP_RUH_01,Insulin_Vials,17.5,39.25,1,Sandstorm/Dust_Storm,159,63
2025-09-08,HOSP_RUH_01,Insulin_Vials,27.6,52.36,0,None,125,49
2025-09-09,HOSP_RUH_01,Insulin_Vials,27.4,50.7,0,None,125,50
2025-09-10,HOSP_RUH_01,Insulin_Vials,24.2,44.96,0,None,102,41
2025-09-11,HOSP_RUH_01,Insulin_Vials,22.9,34.81,0,None,120,48
2025-09-12,HOSP_RUH_01,Insulin_Vials,20.6,52.43,0,None,128,50
2025-09-13,HOSP_RUH_01,Insulin_Vials,19.5,49.78,1,Sandstorm/Dust_Storm,154,60
2025-09-14,HOSP_RUH_01,Insulin_Vials,20.6,54.74,0,None,107,43
2025-09-15,HOSP_RUH_01,Insulin_Vials,14.1,46.39,0,None,127,52
2025-09-16,HOSP_RUH_01,Insulin_Vials,21.8,57.9,0,None,138,55
2025-09-17,HOSP_RUH_01,Insulin_Vials,21.7,51.49,0,None,113,44
2025-09-18,HOSP_RUH_01,Insulin_Vials,26.9,36.79,0,None,109,44
2025-09-19,HOSP_RUH_01,Insulin_Vials,21.0,37.78,0,None,131,52
2025-09-20,HOSP_RUH_01,Insulin_Vials,21.5,59.07,0,None,135,53
2025-09-21,HOSP_RUH_01,Insulin_Vials,24.0,53.92,0,None,133,53
2025-09-22,HOSP_RUH_01,Insulin_Vials,28.4,44.87,0,None,111,43
2025-09-23,HOSP_RUH_01,Insulin_Vials,21.4,20.02,0,None,96,39
2025-09-24,HOSP_RUH_01,Insulin_Vials,20.4,55.27,0,None,146,58
2025-09-25,HOSP_RUH_01,Insulin_Vials,25.1,52.64,1,Sandstorm/Dust_Storm,165,66
2025-09-26,HOSP_RUH_01,Insulin_Vials,31.8,31.26,0,None,105,42
2025-09-27,HOSP_RUH_01,Insulin_Vials,16.7,42.14,0,None,114,43
2025-09-28,HOSP_RUH_01,Insulin_Vials,21.1,47.15,1,Sandstorm/Dust_Storm,178,71
2025-09-29,HOSP_RUH_01,Insulin_Vials,18.3,44.9,1,Sandstorm/Dust_Storm,165,66
2025-09-30,HOSP_RUH_01,Insulin_Vials,20.7,48.23,0,None,126,48
2025-10-01,HOSP_RUH_01,Insulin_Vials,16.1,61.37,0,None,118,44
2025-10-02,HOSP_RUH_01,Insulin_Vials,30.2,45.6,1,Sandstorm/Dust_Storm,164,65
2025-10-03,HOSP_RUH_01,Insulin_Vials,23.4,36.6,1,Sandstorm/Dust_Storm,167,66
2025-10-04,HOSP_RUH_01,Insulin_Vials,29.7,54.25,0,None,141,56
2025-10-05,HOSP_RUH_01,Insulin_Vials,19.6,67.85,0,None,128,50
2025-10-06,HOSP_RUH_01,Insulin_Vials,26.6,50.88,1,Sandstorm/Dust_Storm,162,65
2025-10-07,HOSP_RUH_01,Insulin_Vials,16.9,67.45,0,None,132,52
2025-10-08,HOSP_RUH_01,Insulin_Vials,21.0,45.97,1,Sandstorm/Dust_Storm,151,59
2025-10-09,HOSP_RUH_01,Insulin_Vials,21.5,50.89,0,None,122,48
2025-10-10,HOSP_RUH_01,Insulin_Vials,22.3,44.54,0,None,123,47
2025-10-11,HOSP_RUH_01,Insulin_Vials,26.1,62.14,0,None,105,41
2025-10-12,HOSP_RUH_01,Insulin_Vials,29.6,41.97,0,None,88,34
2025-10-13,HOSP_RUH_01,Insulin_Vials,28.1,48.63,0,None,126,50
2025-10-14,HOSP_RUH_01,Insulin_Vials,19.6,67.98,0,None,112,44
2025-10-15,HOSP_RUH_01,Insulin_Vials,21.6,50.84,0,None,125,50
2025-10-16,HOSP_RUH_01,Insulin_Vials,20.3,54.27,0,None,123,48
2025-10-17,HOSP_RUH_01,Insulin_Vials,32.7,53.48,0,None,123,49
2025-10-18,HOSP_RUH_01,Insulin_Vials,23.1,39.74,0,None,124,48
2025-10-19,HOSP_RUH_01,Insulin_Vials,30.6,46.88,0,None,109,43
2025-10-20,HOSP_RUH_01,Insulin_Vials,25.6,60.41,0,None,121,47
2025-10-21,HOSP_RUH_01,Insulin_Vials,23.5,57.8,0,None,117,45
2025-10-22,HOSP_RUH_01,Insulin_Vials,27.0,63.06,0,None,124,50
2025-10-23,HOSP_RUH_01,Insulin_Vials,23.6,47.23,1,Sandstorm/Dust_Storm,142,57
2025-10-24,HOSP_RUH_01,Insulin_Vials,27.5,48.32,0,None,104,42
2025-10-25,HOSP_RUH_01,Insulin_Vials,18.1,42.56,0,None,101,41
2025-10-26,HOSP_RUH_01,Insulin_Vials,30.2,44.53,0,None,121,48
2025-10-27,HOSP_RUH_01,Insulin_Vials,22.2,38.4,0,None,110,44
2025-10-28,HOSP_RUH_01,Insulin_Vials,27.1,40.22,1,Sandstorm/Dust_Storm,159,64
2025-10-29,HOSP_RUH_01,Insulin_Vials,19.0,59.79,0,None,111,45
2025-10-30,HOSP_RUH_01,Insulin_Vials,22.9,41.14,0,None,126,51
2025-10-31,HOSP_RUH_01,Insulin_Vials,18.8,63.19,1,Sandstorm/Dust_Storm,161,65
2025-11-01,HOSP_RUH_01,Insulin_Vials,27.5,90.29,0,None,148,60
2025-11-02,HOSP_RUH_01,Insulin_Vials,26.4,76.7,0,None,148,59
2025-11-03,HOSP_RUH_01,Insulin_Vials,20.0,73.72,0,None,159,64
2025-11-04,HOSP_RUH_01,Insulin_Vials,25.0,74.51,0,None,147,59
2025-11-05,HOSP_RUH_01,Insulin_Vials,17.4,80.91,0,None,142,57
2025-11-06,HOSP_RUH_01,Insulin_Vials,21.7,72.26,0,None,165,67
2025-11-07,HOSP_RUH_01,Insulin_Vials,22.1,79.52,0,None,130,50
2025-11-08,HOSP_RUH_01,Insulin_Vials,28.0,85.14,0,None,123,48
2025-11-09,HOSP_RUH_01,Insulin_Vials,16.8,72.53,0,None,154,62
2025-11-10,HOSP_RUH_01,Insulin_Vials,20.5,88.22,1,Sandstorm/Dust_Storm,202,80
2025-11-11,HOSP_RUH_01,Insulin_Vials,32.0,70.49,0,None,146,59
2025-11-12,HOSP_RUH_01,Insulin_Vials,29.9,81.12,1,Sandstorm/Dust_Storm,197,76
2025-11-13,HOSP_RUH_01,Insulin_Vials,28.5,72.12,0,None,156,61
2025-11-14,HOSP_RUH_01,Insulin_Vials,12.4,70.42,0,None,138,55
2025-11-15,HOSP_RUH_01,Insulin_Vials,30.5,101.65,0,None,165,66
2025-11-16,HOSP_RUH_01,Insulin_Vials,30.3,76.88,0,None,160,62
2025-11-17,HOSP_RUH_01,Insulin_Vials,28.5,83.27,0,None,164,65
2025-11-18,HOSP_RUH_01,Insulin_Vials,22.2,73.11,0,None,137,55
2025-11-19,HOSP_RUH_01,Insulin_Vials,22.7,83.49,0,None,136,53
2025-11-20,HOSP_RUH_01,Insulin_Vials,26.1,73.64,0,None,118,46
2025-11-21,HOSP_RUH_01,Insulin_Vials,18.8,82.1,0,None,155,61
2025-11-22,HOSP_RUH_01,Insulin_Vials,19.6,70.04,0,None,140,56
2025-11-23,HOSP_RUH_01,Insulin_Vials,14.4,61.55,0,None,153,60
2025-11-24,HOSP_RUH_01,Insulin_Vials,32.3,80.43,0,None,152,59
2025-11-25,HOSP_RUH_01,Insulin_Vials,22.6,83.62,0,None,113,45
2025-11-26,HOSP_RUH_01,Insulin_Vials,28.6,71.39,0,None,148,60
2025-11-27,HOSP_RUH_01,Insulin_Vials,28.7,92.22,0,None,141,56
2025-11-28,HOSP_RUH_01,Insulin_Vials,23.9,70.83,0,None,145,57
2025-11-29,HOSP_RUH_01,Insulin_Vials,24.9,64.72,0,None,143,58
2025-11-30,HOSP_RUH_01,Insulin_Vials,22.8,76.37,0,None,143,57
2025-12-01,HOSP_RUH_01,Insulin_Vials,23.1,49.8,0,None,143,56
2025-12-02,HOSP_RUH_01,Insulin_Vials,18.0,60.05,0,None,138,54
2025-12-03,HOSP_RUH_01,Insulin_Vials,23.9,81.64,0,None,135,53
2025-12-04,HOSP_RUH_01,Insulin_Vials,19.2,61.8,0,None,142,58
2025-12-05,HOSP_RUH_01,Insulin_Vials,26.4,89.17,0,None,163,64
2025-12-06,HOSP_RUH_01,Insulin_Vials,33.9,69.99,0,None,133,53
2025-12-07,HOSP_RUH_01,Insulin_Vials,16.7,105.97,0,None,131,52
2025-12-08,HOSP_RUH_01,Insulin_Vials,24.4,55.95,0,None,152,62
2025-12-09,HOSP_RUH_01,Insulin_Vials,22.5,71.16,0,None,119,47
2025-12-10,HOSP_RUH_01,Insulin_Vials,24.4,80.59,0,None,127,48
2025-12-11,HOSP_RUH_01,Insulin_Vials,25.0,77.26,0,None,138,54
2025-12-12,HOSP_RUH_01,Insulin_Vials,20.0,66.33,0,None,141,55
2025-12-13,HOSP_RUH_01,Insulin_Vials,26.5,60.45,0,None,150,61
2025-12-14,HOSP_RUH_01,Insulin_Vials,20.5,73.41,0,None,154,64
2025-12-15,HOSP_RUH_01,Insulin_Vials,22.2,55.24,0,None,151,60
2025-12-16,HOSP_RUH_01,Insulin_Vials,26.8,83.85,0,None,155,61
2025-12-17,HOSP_RUH_01,Insulin_Vials,20.9,76.54,0,None,151,60
2025-12-18,HOSP_RUH_01,Insulin_Vials,14.1,79.23,0,None,123,48
2025-12-19,HOSP_RUH_01,Insulin_Vials,19.0,78.82,0,None,150,59
2025-12-20,HOSP_RUH_01,Insulin_Vials,22.2,78.76,0,None,159,64
2025-12-21,HOSP_RUH_01,Insulin_Vials,26.6,90.39,0,None,134,53
2025-12-22,HOSP_RUH_01,Insulin_Vials,24.8,80.87,0,None,150,61
2025-12-23,HOSP_RUH_01,Insulin_Vials,25.1,85.87,0,None,171,69
2025-12-24,HOSP_RUH_01,Insulin_Vials,25.5,57.68,0,None,134,55
2025-12-25,HOSP_RUH_01,Insulin_Vials,28.8,54.53,0,None,160,64
2025-12-26,HOSP_RUH_01,Insulin_Vials,24.4,78.43,0,None,141,57
2025-12-27,HOSP_RUH_01,Insulin_Vials,23.0,64.16,0,None,150,59
2025-12-28,HOSP_RUH_01,Insulin_Vials,25.6,65.8,0,None,155,61
2025-12-29,HOSP_RUH_01,Insulin_Vials,22.7,92.51,0,None,156,62
2025-12-30,HOSP_RUH_01,Insulin_Vials,30.7,66.22,0,None,145,57
2025-12-31,HOSP_RUH_01,Insulin_Vials,29.7,70.07,0,None,143,55
2026-01-01,HOSP_RUH_01,Insulin_Vials,30.6,85.46,0,None,145,60
2024-01-01,HOSP_RUH_01,Painkillers,24.6,71.01,0,None,141,128
2024-01-02,HOSP_RUH_01,Painkillers,13.9,66.33,0,None,142,127
2024-01-03,HOSP_RUH_01,Painkillers,19.9,84.48,0,None,147,133
2024-01-04,HOSP_RUH_01,Painkillers,19.2,73.51,0,None,161,144
2024-01-05,HOSP_RUH_01,Painkillers,23.9,76.31,0,None,173,152
2024-01-06,HOSP_RUH_01,Painkillers,23.2,69.4,0,None,158,141
2024-01-07,HOSP_RUH_01,Painkillers,24.3,77.91,0,None,151,135
2024-01-08,HOSP_RUH_01,Painkillers,26.7,74.02,0,None,137,124
2024-01-09,HOSP_RUH_01,Painkillers,26.0,63.01,0,None,102,98
2024-01-10,HOSP_RUH_01,Painkillers,18.0,74.8,0,None,145,131
2024-01-11,HOSP_RUH_01,Painkillers,23.9,59.36,0,None,153,136
2024-01-12,HOSP_RUH_01,Painkillers,23.4,67.02,0,None,147,133
2024-01-13,HOSP_RUH_01,Painkillers,34.0,81.21,1,Sandstorm/Dust_Storm,187,165
2024-01-14,HOSP_RUH_01,Painkillers,20.8,76.32,0,None,121,111
2024-01-15,HOSP_RUH_01,Painkillers,34.6,89.85,1,Sandstorm/Dust_Storm,183,161
2024-01-16,HOSP_RUH_01,Painkillers,25.0,77.86,0,None,153,137
2024-01-17,HOSP_RUH_01,Painkillers,31.9,64.91,0,None,150,135
2024-01-18,HOSP_RUH_01,Painkillers,20.9,68.48,0,None,137,123
2024-01-19,HOSP_RUH_01,Painkillers,21.6,85.4,0,None,125,115
2024-01-20,HOSP_RUH_01,Painkillers,25.1,76.81,0,None,159,142
2024-01-21,HOSP_RUH_01,Painkillers,27.2,69.56,0,None,144,130
2024-01-22,HOSP_RUH_01,Painkillers,30.9,83.25,0,None,148,134
2024-01-23,HOSP_RUH_01,Painkillers,26.8,69.33,0,None,166,147
2024-01-24,HOSP_RUH_01,Painkillers,19.0,80.7,0,None,159,143
2024-01-25,HOSP_RUH_01,Painkillers,24.0,76.25,0,None,148,134
2024-01-26,HOSP_RUH_01,Painkillers,21.4,82.0,0,None,165,146
2024-01-27,HOSP_RUH_01,Painkillers,24.3,73.74,0,None,141,127
2024-01-28,HOSP_RUH_01,Painkillers,26.4,71.9,0,None,158,142
2024-01-29,HOSP_RUH_01,Painkillers,19.3,69.31,0,None,144,131
2024-01-30,HOSP_RUH_01,Painkillers,26.3,71.65,0,None,153,136
2024-01-31,HOSP_RUH_01,Painkillers,22.6,65.34,0,None,162,144
2024-02-01,HOSP_RUH_01,Painkillers,20.7,77.13,0,None,159,143
2024-02-02,HOSP_RUH_01,Painkillers,18.1,78.33,0,None,163,147
2024-02-03,HOSP_RUH_01,Painkillers,27.8,66.47,0,None,141,128
2024-02-04,HOSP_RUH_01,Painkillers,22.4,86.61,0,None,168,148
2024-02-05,HOSP_RUH_01,Painkillers,18.3,58.93,0,None,145,132
2024-02-06,HOSP_RUH_01,Painkillers,26.0,80.86,1,Sandstorm/Dust_Storm,173,155
2024-02-07,HOSP_RUH_01,Painkillers,22.3,88.18,0,None,149,134
2024-02-08,HOSP_RUH_01,Painkillers,24.3,90.84,1,Sandstorm/Dust_Storm,166,147
2024-02-09,HOSP_RUH_01,Painkillers,24.3,75.29,0,None,133,120
2024-02-10,HOSP_RUH_01,Painkillers,18.9,87.53,0,None,175,155
2024-02-11,HOSP_RUH_01,Painkillers,23.6,72.62,0,None,167,149
2024-02-12,HOSP_RUH_01,Painkillers,16.1,65.97,0,None,144,130
2024-02-13,HOSP_RUH_01,Painkillers,23.7,74.96,0,None,138,125
2024-02-14,HOSP_RUH_01,Painkillers,29.0,82.26,0,None,149,135
2024-02-15,HOSP_RUH_01,Painkillers,17.2,75.18,0,None,125,115
2024-02-16,HOSP_RUH_01,Painkillers,26.5,62.86,0,None,171,151
2024-02-17,HOSP_RUH_01,Painkillers,18.6,87.08,0,None,148,133
2024-02-18,HOSP_RUH_01,Painkillers,16.3,63.26,0,None,140,126
2024-02-19,HOSP_RUH_01,Painkillers,18.9,73.79,0,None,135,124
2024-02-20,HOSP_RUH_01,Painkillers,20.2,74.55,0,None,150,135
2024-02-21,HOSP_RUH_01,Painkillers,21.6,67.88,0,None,145,131
2024-02-22,HOSP_RUH_01,Painkillers,27.5,83.53,0,None,153,136
2024-02-23,HOSP_RUH_01,Painkillers,22.7,77.01,0,None,151,134
2024-02-24,HOSP_RUH_01,Painkillers,12.8,72.32,0,None,156,138
2024-02-25,HOSP_RUH_01,Painkillers,24.3,79.24,0,None,138,126
2024-02-26,HOSP_RUH_01,Painkillers,22.4,83.88,0,None,139,125
2024-02-27,HOSP_RUH_01,Painkillers,22.3,90.9,0,None,149,134
2024-02-28,HOSP_RUH_01,Painkillers,24.1,79.45,0,None,143,130
2024-02-29,HOSP_RUH_01,Painkillers,26.6,84.89,0,None,137,126
2024-03-01,HOSP_RUH_01,Painkillers,26.5,29.56,0,None,110,87
2024-03-02,HOSP_RUH_01,Painkillers,23.4,58.9,0,None,110,87
2024-03-03,HOSP_RUH_01,Painkillers,19.8,47.79,0,None,135,110
2024-03-04,HOSP_RUH_01,Painkillers,19.0,62.67,0,None,112,89
2024-03-05,HOSP_RUH_01,Painkillers,21.3,42.52,0,None,118,93
2024-03-06,HOSP_RUH_01,Painkillers,19.6,57.22,1,Sandstorm/Dust_Storm,145,116
2024-03-07,HOSP_RUH_01,Painkillers,24.2,43.21,0,None,113,92
2024-03-08,HOSP_RUH_01,Painkillers,22.2,59.49,0,None,100,79
2024-03-09,HOSP_RUH_01,Painkillers,23.3,51.3,0,None,132,106
2024-03-10,HOSP_RUH_01,Painkillers,26.0,63.53,0,None,120,96
2024-03-11,HOSP_RUH_01,Painkillers,29.2,27.61,0,None,129,103
2024-03-12,HOSP_RUH_01,Painkillers,21.5,59.6,0,None,84,67
2024-03-13,HOSP_RUH_01,Painkillers,27.0,57.92,0,None,116,92
2024-03-14,HOSP_RUH_01,Painkillers,20.1,46.0,0,None,125,100
2024-03-15,HOSP_RUH_01,Painkillers,23.9,54.92,0,None,112,91
2024-03-16,HOSP_RUH_01,Painkillers,21.2,58.98,0,None,117,93
2024-03-17,HOSP_RUH_01,Painkillers,26.6,43.3,1,Sandstorm/Dust_Storm,160,129
2024-03-18,HOSP_RUH_01,Painkillers,24.0,55.66,0,None,97,77
2024-03-19,HOSP_RUH_01,Painkillers,20.4,59.79,0,None,90,70
2024-03-20,HOSP_RUH_01,Painkillers,31.5,46.0,0,None,130,104
2024-03-21,HOSP_RUH_01,Painkillers,19.5,54.86,0,None,112,90
2024-03-22,HOSP_RUH_01,Painkillers,25.3,51.57,0,None,129,102
2024-03-23,HOSP_RUH_01,Painkillers,28.4,45.09,0,None,111,89
2024-03-24,HOSP_RUH_01,Painkillers,18.8,55.59,0,None,133,106
2024-03-25,HOSP_RUH_01,Painkillers,25.1,46.8,0,None,115,90
2024-03-26,HOSP_RUH_01,Painkillers,24.9,67.4,1,Sandstorm/Dust_Storm,169,133
2024-03-27,HOSP_RUH_01,Painkillers,20.5,62.28,0,None,113,90
2024-03-28,HOSP_RUH_01,Painkillers,31.5,41.87,0,None,105,83
2024-03-29,HOSP_RUH_01,Painkillers,19.1,51.16,0,None,134,107
2024-03-30,HOSP_RUH_01,Painkillers,18.8,48.2,0,None,134,108
2024-03-31,HOSP_RUH_01,Painkillers,28.2,58.54,0,None,133,107
2024-04-01,HOSP_RUH_01,Painkillers,30.9,51.57,0,None,111,89
2024-04-02,HOSP_RUH_01,Painkillers,27.1,59.42,0,None,124,98
2024-04-03,HOSP_RUH_01,Painkillers,19.8,60.11,0,None,106,85
2024-04-04,HOSP_RUH_01,Painkillers,19.9,53.22,0,None,113,91
2024-04-05,HOSP_RUH_01,Painkillers,23.8,51.39,0,None,99,78
2024-04-06,HOSP_RUH_01,Painkillers,28.5,45.7,0,None,123,98
2024-04-07,HOSP_RUH_01,Painkillers,25.7,48.87,0,None,117,93
2024-04-08,HOSP_RUH_01,Painkillers,15.6,43.28,0,None,145,116
2024-04-09,HOSP_RUH_01,Painkillers,22.9,71.01,0,None,130,104
2024-04-10,HOSP_RUH_01,Painkillers,21.6,52.92,0,None,99,78
2024-04-11,HOSP_RUH_01,Painkillers,25.9,33.18,0,None,131,104
2024-04-12,HOSP_RUH_01,Painkillers,25.3,37.68,0,None,115,93
2024-04-13,HOSP_RUH_01,Painkillers,25.0,71.15,0,None,117,91
2024-04-14,HOSP_RUH_01,Painkillers,19.3,43.01,0,None,107,84
2024-04-15,HOSP_RUH_01,Painkillers,24.9,50.94,0,None,125,101
2024-04-16,HOSP_RUH_01,Painkillers,18.0,46.11,0,None,138,111
2024-04-17,HOSP_RUH_01,Painkillers,18.9,59.56,0,None,129,103
2024-04-18,HOSP_RUH_01,Painkillers,22.3,51.32,0,None,118,93
2024-04-19,HOSP_RUH_01,Painkillers,23.7,48.04,0,None,112,89
2024-04-20,HOSP_RUH_01,Painkillers,26.2,41.96,0,None,112,88
2024-04-21,HOSP_RUH_01,Painkillers,23.5,67.31,0,None,125,99
2024-04-22,HOSP_RUH_01,Painkillers,22.6,56.77,0,None,98,78
2024-04-23,HOSP_RUH_01,Painkillers,24.7,44.95,0,None,116,94
2024-04-24,HOSP_RUH_01,Painkillers,18.5,55.73,0,None,115,91
2024-04-25,HOSP_RUH_01,Painkillers,17.8,44.41,0,None,131,106
2024-04-26,HOSP_RUH_01,Painkillers,19.4,42.67,0,None,111,88
2024-04-27,HOSP_RUH_01,Painkillers,25.7,57.86,0,None,129,103
2024-04-28,HOSP_RUH_01,Painkillers,24.8,30.34,0,None,89,71
2024-04-29,HOSP_RUH_01,Painkillers,23.8,51.07,0,None,140,112
2024-04-30,HOSP_RUH_01,Painkillers,19.2,46.29,0,None,102,82
2024-05-01,HOSP_RUH_01,Painkillers,18.8,50.51,0,None,133,105
2024-05-02,HOSP_RUH_01,Painkillers,23.3,42.93,0,None,125,99
2024-05-03,HOSP_RUH_01,Painkillers,16.5,35.05,0,None,141,112
2024-05-04,HOSP_RUH_01,Painkillers,23.6,75.89,0,None,138,111
2024-05-05,HOSP_RUH_01,Painkillers,15.5,61.79,0,None,106,83
2024-05-06,HOSP_RUH_01,Painkillers,28.0,50.5,0,None,119,94
2024-05-07,HOSP_RUH_01,Painkillers,24.1,48.15,1,Sandstorm/Dust_Storm,180,143
2024-05-08,HOSP_RUH_01,Painkillers,14.3,30.82,0,None,130,103
2024-05-09,HOSP_RUH_01,Painkillers,18.6,46.73,0,None,125,100
2024-05-10,HOSP_RUH_01,Painkillers,28.4,41.39,0,None,125,99
2024-05-11,HOSP_RUH_01,Painkillers,19.8,50.69,0,None,131,106
2024-05-12,HOSP_RUH_01,Painkillers,28.0,43.5,0,None,111,88
2024-05-13,HOSP_RUH_01,Painkillers,17.1,60.58,0,None,114,91
2024-05-14,HOSP_RUH_01,Painkillers,21.7,47.25,0,None,104,83
2024-05-15,HOSP_RUH_01,Painkillers,27.4,46.58,0,None,112,88
2024-05-16,HOSP_RUH_01,Painkillers,23.0,59.83,0,None,102,82
2024-05-17,HOSP_RUH_01,Painkillers,22.7,53.38,0,None,116,94
2024-05-18,HOSP_RUH_01,Painkillers,27.5,25.14,0,None,120,97
2024-05-19,HOSP_RUH_01,Painkillers,22.0,28.85,0,None,117,94
2024-05-20,HOSP_RUH_01,Painkillers,26.6,56.39,0,None,122,98
2024-05-21,HOSP_RUH_01,Painkillers,25.4,62.95,0,None,130,104
2024-05-22,HOSP_RUH_01,Painkillers,26.6,44.86,0,None,132,104
2024-05-23,HOSP_RUH_01,Painkillers,19.4,73.41,0,None,115,91
2024-05-24,HOSP_RUH_01,Painkillers,20.2,51.95,0,None,140,111
2024-05-25,HOSP_RUH_01,Painkillers,20.1,45.1,0,None,103,81
2024-05-26,HOSP_RUH_01,Painkillers,19.6,63.12,0,None,122,97
2024-05-27,HOSP_RUH_01,Painkillers,22.8,57.44,0,None,131,105
2024-05-28,HOSP_RUH_01,Painkillers,22.4,52.33,0,None,109,87
2024-05-29,HOSP_RUH_01,Painkillers,16.9,55.46,0,None,91,72
2024-05-30,HOSP_RUH_01,Painkillers,32.0,47.95,1,Sandstorm/Dust_Storm,148,120
2024-05-31,HOSP_RUH_01,Painkillers,21.9,43.08,0,None,113,90
2024-06-01,HOSP_RUH_01,Painkillers,39.4,37.4,0,None,134,106
2024-06-02,HOSP_RUH_01,Painkillers,30.2,45.48,0,None,136,108
2024-06-03,HOSP_RUH_01,Painkillers,45.0,40.34,0,None,120,96
2024-06-04,HOSP_RUH_01,Painkillers,37.9,58.96,0,None,118,95
2024-06-05,HOSP_RUH_01,Painkillers,34.5,53.84,0,None,118,93
2024-06-06,HOSP_RUH_01,Painkillers,35.0,55.67,0,None,111,88
2024-06-07,HOSP_RUH_01,Painkillers,38.6,60.53,0,None,121,96
2024-06-08,HOSP_RUH_01,Painkillers,39.2,46.34,0,None,127,100
2024-06-09,HOSP_RUH_01,Painkillers,47.3,60.26,0,None,122,97
2024-06-10,HOSP_RUH_01,Painkillers,37.1,53.55,0,None,118,93
2024-06-11,HOSP_RUH_01,Painkillers,40.4,48.91,0,None,125,98
2024-06-12,HOSP_RUH_01,Painkillers,37.1,72.42,1,Sandstorm/Dust_Storm,149,118
2024-06-13,HOSP_RUH_01,Painkillers,36.0,47.33,0,None,120,96
2024-06-14,HOSP_RUH_01,Painkillers,37.9,52.24,0,None,146,116
2024-06-15,HOSP_RUH_01,Painkillers,37.2,50.92,0,None,118,94
2024-06-16,HOSP_RUH_01,Painkillers,39.9,52.07,0,None,98,78
2024-06-17,HOSP_RUH_01,Painkillers,45.0,36.93,0,None,110,88
2024-06-18,HOSP_RUH_01,Painkillers,36.1,54.97,0,None,106,86
2024-06-19,HOSP_RUH_01,Painkillers,34.5,66.06,0,None,126,100
2024-06-20,HOSP_RUH_01,Painkillers,40.1,48.97,0,None,129,106
2024-06-21,HOSP_RUH_01,Painkillers,35.5,51.05,0,None,128,103
2024-06-22,HOSP_RUH_01,Painkillers,33.9,45.75,0,None,129,101
2024-06-23,HOSP_RUH_01,Painkillers,30.0,59.03,0,None,113,90
2024-06-24,HOSP_RUH_01,Painkillers,39.5,34.85,1,Sandstorm/Dust_Storm,160,127
2024-06-25,HOSP_RUH_01,Painkillers,34.5,55.8,0,None,110,88
2024-06-26,HOSP_RUH_01,Painkillers,43.8,54.62,0,None,121,98
2024-06-27,HOSP_RUH_01,Painkillers,37.7,33.94,0,None,130,103
2024-06-28,HOSP_RUH_01,Painkillers,40.2,54.56,0,None,101,79
2024-06-29,HOSP_RUH_01,Painkillers,37.9,37.24,0,None,157,126
2024-06-30,HOSP_RUH_01,Painkillers,43.3,50.72,0,None,133,107
2024-07-01,HOSP_RUH_01,Painkillers,32.5,60.99,0,None,128,102
2024-07-02,HOSP_RUH_01,Painkillers,41.3,51.52,0,None,154,122
2024-07-03,HOSP_RUH_01,Painkillers,37.4,42.75,0,None,127,102
2024-07-04,HOSP_RUH_01,Painkillers,38.3,40.24,0,None,119,96
2024-07-05,HOSP_RUH_01,Painkillers,34.6,67.61,0,None,114,91
2024-07-06,HOSP_RUH_01,Painkillers,38.3,51.98,0,None,122,98
2024-07-07,HOSP_RUH_01,Painkillers,40.0,24.74,0,None,134,106
2024-07-08,HOSP_RUH_01,Painkillers,40.8,44.34,0,None,112,90
2024-07-09,HOSP_RUH_01,Painkillers,43.8,42.32,0,None,116,91
2024-07-10,HOSP_RUH_01,Painkillers,39.3,58.75,0,None,131,104
2024-07-11,HOSP_RUH_01,Painkillers,37.1,44.83,0,None,140,113
2024-07-12,HOSP_RUH_01,Painkillers,39.5,48.14,0,None,96,76
2024-07-13,HOSP_RUH_01,Painkillers,43.3,57.94,0,None,123,98
2024-07-14,HOSP_RUH_01,Painkillers,34.3,57.01,0,None,118,95
2024-07-15,HOSP_RUH_01,Painkillers,40.9,58.74,0,None,126,102
2024-07-16,HOSP_RUH_01,Painkillers,37.5,45.62,0,None,102,81
2024-07-17,HOSP_RUH_01,Painkillers,32.8,50.34,0,None,125,98
2024-07-18,HOSP_RUH_01,Painkillers,41.7,49.37,0,None,119,94
2024-07-19,HOSP_RUH_01,Painkillers,45.4,34.4,0,None,110,87
2024-07-20,HOSP_RUH_01,Painkillers,39.4,59.08,0,None,124,99
2024-07-21,HOSP_RUH_01,Painkillers,41.7,48.43,0,None,134,107
2024-07-22,HOSP_RUH_01,Painkillers,32.2,40.58,0,None,127,100
2024-07-23,HOSP_RUH_01,Painkillers,38.3,34.27,0,None,116,93
2024-07-24,HOSP_RUH_01,Painkillers,40.6,47.52,0,None,118,94
2024-07-25,HOSP_RUH_01,Painkillers,42.1,38.29,0,None,124,99
2024-07-26,HOSP_RUH_01,Painkillers,37.7,57.1,0,None,112,88
2024-07-27,HOSP_RUH_01,Painkillers,46.8,52.78,0,None,144,114
2024-07-28,HOSP_RUH_01,Painkillers,34.5,49.9,0,None,116,93
2024-07-29,HOSP_RUH_01,Painkillers,39.2,68.91,0,None,120,95
2024-07-30,HOSP_RUH_01,Painkillers,37.7,49.54,0,None,98,78
2024-07-31,HOSP_RUH_01,Painkillers,36.4,56.55,0,None,127,101
2024-08-01,HOSP_RUH_01,Painkillers,41.3,64.41,0,None,109,87
2024-08-02,HOSP_RUH_01,Painkillers,37.7,58.48,0,None,94,73
2024-08-03,HOSP_RUH_01,Painkillers,39.8,54.72,0,None,112,89
2024-08-04,HOSP_RUH_01,Painkillers,33.5,63.34,0,None,119,95
2024-08-05,HOSP_RUH_01,Painkillers,46.7,56.44,0,None,146,114
2024-08-06,HOSP_RUH_01,Painkillers,39.9,48.59,0,None,100,80
2024-08-07,HOSP_RUH_01,Painkillers,36.8,46.41,0,None,119,94
2024-08-08,HOSP_RUH_01,Painkillers,39.3,45.3,0,None,126,100
2024-08-09,HOSP_RUH_01,Painkillers,32.7,48.29,0,None,135,108
2024-08-10,HOSP_RUH_01,Painkillers,32.7,43.97,0,None,90,72
2024-08-11,HOSP_RUH_01,Painkillers,39.2,50.79,0,None,101,80
2024-08-12,HOSP_RUH_01,Painkillers,37.9,65.12,0,None,120,96
2024-08-13,HOSP_RUH_01,Painkillers,35.7,33.1,0,None,99,80
2024-08-14,HOSP_RUH_01,Painkillers,34.4,42.68,0,None,111,88
2024-08-15,HOSP_RUH_01,Painkillers,43.7,41.66,0,None,125,100
2024-08-16,HOSP_RUH_01,Painkillers,45.7,49.18,0,None,126,101
2024-08-17,HOSP_RUH_01,Painkillers,36.6,54.17,0,None,118,94
2024-08-18,HOSP_RUH_01,Painkillers,37.9,51.61,0,None,142,114
2024-08-19,HOSP_RUH_01,Painkillers,33.9,42.75,0,None,106,85
2024-08-20,HOSP_RUH_01,Painkillers,36.7,55.04,0,None,96,78
2024-08-21,HOSP_RUH_01,Painkillers,35.5,47.96,0,None,116,93
2024-08-22,HOSP_RUH_01,Painkillers,35.8,62.82,0,None,115,93
2024-08-23,HOSP_RUH_01,Painkillers,43.3,50.36,0,None,107,84
2024-08-24,HOSP_RUH_01,Painkillers,36.6,46.99,0,None,133,106
2024-08-25,HOSP_RUH_01,Painkillers,38.0,42.41,0,None,117,93
2024-08-26,HOSP_RUH_01,Painkillers,37.4,46.26,0,None,110,87
2024-08-27,HOSP_RUH_01,Painkillers,39.7,58.15,0,None,115,92
2024-08-28,HOSP_RUH_01,Painkillers,33.8,44.09,0,None,137,108
2024-08-29,HOSP_RUH_01,Painkillers,33.9,57.8,0,None,146,115
2024-08-30,HOSP_RUH_01,Painkillers,41.1,39.15,0,None,108,87
2024-08-31,HOSP_RUH_01,Painkillers,37.3,37.97,0,None,116,91
2024-09-01,HOSP_RUH_01,Painkillers,20.4,65.91,0,None,113,91
2024-09-02,HOSP_RUH_01,Painkillers,21.8,65.01,0,None,109,85
2024-09-03,HOSP_RUH_01,Painkillers,16.4,58.03,0,None,126,102
2024-09-04,HOSP_RUH_01,Painkillers,19.7,45.59,0,None,124,96
2024-09-05,HOSP_RUH_01,Painkillers,23.2,66.42,0,None,118,94
2024-09-06,HOSP_RUH_01,Painkillers,18.4,60.6,0,None,136,108
2024-09-07,HOSP_RUH_01,Painkillers,24.7,52.97,1,Sandstorm/Dust_Storm,166,133
2024-09-08,HOSP_RUH_01,Painkillers,26.0,61.58,0,None,111,88
2024-09-09,HOSP_RUH_01,Painkillers,22.8,43.9,0,None,99,80
2024-09-10,HOSP_RUH_01,Painkillers,25.2,59.44,0,None,123,98
2024-09-11,HOSP_RUH_01,Painkillers,18.8,38.19,0,None,125,100
2024-09-12,HOSP_RUH_01,Painkillers,16.2,59.3,0,None,120,96
2024-09-13,HOSP_RUH_01,Painkillers,20.7,44.82,1,Sandstorm/Dust_Storm,170,137
2024-09-14,HOSP_RUH_01,Painkillers,20.8,55.04,0,None,117,92
2024-09-15,HOSP_RUH_01,Painkillers,21.4,47.62,0,None,124,99
2024-09-16,HOSP_RUH_01,Painkillers,21.3,66.99,0,None,135,107
2024-09-17,HOSP_RUH_01,Painkillers,29.1,59.9,0,None,108,88
2024-09-18,HOSP_RUH_01,Painkillers,26.2,46.72,0,None,100,81
2024-09-19,HOSP_RUH_01,Painkillers,28.2,47.17,0,None,107,85
2024-09-20,HOSP_RUH_01,Painkillers,16.7,64.95,0,None,122,97
2024-09-21,HOSP_RUH_01,Painkillers,23.8,54.4,0,None,117,93
2024-09-22,HOSP_RUH_01,Painkillers,18.5,50.8,0,None,138,110
2024-09-23,HOSP_RUH_01,Painkillers,19.8,46.62,0,None,122,96
2024-09-24,HOSP_RUH_01,Painkillers,24.2,34.96,0,None,130,103
2024-09-25,HOSP_RUH_01,Painkillers,24.1,28.47,0,None,115,91
2024-09-26,HOSP_RUH_01,Painkillers,22.9,49.46,0,None,119,95
2024-09-27,HOSP_RUH_01,Painkillers,29.1,31.24,0,None,130,103
2024-09-28,HOSP_RUH_01,Painkillers,23.5,49.59,1,Sandstorm/Dust_Storm,177,141
2024-09-29,HOSP_RUH_01,Painkillers,24.1,55.66,0,None,118,95
2024-09-30,HOSP_RUH_01,Painkillers,15.2,50.72,0,None,105,84
2024-10-01,HOSP_RUH_01,Painkillers,31.2,44.29,0,None,115,90
2024-10-02,HOSP_RUH_01,Painkillers,21.9,53.65,0,None,107,86
2024-10-03,HOSP_RUH_01,Painkillers,24.1,50.19,0,None,104,84
2024-10-04,HOSP_RUH_01,Painkillers,26.7,44.45,0,None,133,106
2024-10-05,HOSP_RUH_01,Painkillers,20.6,47.9,0,None,106,85
2024-10-06,HOSP_RUH_01,Painkillers,19.8,36.86,0,None,104,82
2024-10-07,HOSP_RUH_01,Painkillers,17.7,45.85,0,None,118,95
2024-10-08,HOSP_RUH_01,Painkillers,20.6,36.78,0,None,115,94
2024-10-09,HOSP_RUH_01,Painkillers,24.4,49.51,0,None,96,76
2024-10-10,HOSP_RUH_01,Painkillers,19.8,49.17,0,None,120,95
2024-10-11,HOSP_RUH_01,Painkillers,24.5,47.25,0,None,111,89
2024-10-12,HOSP_RUH_01,Painkillers,18.2,45.27,0,None,123,99
2024-10-13,HOSP_RUH_01,Painkillers,13.5,58.71,0,None,117,93
2024-10-14,HOSP_RUH_01,Painkillers,21.9,46.99,0,None,121,96
2024-10-15,HOSP_RUH_01,Painkillers,22.9,55.92,0,None,92,74
2024-10-16,HOSP_RUH_01,Painkillers,21.2,37.74,0,None,99,78
2024-10-17,HOSP_RUH_01,Painkillers,19.5,45.12,0,None,120,96
2024-10-18,HOSP_RUH_01,Painkillers,21.4,51.74,0,None,130,104
2024-10-19,HOSP_RUH_01,Painkillers,26.4,62.88,0,None,111,89
2024-10-20,HOSP_RUH_01,Painkillers,22.3,54.6,0,None,111,88
2024-10-21,HOSP_RUH_01,Painkillers,23.8,43.23,0,None,130,103
2024-10-22,HOSP_RUH_01,Painkillers,22.0,52.69,0,None,118,94
2024-10-23,HOSP_RUH_01,Painkillers,21.3,52.61,0,None,109,87
2024-10-24,HOSP_RUH_01,Painkillers,21.8,33.02,0,None,128,103
2024-10-25,HOSP_RUH_01,Painkillers,23.1,57.84,0,None,127,100
2024-10-26,HOSP_RUH_01,Painkillers,23.5,45.14,0,None,136,108
2024-10-27,HOSP_RUH_01,Painkillers,28.4,52.29,1,Sandstorm/Dust_Storm,175,140
2024-10-28,HOSP_RUH_01,Painkillers,16.5,47.7,0,None,108,85
2024-10-29,HOSP_RUH_01,Painkillers,17.3,52.89,0,None,101,81
2024-10-30,HOSP_RUH_01,Painkillers,28.9,63.29,0,None,124,98
2024-10-31,HOSP_RUH_01,Painkillers,22.8,46.72,0,None,113,90
2024-11-01,HOSP_RUH_01,Painkillers,16.4,80.16,0,None,151,137
2024-11-02,HOSP_RUH_01,Painkillers,23.7,82.98,0,None,138,125
2024-11-03,HOSP_RUH_01,Painkillers,20.0,90.72,1,Sandstorm/Dust_Storm,167,149
2024-11-04,HOSP_RUH_01,Painkillers,18.3,78.25,0,None,155,137
2024-11-05,HOSP_RUH_01,Painkillers,21.5,75.35,0,None,147,132
2024-11-06,HOSP_RUH_01,Painkillers,24.4,75.79,0,None,116,108
2024-11-07,HOSP_RUH_01,Painkillers,21.0,97.05,0,None,157,140
2024-11-08,HOSP_RUH_01,Painkillers,27.5,75.59,0,None,135,125
2024-11-09,HOSP_RUH_01,Painkillers,20.2,72.93,0,None,146,131
2024-11-10,HOSP_RUH_01,Painkillers,27.0,79.34,0,None,137,126
2024-11-11,HOSP_RUH_01,Painkillers,19.9,93.77,0,None,139,126
2024-11-12,HOSP_RUH_01,Painkillers,20.7,98.55,0,None,135,123
2024-11-13,HOSP_RUH_01,Painkillers,30.3,96.42,0,None,133,122
2024-11-14,HOSP_RUH_01,Painkillers,26.8,76.8,0,None,147,132
2024-11-15,HOSP_RUH_01,Painkillers,24.4,73.48,0,None,129,118
2024-11-16,HOSP_RUH_01,Painkillers,27.5,87.28,0,None,131,119
2024-11-17,HOSP_RUH_01,Painkillers,18.0,70.6,0,None,135,124
2024-11-18,HOSP_RUH_01,Painkillers,24.7,76.4,0,None,115,106
2024-11-19,HOSP_RUH_01,Painkillers,17.6,69.23,0,None,164,146
2024-11-20,HOSP_RUH_01,Painkillers,19.5,88.6,0,None,143,129
2024-11-21,HOSP_RUH_01,Painkillers,28.0,89.03,0,None,122,113
2024-11-22,HOSP_RUH_01,Painkillers,18.0,94.55,0,None,148,133
2024-11-23,HOSP_RUH_01,Painkillers,24.3,63.57,0,None,143,129
2024-11-24,HOSP_RUH_01,Painkillers,22.7,63.19,0,None,141,129
2024-11-25,HOSP_RUH_01,Painkillers,20.3,69.98,0,None,146,131
2024-11-26,HOSP_RUH_01,Painkillers,23.6,68.75,0,None,123,112
2024-11-27,HOSP_RUH_01,Painkillers,26.0,55.25,0,None,139,126
2024-11-28,HOSP_RUH_01,Painkillers,32.6,76.12,0,None,149,136
2024-11-29,HOSP_RUH_01,Painkillers,21.9,95.63,0,None,145,131
2024-11-30,HOSP_RUH_01,Painkillers,23.6,60.18,0,None,164,146
2024-12-01,HOSP_RUH_01,Painkillers,19.4,92.42,0,None,124,113
2024-12-02,HOSP_RUH_01,Painkillers,18.2,59.53,0,None,151,137
2024-12-03,HOSP_RUH_01,Painkillers,22.1,63.5,0,None,148,133
2024-12-04,HOSP_RUH_01,Painkillers,23.6,71.77,0,None,135,122
2024-12-05,HOSP_RUH_01,Painkillers,20.4,80.97,0,None,164,147
2024-12-06,HOSP_RUH_01,Painkillers,16.8,71.76,0,None,159,142
2024-12-07,HOSP_RUH_01,Painkillers,20.0,84.6,0,None,138,127
2024-12-08,HOSP_RUH_01,Painkillers,30.2,82.86,0,None,140,126
2024-12-09,HOSP_RUH_01,Painkillers,17.0,80.45,0,None,150,135
2024-12-10,HOSP_RUH_01,Painkillers,25.2,70.29,0,None,158,141
2024-12-11,HOSP_RUH_01,Painkillers,22.5,70.25,0,None,147,133
2024-12-12,HOSP_RUH_01,Painkillers,24.7,60.43,1,Sandstorm/Dust_Storm,172,153
2024-12-13,HOSP_RUH_01,Painkillers,27.6,73.93,0,None,154,139
2024-12-14,HOSP_RUH_01,Painkillers,23.7,80.42,0,None,156,141
2024-12-15,HOSP_RUH_01,Painkillers,20.9,72.02,1,Sandstorm/Dust_Storm,182,159
2024-12-16,HOSP_RUH_01,Painkillers,20.7,82.17,0,None,144,130
2024-12-17,HOSP_RUH_01,Painkillers,19.8,83.27,0,None,146,133
2024-12-18,HOSP_RUH_01,Painkillers,26.5,68.33,0,None,152,136
2024-12-19,HOSP_RUH_01,Painkillers,22.6,76.74,0,None,155,139
2024-12-20,HOSP_RUH_01,Painkillers,25.3,60.78,0,None,149,134
2024-12-21,HOSP_RUH_01,Painkillers,17.8,80.17,0,None,146,130
2024-12-22,HOSP_RUH_01,Painkillers,21.9,69.86,0,None,138,125
2024-12-23,HOSP_RUH_01,Painkillers,20.6,60.06,1,Sandstorm/Dust_Storm,190,166
2024-12-24,HOSP_RUH_01,Painkillers,22.2,63.61,0,None,156,139
2024-12-25,HOSP_RUH_01,Painkillers,21.3,64.63,0,None,139,126
2024-12-26,HOSP_RUH_01,Painkillers,29.5,61.64,1,Sandstorm/Dust_Storm,199,175
2024-12-27,HOSP_RUH_01,Painkillers,27.8,60.32,0,None,163,144
2024-12-28,HOSP_RUH_01,Painkillers,23.6,67.18,0,None,132,122
2024-12-29,HOSP_RUH_01,Painkillers,21.2,91.97,0,None,114,106
2024-12-30,HOSP_RUH_01,Painkillers,23.7,73.91,0,None,156,139
2024-12-31,HOSP_RUH_01,Painkillers,25.4,70.93,0,None,151,135
2025-01-01,HOSP_RUH_01,Painkillers,27.0,89.16,0,None,148,134
2025-01-02,HOSP_RUH_01,Painkillers,24.1,78.45,0,None,162,143
2025-01-03,HOSP_RUH_01,Painkillers,19.9,64.5,0,None,143,127
2025-01-04,HOSP_RUH_01,Painkillers,20.9,86.08,0,None,146,132
2025-01-05,HOSP_RUH_01,Painkillers,22.5,86.54,0,None,140,125
2025-01-06,HOSP_RUH_01,Painkillers,24.7,64.06,0,None,158,141
2025-01-07,HOSP_RUH_01,Painkillers,20.4,77.91,0,None,139,127
2025-01-08,HOSP_RUH_01,Painkillers,23.8,80.06,1,Sandstorm/Dust_Storm,168,150
2025-01-09,HOSP_RUH_01,Painkillers,23.0,69.08,0,None,159,142
2025-01-10,HOSP_RUH_01,Painkillers,20.6,100.6,0,None,158,140
2025-01-11,HOSP_RUH_01,Painkillers,24.6,71.75,0,None,136,122
2025-01-12,HOSP_RUH_01,Painkillers,18.9,95.63,0,None,155,138
2025-01-13,HOSP_RUH_01,Painkillers,23.0,67.87,0,None,141,128
2025-01-14,HOSP_RUH_01,Painkillers,27.3,64.63,1,Sandstorm/Dust_Storm,199,174
2025-01-15,HOSP_RUH_01,Painkillers,17.6,92.46,0,None,137,125
2025-01-16,HOSP_RUH_01,Painkillers,30.0,75.14,0,None,131,119
2025-01-17,HOSP_RUH_01,Painkillers,34.1,71.87,0,None,121,109
2025-01-18,HOSP_RUH_01,Painkillers,31.5,102.4,0,None,129,119
2025-01-19,HOSP_RUH_01,Painkillers,25.2,97.46,0,None,130,119
2025-01-20,HOSP_RUH_01,Painkillers,22.2,74.27,0,None,152,136
2025-01-21,HOSP_RUH_01,Painkillers,22.7,61.26,0,None,144,130
2025-01-22,HOSP_RUH_01,Painkillers,25.7,73.17,0,None,144,128
2025-01-23,HOSP_RUH_01,Painkillers,17.6,73.57,0,None,138,124
2025-01-24,HOSP_RUH_01,Painkillers,27.7,57.76,0,None,138,125
2025-01-25,HOSP_RUH_01,Painkillers,24.1,66.34,0,None,139,125
2025-01-26,HOSP_RUH_01,Painkillers,31.1,86.05,0,None,144,130
2025-01-27,HOSP_RUH_01,Painkillers,23.2,78.28,0,None,144,130
2025-01-28,HOSP_RUH_01,Painkillers,11.5,75.0,0,None,156,139
2025-01-29,HOSP_RUH_01,Painkillers,21.2,74.42,0,None,126,116
2025-01-30,HOSP_RUH_01,Painkillers,12.2,69.24,0,None,153,138
2025-01-31,HOSP_RUH_01,Painkillers,25.7,70.37,0,None,139,124
2025-02-01,HOSP_RUH_01,Painkillers,25.1,79.13,0,None,152,135
2025-02-02,HOSP_RUH_01,Painkillers,21.7,69.15,0,None,149,133
2025-02-03,HOSP_RUH_01,Painkillers,25.1,86.05,0,None,150,135
2025-02-04,HOSP_RUH_01,Painkillers,30.3,66.22,0,None,154,139
2025-02-05,HOSP_RUH_01,Painkillers,28.6,72.57,0,None,125,115
2025-02-06,HOSP_RUH_01,Painkillers,22.8,73.31,0,None,147,134
2025-02-07,HOSP_RUH_01,Painkillers,21.9,74.84,0,None,115,106
2025-02-08,HOSP_RUH_01,Painkillers,24.8,83.55,0,None,146,130
2025-02-09,HOSP_RUH_01,Painkillers,20.6,74.99,0,None,180,160
2025-02-10,HOSP_RUH_01,Painkillers,23.6,75.53,0,None,138,125
2025-02-11,HOSP_RUH_01,Painkillers,27.3,82.98,0,None,148,133
2025-02-12,HOSP_RUH_01,Painkillers,26.0,58.19,0,None,151,135
2025-02-13,HOSP_RUH_01,Painkillers,25.6,65.76,0,None,136,122
2025-02-14,HOSP_RUH_01,Painkillers,16.5,68.65,0,None,142,128
2025-02-15,HOSP_RUH_01,Painkillers,28.4,64.3,0,None,130,119
2025-02-16,HOSP_RUH_01,Painkillers,22.4,75.64,0,None,168,149
2025-02-17,HOSP_RUH_01,Painkillers,25.6,96.93,0,None,132,121
2025-02-18,HOSP_RUH_01,Painkillers,16.3,70.68,0,None,137,125
2025-02-19,HOSP_RUH_01,Painkillers,20.3,70.02,0,None,142,130
2025-02-20,HOSP_RUH_01,Painkillers,29.6,68.34,0,None,145,132
2025-02-21,HOSP_RUH_01,Painkillers,29.0,77.29,0,None,154,138
2025-02-22,HOSP_RUH_01,Painkillers,20.5,76.26,0,None,155,138
2025-02-23,HOSP_RUH_01,Painkillers,27.3,77.99,0,None,115,106
2025-02-24,HOSP_RUH_01,Painkillers,21.9,67.34,0,None,157,139
2025-02-25,HOSP_RUH_01,Painkillers,15.7,68.07,0,None,145,131
2025-02-26,HOSP_RUH_01,Painkillers,21.3,75.37,0,None,153,138
2025-02-27,HOSP_RUH_01,Painkillers,19.4,78.92,0,None,156,140
2025-02-28,HOSP_RUH_01,Painkillers,19.8,65.64,0,None,156,139
2025-03-01,HOSP_RUH_01,Painkillers,22.0,54.53,0,None,153,123
2025-03-02,HOSP_RUH_01,Painkillers,19.9,38.3,0,None,119,94
2025-03-03,HOSP_RUH_01,Painkillers,24.1,42.01,0,None,138,111
2025-03-04,HOSP_RUH_01,Painkillers,19.0,42.25,0,None,116,92
2025-03-05,HOSP_RUH_01,Painkillers,22.9,51.18,0,None,118,94
2025-03-06,HOSP_RUH_01,Painkillers,25.5,41.02,0,None,133,105
2025-03-07,HOSP_RUH_01,Painkillers,21.6,47.56,1,Sandstorm/Dust_Storm,160,128
2025-03-08,HOSP_RUH_01,Painkillers,28.2,58.98,0,None,107,85
2025-03-09,HOSP_RUH_01,Painkillers,15.2,63.66,0,None,127,102
2025-03-10,HOSP_RUH_01,Painkillers,24.5,52.51,0,None,119,93
2025-03-11,HOSP_RUH_01,Painkillers,17.7,56.22,0,None,119,97
2025-03-12,HOSP_RUH_01,Painkillers,24.1,59.17,0,None,124,99
2025-03-13,HOSP_RUH_01,Painkillers,22.6,40.09,0,None,120,95
2025-03-14,HOSP_RUH_01,Painkillers,15.2,50.37,0,None,124,97
2025-03-15,HOSP_RUH_01,Painkillers,26.6,41.84,0,None,129,102
2025-03-16,HOSP_RUH_01,Painkillers,24.6,56.43,0,None,121,95
2025-03-17,HOSP_RUH_01,Painkillers,24.0,49.27,0,None,112,88
2025-03-18,HOSP_RUH_01,Painkillers,22.3,26.15,0,None,120,96
2025-03-19,HOSP_RUH_01,Painkillers,24.0,45.45,0,None,131,104
2025-03-20,HOSP_RUH_01,Painkillers,19.1,65.75,0,None,111,87
2025-03-21,HOSP_RUH_01,Painkillers,19.6,39.35,1,Sandstorm/Dust_Storm,161,128
2025-03-22,HOSP_RUH_01,Painkillers,27.3,11.44,0,None,131,103
2025-03-23,HOSP_RUH_01,Painkillers,23.1,28.96,0,None,111,90
2025-03-24,HOSP_RUH_01,Painkillers,23.8,35.24,0,None,134,106
2025-03-25,HOSP_RUH_01,Painkillers,25.6,52.11,0,None,125,100
2025-03-26,HOSP_RUH_01,Painkillers,23.0,43.41,0,None,110,86
2025-03-27,HOSP_RUH_01,Painkillers,23.8,70.6,0,None,121,96
2025-03-28,HOSP_RUH_01,Painkillers,27.0,50.74,0,None,127,100
2025-03-29,HOSP_RUH_01,Painkillers,21.1,32.35,0,None,130,103
2025-03-30,HOSP_RUH_01,Painkillers,20.8,46.97,0,None,131,106
2025-03-31,HOSP_RUH_01,Painkillers,24.2,35.57,0,None,130,104
2025-04-01,HOSP_RUH_01,Painkillers,24.9,51.08,0,None,99,78
2025-04-02,HOSP_RUH_01,Painkillers,31.7,55.64,0,None,98,78
2025-04-03,HOSP_RUH_01,Painkillers,24.6,48.31,0,None,139,110
2025-04-04,HOSP_RUH_01,Painkillers,16.4,54.49,0,None,129,103
2025-04-05,HOSP_RUH_01,Painkillers,27.7,50.52,0,None,126,100
2025-04-06,HOSP_RUH_01,Painkillers,17.9,35.63,0,None,132,106
2025-04-07,HOSP_RUH_01,Painkillers,24.5,65.54,0,None,148,118
2025-04-08,HOSP_RUH_01,Painkillers,28.7,73.84,0,None,105,83
2025-04-09,HOSP_RUH_01,Painkillers,22.1,35.64,0,None,122,98
2025-04-10,HOSP_RUH_01,Painkillers,23.9,47.83,0,None,115,92
2025-04-11,HOSP_RUH_01,Painkillers,23.6,54.72,0,None,129,103
2025-04-12,HOSP_RUH_01,Painkillers,21.6,28.64,0,None,91,72
2025-04-13,HOSP_RUH_01,Painkillers,20.9,58.93,0,None,120,97
2025-04-14,HOSP_RUH_01,Painkillers,20.3,33.96,0,None,128,102
2025-04-15,HOSP_RUH_01,Painkillers,25.8,69.09,0,None,118,93
2025-04-16,HOSP_RUH_01,Painkillers,24.8,48.59,0,None,123,97
2025-04-17,HOSP_RUH_01,Painkillers,24.2,60.39,1,Sandstorm/Dust_Storm,153,121
2025-04-18,HOSP_RUH_01,Painkillers,20.8,50.4,0,None,129,103
2025-04-19,HOSP_RUH_01,Painkillers,26.6,40.54,0,None,109,89
2025-04-20,HOSP_RUH_01,Painkillers,29.6,40.94,0,None,129,103
2025-04-21,HOSP_RUH_01,Painkillers,26.0,41.04,0,None,140,110
2025-04-22,HOSP_RUH_01,Painkillers,28.5,48.6,0,None,118,95
2025-04-23,HOSP_RUH_01,Painkillers,29.0,49.09,0,None,144,115
2025-04-24,HOSP_RUH_01,Painkillers,28.3,41.58,0,None,112,89
2025-04-25,HOSP_RUH_01,Painkillers,30.0,41.59,1,Sandstorm/Dust_Storm,173,137
2025-04-26,HOSP_RUH_01,Painkillers,28.8,49.74,0,None,103,82
2025-04-27,HOSP_RUH_01,Painkillers,23.1,47.11,0,None,135,106
2025-04-28,HOSP_RUH_01,Painkillers,29.1,36.9,1,Sandstorm/Dust_Storm,168,133
2025-04-29,HOSP_RUH_01,Painkillers,25.9,62.59,0,None,128,102
2025-04-30,HOSP_RUH_01,Painkillers,24.3,48.63,0,None,124,99
2025-05-01,HOSP_RUH_01,Painkillers,22.5,65.38,0,None,137,109
2025-05-02,HOSP_RUH_01,Painkillers,21.6,44.34,0,None,120,96
2025-05-03,HOSP_RUH_01,Painkillers,28.9,63.54,0,None,138,109
2025-05-04,HOSP_RUH_01,Painkillers,22.3,41.55,0,None,128,100
2025-05-05,HOSP_RUH_01,Painkillers,20.1,42.66,0,None,119,95
2025-05-06,HOSP_RUH_01,Painkillers,26.4,38.95,0,None,132,106
2025-05-07,HOSP_RUH_01,Painkillers,20.8,51.21,0,None,107,84
2025-05-08,HOSP_RUH_01,Painkillers,25.6,66.83,1,Sandstorm/Dust_Storm,145,116
2025-05-09,HOSP_RUH_01,Painkillers,19.0,53.39,0,None,95,75
2025-05-10,HOSP_RUH_01,Painkillers,31.6,45.68,0,None,135,107
2025-05-11,HOSP_RUH_01,Painkillers,16.2,50.61,0,None,115,90
2025-05-12,HOSP_RUH_01,Painkillers,19.1,56.94,0,None,112,88
2025-05-13,HOSP_RUH_01,Painkillers,28.4,55.09,0,None,129,102
2025-05-14,HOSP_RUH_01,Painkillers,18.6,43.73,0,None,102,84
2025-05-15,HOSP_RUH_01,Painkillers,24.0,48.23,0,None,124,98
2025-05-16,HOSP_RUH_01,Painkillers,27.3,48.78,0,None,116,93
2025-05-17,HOSP_RUH_01,Painkillers,23.9,54.65,0,None,117,93
2025-05-18,HOSP_RUH_01,Painkillers,21.9,45.3,0,None,106,82
2025-05-19,HOSP_RUH_01,Painkillers,25.2,67.47,1,Sandstorm/Dust_Storm,153,122
2025-05-20,HOSP_RUH_01,Painkillers,25.9,41.81,0,None,85,67
2025-05-21,HOSP_RUH_01,Painkillers,26.8,57.16,0,None,118,95
2025-05-22,HOSP_RUH_01,Painkillers,27.8,45.35,0,None,109,86
2025-05-23,HOSP_RUH_01,Painkillers,25.6,39.36,0,None,132,104
2025-05-24,HOSP_RUH_01,Painkillers,25.9,53.26,0,None,110,88
2025-05-25,HOSP_RUH_01,Painkillers,19.3,51.25,0,None,117,92
2025-05-26,HOSP_RUH_01,Painkillers,29.3,39.19,0,None,130,105
2025-05-27,HOSP_RUH_01,Painkillers,24.6,59.53,0,None,115,93
2025-05-28,HOSP_RUH_01,Painkillers,23.5,43.87,0,None,124,99
2025-05-29,HOSP_RUH_01,Painkillers,25.3,40.63,1,Sandstorm/Dust_Storm,156,125
2025-05-30,HOSP_RUH_01,Painkillers,16.4,54.28,0,None,117,95
2025-05-31,HOSP_RUH_01,Painkillers,24.8,58.03,0,None,111,87
2025-06-01,HOSP_RUH_01,Painkillers,39.5,48.91,0,None,108,88
2025-06-02,HOSP_RUH_01,Painkillers,38.8,72.13,0,None,133,107
2025-06-03,HOSP_RUH_01,Painkillers,35.5,37.8,0,None,142,112
2025-06-04,HOSP_RUH_01,Painkillers,36.2,49.17,0,None,137,108
2025-06-05,HOSP_RUH_01,Painkillers,32.5,46.07,0,None,130,104
2025-06-06,HOSP_RUH_01,Painkillers,31.9,62.17,0,None,119,94
2025-06-07,HOSP_RUH_01,Painkillers,36.6,65.63,0,None,111,88
2025-06-08,HOSP_RUH_01,Painkillers,31.5,58.17,0,None,106,83
2025-06-09,HOSP_RUH_01,Painkillers,37.7,52.78,0,None,126,101
2025-06-10,HOSP_RUH_01,Painkillers,42.4,57.89,0,None,100,80
2025-06-11,HOSP_RUH_01,Painkillers,41.3,56.9,0,None,99,77
2025-06-12,HOSP_RUH_01,Painkillers,40.0,56.34,0,None,138,110
2025-06-13,HOSP_RUH_01,Painkillers,39.6,45.16,0,None,114,92
2025-06-14,HOSP_RUH_01,Painkillers,36.7,63.27,0,None,114,92
2025-06-15,HOSP_RUH_01,Painkillers,40.7,39.9,0,None,85,69
2025-06-16,HOSP_RUH_01,Painkillers,35.6,67.95,0,None,110,87
2025-06-17,HOSP_RUH_01,Painkillers,39.7,71.51,0,None,127,102
2025-06-18,HOSP_RUH_01,Painkillers,45.4,40.32,0,None,126,99
2025-06-19,HOSP_RUH_01,Painkillers,34.6,60.89,1,Sandstorm/Dust_Storm,137,108
2025-06-20,HOSP_RUH_01,Painkillers,41.3,65.61,0,None,99,80
2025-06-21,HOSP_RUH_01,Painkillers,43.7,51.18,0,None,114,89
2025-06-22,HOSP_RUH_01,Painkillers,37.1,52.98,0,None,105,84
2025-06-23,HOSP_RUH_01,Painkillers,43.8,34.08,0,None,140,112
2025-06-24,HOSP_RUH_01,Painkillers,43.7,60.77,0,None,147,118
2025-06-25,HOSP_RUH_01,Painkillers,43.2,60.65,0,None,114,90
2025-06-26,HOSP_RUH_01,Painkillers,37.3,53.2,0,None,100,80
2025-06-27,HOSP_RUH_01,Painkillers,43.6,47.49,0,None,128,103
2025-06-28,HOSP_RUH_01,Painkillers,33.4,38.45,0,None,98,78
2025-06-29,HOSP_RUH_01,Painkillers,34.5,29.4,0,None,139,112
2025-06-30,HOSP_RUH_01,Painkillers,33.7,43.54,1,Sandstorm/Dust_Storm,156,124
2025-07-01,HOSP_RUH_01,Painkillers,35.4,51.55,0,None,124,98
2025-07-02,HOSP_RUH_01,Painkillers,39.1,57.46,0,None,112,89
2025-07-03,HOSP_RUH_01,Painkillers,37.3,58.04,0,None,123,100
2025-07-04,HOSP_RUH_01,Painkillers,42.0,48.68,0,None,113,91
2025-07-05,HOSP_RUH_01,Painkillers,44.2,65.25,0,None,130,104
2025-07-06,HOSP_RUH_01,Painkillers,41.1,51.55,0,None,110,88
2025-07-07,HOSP_RUH_01,Painkillers,30.2,47.79,1,Sandstorm/Dust_Storm,157,123
2025-07-08,HOSP_RUH_01,Painkillers,36.9,67.22,0,None,102,84
2025-07-09,HOSP_RUH_01,Painkillers,36.2,37.85,0,None,117,95
2025-07-10,HOSP_RUH_01,Painkillers,41.8,56.73,0,None,85,68
2025-07-11,HOSP_RUH_01,Painkillers,28.8,62.9,0,None,117,93
2025-07-12,HOSP_RUH_01,Painkillers,34.7,70.12,0,None,122,97
2025-07-13,HOSP_RUH_01,Painkillers,33.6,21.76,0,None,129,103
2025-07-14,HOSP_RUH_01,Painkillers,38.8,50.07,0,None,114,90
2025-07-15,HOSP_RUH_01,Painkillers,40.2,41.28,0,None,111,85
2025-07-16,HOSP_RUH_01,Painkillers,38.2,45.06,0,None,137,109
2025-07-17,HOSP_RUH_01,Painkillers,40.6,44.38,1,Heatwave,140,111
2025-07-18,HOSP_RUH_01,Painkillers,34.9,45.13,0,None,142,112
2025-07-19,HOSP_RUH_01,Painkillers,36.6,59.99,0,None,120,96
2025-07-20,HOSP_RUH_01,Painkillers,35.5,41.53,0,None,147,118
2025-07-21,HOSP_RUH_01,Painkillers,41.7,58.21,1,Heatwave,161,130
2025-07-22,HOSP_RUH_01,Painkillers,28.8,57.95,0,None,116,91
2025-07-23,HOSP_RUH_01,Painkillers,32.7,37.88,0,None,116,92
2025-07-24,HOSP_RUH_01,Painkillers,36.9,58.25,0,None,99,78
2025-07-25,HOSP_RUH_01,Painkillers,35.6,44.21,0,None,106,85
2025-07-26,HOSP_RUH_01,Painkillers,35.9,42.33,0,None,119,96
2025-07-27,HOSP_RUH_01,Painkillers,42.5,35.45,0,None,109,86
2025-07-28,HOSP_RUH_01,Painkillers,39.7,40.46,0,None,134,105
2025-07-29,HOSP_RUH_01,Painkillers,38.5,41.08,0,None,121,97
2025-07-30,HOSP_RUH_01,Painkillers,41.0,53.43,0,None,125,99
2025-07-31,HOSP_RUH_01,Painkillers,42.9,33.46,0,None,114,92
2025-08-01,HOSP_RUH_01,Painkillers,33.3,34.16,0,None,117,93
2025-08-02,HOSP_RUH_01,Painkillers,39.2,58.66,1,Sandstorm/Dust_Storm,156,126
2025-08-03,HOSP_RUH_01,Painkillers,43.9,38.07,0,None,115,92
2025-08-04,HOSP_RUH_01,Painkillers,36.4,61.78,0,None,119,96
2025-08-05,HOSP_RUH_01,Painkillers,33.3,64.36,0,None,135,107
2025-08-06,HOSP_RUH_01,Painkillers,35.5,40.1,0,None,119,96
2025-08-07,HOSP_RUH_01,Painkillers,39.0,69.08,0,None,123,97
2025-08-08,HOSP_RUH_01,Painkillers,40.8,53.42,0,None,105,83
2025-08-09,HOSP_RUH_01,Painkillers,42.3,46.79,0,None,125,99
2025-08-10,HOSP_RUH_01,Painkillers,39.4,33.07,0,None,127,103
2025-08-11,HOSP_RUH_01,Painkillers,34.8,57.12,0,None,117,91
2025-08-12,HOSP_RUH_01,Painkillers,38.8,55.09,0,None,112,89
2025-08-13,HOSP_RUH_01,Painkillers,44.3,46.83,0,None,130,103
2025-08-14,HOSP_RUH_01,Painkillers,38.2,56.81,0,None,138,110
2025-08-15,HOSP_RUH_01,Painkillers,38.3,46.85,0,None,107,84
2025-08-16,HOSP_RUH_01,Painkillers,34.0,79.45,0,None,106,82
2025-08-17,HOSP_RUH_01,Painkillers,41.1,26.72,0,None,118,95
2025-08-18,HOSP_RUH_01,Painkillers,36.0,46.52,0,None,125,99
2025-08-19,HOSP_RUH_01,Painkillers,38.4,55.47,0,None,125,100
2025-08-20,HOSP_RUH_01,Painkillers,41.1,55.46,0,None,111,90
2025-08-21,HOSP_RUH_01,Painkillers,40.6,73.46,0,None,130,105
2025-08-22,HOSP_RUH_01,Painkillers,35.0,49.26,0,None,107,84
2025-08-23,HOSP_RUH_01,Painkillers,34.0,47.82,0,None,123,96
2025-08-24,HOSP_RUH_01,Painkillers,41.3,47.67,0,None,106,83
2025-08-25,HOSP_RUH_01,Painkillers,39.4,40.92,0,None,119,96
2025-08-26,HOSP_RUH_01,Painkillers,33.1,55.72,0,None,125,98
2025-08-27,HOSP_RUH_01,Painkillers,47.4,59.68,0,None,93,75
2025-08-28,HOSP_RUH_01,Painkillers,39.0,48.32,0,None,110,88
2025-08-29,HOSP_RUH_01,Painkillers,30.4,38.62,0,None,108,86
2025-08-30,HOSP_RUH_01,Painkillers,40.8,64.97,0,None,127,100
2025-08-31,HOSP_RUH_01,Painkillers,38.6,37.25,0,None,123,98
2025-09-01,HOSP_RUH_01,Painkillers,25.8,54.63,0,None,125,100
2025-09-02,HOSP_RUH_01,Painkillers,20.4,49.35,0,None,105,84
2025-09-03,HOSP_RUH_01,Painkillers,18.5,37.19,0,None,122,95
2025-09-04,HOSP_RUH_01,Painkillers,25.6,54.39,0,None,117,94
2025-09-05,HOSP_RUH_01,Painkillers,22.3,45.17,0,None,120,95
2025-09-06,HOSP_RUH_01,Painkillers,22.4,55.2,0,None,113,91
2025-09-07,HOSP_RUH_01,Painkillers,16.5,57.73,0,None,128,102
2025-09-08,HOSP_RUH_01,Painkillers,25.5,56.34,0,None,105,83
2025-09-09,HOSP_RUH_01,Painkillers,27.1,41.51,0,None,114,92
2025-09-10,HOSP_RUH_01,Painkillers,21.8,61.98,0,None,125,99
2025-09-11,HOSP_RUH_01,Painkillers,26.2,60.4,0,None,92,73
2025-09-12,HOSP_RUH_01,Painkillers,21.2,63.84,1,Sandstorm/Dust_Storm,158,125
2025-09-13,HOSP_RUH_01,Painkillers,23.7,48.19,0,None,106,85
2025-09-14,HOSP_RUH_01,Painkillers,23.1,58.82,0,None,124,98
2025-09-15,HOSP_RUH_01,Painkillers,23.3,46.24,0,None,116,91
2025-09-16,HOSP_RUH_01,Painkillers,21.9,58.4,0,None,120,97
2025-09-17,HOSP_RUH_01,Painkillers,19.5,49.21,0,None,107,84
2025-09-18,HOSP_RUH_01,Painkillers,21.4,42.28,0,None,108,88
2025-09-19,HOSP_RUH_01,Painkillers,31.8,56.0,0,None,121,95
2025-09-20,HOSP_RUH_01,Painkillers,21.5,49.45,0,None,113,89
2025-09-21,HOSP_RUH_01,Painkillers,14.6,44.3,0,None,125,100
2025-09-22,HOSP_RUH_01,Painkillers,24.7,53.53,0,None,126,99
2025-09-23,HOSP_RUH_01,Painkillers,26.5,52.78,0,None,118,93
2025-09-24,HOSP_RUH_01,Painkillers,24.0,49.39,0,None,117,94
2025-09-25,HOSP_RUH_01,Painkillers,25.2,53.18,0,None,117,93
2025-09-26,HOSP_RUH_01,Painkillers,20.2,60.01,0,None,119,95
2025-09-27,HOSP_RUH_01,Painkillers,31.1,51.12,0,None,103,81
2025-09-28,HOSP_RUH_01,Painkillers,21.3,58.8,0,None,127,99
2025-09-29,HOSP_RUH_01,Painkillers,16.9,57.33,0,None,138,109
2025-09-30,HOSP_RUH_01,Painkillers,18.8,48.57,0,None,131,103
2025-10-01,HOSP_RUH_01,Painkillers,14.9,58.19,0,None,134,107
2025-10-02,HOSP_RUH_01,Painkillers,16.7,38.85,0,None,115,91
2025-10-03,HOSP_RUH_01,Painkillers,23.1,72.18,0,None,117,93
2025-10-04,HOSP_RUH_01,Painkillers,21.3,34.91,0,None,115,92
2025-10-05,HOSP_RUH_01,Painkillers,21.4,47.59,0,None,125,98
2025-10-06,HOSP_RUH_01,Painkillers,24.4,49.26,0,None,115,91
2025-10-07,HOSP_RUH_01,Painkillers,20.2,55.99,0,None,120,96
2025-10-08,HOSP_RUH_01,Painkillers,25.6,28.99,0,None,95,75
2025-10-09,HOSP_RUH_01,Painkillers,22.4,52.94,0,None,96,76
2025-10-10,HOSP_RUH_01,Painkillers,19.2,55.91,0,None,128,103
2025-10-11,HOSP_RUH_01,Painkillers,17.7,52.73,0,None,135,109
2025-10-12,HOSP_RUH_01,Painkillers,26.8,40.78,0,None,127,101
2025-10-13,HOSP_RUH_01,Painkillers,21.8,72.09,0,None,123,99
2025-10-14,HOSP_RUH_01,Painkillers,22.8,50.62,0,None,128,102
2025-10-15,HOSP_RUH_01,Painkillers,19.8,41.81,0,None,115,93
2025-10-16,HOSP_RUH_01,Painkillers,31.5,42.5,0,None,114,91
2025-10-17,HOSP_RUH_01,Painkillers,25.7,59.98,0,None,112,90
2025-10-18,HOSP_RUH_01,Painkillers,18.2,36.23,0,None,131,105
2025-10-19,HOSP_RUH_01,Painkillers,18.7,66.19,0,None,113,90
2025-10-20,HOSP_RUH_01,Painkillers,25.8,53.12,0,None,133,106
2025-10-21,HOSP_RUH_01,Painkillers,25.9,45.4,0,None,117,92
2025-10-22,HOSP_RUH_01,Painkillers,26.7,55.68,1,Sandstorm/Dust_Storm,153,122
2025-10-23,HOSP_RUH_01,Painkillers,25.7,38.21,0,None,95,77
2025-10-24,HOSP_RUH_01,Painkillers,24.5,54.96,0,None,127,103
2025-10-25,HOSP_RUH_01,Painkillers,19.2,40.35,0,None,124,98
2025-10-26,HOSP_RUH_01,Painkillers,21.7,41.93,0,None,138,109
2025-10-27,HOSP_RUH_01,Painkillers,13.5,44.29,0,None,126,100
2025-10-28,HOSP_RUH_01,Painkillers,15.8,58.45,0,None,127,102
2025-10-29,HOSP_RUH_01,Painkillers,18.4,60.36,0,None,144,116
2025-10-30,HOSP_RUH_01,Painkillers,23.6,42.05,0,None,89,70
2025-10-31,HOSP_RUH_01,Painkillers,21.6,44.75,1,Sandstorm/Dust_Storm,170,134
2025-11-01,HOSP_RUH_01,Painkillers,19.2,77.5,0,None,154,137
2025-11-02,HOSP_RUH_01,Painkillers,18.2,85.96,0,None,142,127
2025-11-03,HOSP_RUH_01,Painkillers,19.1,63.39,0,None,123,112
2025-11-04,HOSP_RUH_01,Painkillers,25.0,61.55,0,None,114,106
2025-11-05,HOSP_RUH_01,Painkillers,22.5,72.54,0,None,149,134
2025-11-06,HOSP_RUH_01,Painkillers,17.3,80.32,0,None,153,137
2025-11-07,HOSP_RUH_01,Painkillers,23.5,74.18,0,None,139,125
2025-11-08,HOSP_RUH_01,Painkillers,20.7,76.21,0,None,164,144
2025-11-09,HOSP_RUH_01,Painkillers,18.2,60.8,0,None,164,146
2025-11-10,HOSP_RUH_01,Painkillers,18.9,58.89,0,None,139,126
2025-11-11,HOSP_RUH_01,Painkillers,20.9,84.35,0,None,138,123
2025-11-12,HOSP_RUH_01,Painkillers,21.1,70.24,0,None,152,137
2025-11-13,HOSP_RUH_01,Painkillers,19.9,81.96,0,None,132,120
2025-11-14,HOSP_RUH_01,Painkillers,16.3,69.61,0,None,163,144
2025-11-15,HOSP_RUH_01,Painkillers,25.6,64.1,0,None,172,152
2025-11-16,HOSP_RUH_01,Painkillers,33.2,58.88,0,None,110,103
2025-11-17,HOSP_RUH_01,Painkillers,23.4,84.9,0,None,153,139
2025-11-18,HOSP_RUH_01,Painkillers,30.4,85.17,1,Sandstorm/Dust_Storm,174,154
2025-11-19,HOSP_RUH_01,Painkillers,22.7,75.62,0,None,137,125
2025-11-20,HOSP_RUH_01,Painkillers,19.6,66.4,0,None,142,130
2025-11-21,HOSP_RUH_01,Painkillers,22.7,77.93,0,None,114,105
2025-11-22,HOSP_RUH_01,Painkillers,21.1,72.27,1,Sandstorm/Dust_Storm,188,166
2025-11-23,HOSP_RUH_01,Painkillers,28.4,75.93,0,None,151,136
2025-11-24,HOSP_RUH_01,Painkillers,20.4,72.31,0,None,131,120
2025-11-25,HOSP_RUH_01,Painkillers,21.8,61.59,0,None,148,132
2025-11-26,HOSP_RUH_01,Painkillers,23.9,67.62,0,None,148,132
2025-11-27,HOSP_RUH_01,Painkillers,23.0,73.27,0,None,129,117
2025-11-28,HOSP_RUH_01,Painkillers,21.2,69.44,0,None,136,122
2025-11-29,HOSP_RUH_01,Painkillers,26.6,78.42,0,None,148,133
2025-11-30,HOSP_RUH_01,Painkillers,18.1,81.51,0,None,165,147
2025-12-01,HOSP_RUH_01,Painkillers,21.4,72.43,0,None,132,118
2025-12-02,HOSP_RUH_01,Painkillers,30.5,77.27,0,None,147,131
2025-12-03,HOSP_RUH_01,Painkillers,26.1,78.97,0,None,147,132
2025-12-04,HOSP_RUH_01,Painkillers,25.4,73.51,0,None,145,128
2025-12-05,HOSP_RUH_01,Painkillers,23.6,60.18,0,None,142,128
2025-12-06,HOSP_RUH_01,Painkillers,25.8,59.1,0,None,150,134
2025-12-07,HOSP_RUH_01,Painkillers,23.3,77.23,0,None,158,143
2025-12-08,HOSP_RUH_01,Painkillers,23.7,83.15,0,None,140,126
2025-12-09,HOSP_RUH_01,Painkillers,20.6,74.6,0,None,144,131
2025-12-10,HOSP_RUH_01,Painkillers,19.8,72.67,0,None,136,122
2025-12-11,HOSP_RUH_01,Painkillers,26.6,83.54,0,None,148,131
2025-12-12,HOSP_RUH_01,Painkillers,22.8,82.8,0,None,143,129
2025-12-13,HOSP_RUH_01,Painkillers,28.6,71.79,1,Sandstorm/Dust_Storm,187,164
2025-12-14,HOSP_RUH_01,Painkillers,21.7,84.43,0,None,141,126
2025-12-15,HOSP_RUH_01,Painkillers,24.2,84.31,0,None,151,136
2025-12-16,HOSP_RUH_01,Painkillers,12.4,75.3,0,None,135,123
2025-12-17,HOSP_RUH_01,Painkillers,25.4,72.46,0,None,165,146
2025-12-18,HOSP_RUH_01,Painkillers,20.1,70.17,0,None,140,127
2025-12-19,HOSP_RUH_01,Painkillers,25.2,84.18,0,None,152,135
2025-12-20,HOSP_RUH_01,Painkillers,16.9,74.56,0,None,142,129
2025-12-21,HOSP_RUH_01,Painkillers,25.9,74.33,0,None,153,138
2025-12-22,HOSP_RUH_01,Painkillers,19.4,76.96,0,None,155,137
2025-12-23,HOSP_RUH_01,Painkillers,27.8,100.14,0,None,167,148
2025-12-24,HOSP_RUH_01,Painkillers,24.1,87.02,0,None,129,117
2025-12-25,HOSP_RUH_01,Painkillers,25.8,78.77,1,Sandstorm/Dust_Storm,189,165
2025-12-26,HOSP_RUH_01,Painkillers,23.7,79.56,0,None,147,130
2025-12-27,HOSP_RUH_01,Painkillers,22.9,100.11,0,None,153,136
2025-12-28,HOSP_RUH_01,Painkillers,26.2,69.46,0,None,141,129
2025-12-29,HOSP_RUH_01,Painkillers,22.3,77.25,0,None,151,135
2025-12-30,HOSP_RUH_01,Painkillers,24.3,80.15,0,None,165,148
2025-12-31,HOSP_RUH_01,Painkillers,12.8,67.16,0,None,144,132
2026-01-01,HOSP_RUH_01,Painkillers,22.5,75.45,1,Sandstorm/Dust_Storm,178,158
2024-01-01,HOSP_JED_02,N95_Masks,19.5,76.48,0,None,160,193
2024-01-02,HOSP_JED_02,N95_Masks,13.8,67.98,0,None,139,166
2024-01-03,HOSP_JED_02,N95_Masks,20.4,74.16,0,None,149,178
2024-01-04,HOSP_JED_02,N95_Masks,20.0,57.72,0,None,168,201
2024-01-05,HOSP_JED_02,N95_Masks,23.7,81.11,0,None,127,152
2024-01-06,HOSP_JED_02,N95_Masks,24.6,69.21,0,None,166,198
2024-01-07,HOSP_JED_02,N95_Masks,20.1,69.77,0,None,111,134
2024-01-08,HOSP_JED_02,N95_Masks,29.3,82.59,0,None,133,162
2024-01-09,HOSP_JED_02,N95_Masks,23.8,88.63,0,None,147,176
2024-01-10,HOSP_JED_02,N95_Masks,28.9,60.16,0,None,165,197
2024-01-11,HOSP_JED_02,N95_Masks,23.0,90.25,0,None,143,170
2024-01-12,HOSP_JED_02,N95_Masks,25.3,54.23,0,None,132,160
2024-01-13,HOSP_JED_02,N95_Masks,25.4,87.58,0,None,157,186
2024-01-14,HOSP_JED_02,N95_Masks,22.4,85.67,0,None,136,163
2024-01-15,HOSP_JED_02,N95_Masks,18.7,70.71,0,None,129,156
2024-01-16,HOSP_JED_02,N95_Masks,23.7,79.75,0,None,148,176
2024-01-17,HOSP_JED_02,N95_Masks,23.5,85.76,0,None,167,199
2024-01-18,HOSP_JED_02,N95_Masks,23.8,92.99,1,Sandstorm/Dust_Storm,172,236
2024-01-19,HOSP_JED_02,N95_Masks,17.9,86.1,0,None,158,188
2024-01-20,HOSP_JED_02,N95_Masks,24.0,68.05,0,None,139,166
2024-01-21,HOSP_JED_02,N95_Masks,22.6,65.23,0,None,150,179
2024-01-22,HOSP_JED_02,N95_Masks,22.2,85.25,0,None,144,171
2024-01-23,HOSP_JED_02,N95_Masks,20.7,76.6,0,None,152,181
2024-01-24,HOSP_JED_02,N95_Masks,22.6,75.33,0,None,155,185
2024-01-25,HOSP_JED_02,N95_Masks,15.8,75.92,0,None,160,192
2024-01-26,HOSP_JED_02,N95_Masks,21.6,63.84,0,None,153,184
2024-01-27,HOSP_JED_02,N95_Masks,20.9,68.67,0,None,141,169
2024-01-28,HOSP_JED_02,N95_Masks,19.8,74.64,0,None,166,198
2024-01-29,HOSP_JED_02,N95_Masks,18.3,69.17,0,None,128,154
2024-01-30,HOSP_JED_02,N95_Masks,25.9,86.67,0,None,151,181
2024-01-31,HOSP_JED_02,N95_Masks,23.9,70.28,0,None,140,169
2024-02-01,HOSP_JED_02,N95_Masks,17.8,78.8,0,None,146,174
2024-02-02,HOSP_JED_02,N95_Masks,29.6,86.89,0,None,133,160
2024-02-03,HOSP_JED_02,N95_Masks,17.6,81.03,1,Sandstorm/Dust_Storm,202,273
2024-02-04,HOSP_JED_02,N95_Masks,17.3,80.38,0,None,141,167
2024-02-05,HOSP_JED_02,N95_Masks,26.4,73.49,0,None,130,155
2024-02-06,HOSP_JED_02,N95_Masks,25.1,67.98,0,None,122,145
2024-02-07,HOSP_JED_02,N95_Masks,26.7,57.27,0,None,147,176
2024-02-08,HOSP_JED_02,N95_Masks,26.7,94.16,0,None,148,179
2024-02-09,HOSP_JED_02,N95_Masks,22.5,75.95,0,None,139,167
2024-02-10,HOSP_JED_02,N95_Masks,18.8,65.67,0,None,141,168
2024-02-11,HOSP_JED_02,N95_Masks,19.9,69.24,0,None,138,165
2024-02-12,HOSP_JED_02,N95_Masks,21.0,77.47,0,None,143,173
2024-02-13,HOSP_JED_02,N95_Masks,23.8,73.1,0,None,148,177
2024-02-14,HOSP_JED_02,N95_Masks,21.2,69.31,0,None,151,183
2024-02-15,HOSP_JED_02,N95_Masks,20.1,68.4,0,None,168,201
2024-02-16,HOSP_JED_02,N95_Masks,21.9,59.39,0,None,132,158
2024-02-17,HOSP_JED_02,N95_Masks,19.3,57.99,0,None,138,164
2024-02-18,HOSP_JED_02,N95_Masks,25.6,67.67,0,None,157,189
2024-02-19,HOSP_JED_02,N95_Masks,27.1,85.38,0,None,154,184
2024-02-20,HOSP_JED_02,N95_Masks,21.3,76.41,0,None,150,181
2024-02-21,HOSP_JED_02,N95_Masks,26.5,78.92,1,Sandstorm/Dust_Storm,190,258
2024-02-22,HOSP_JED_02,N95_Masks,18.7,59.81,0,None,140,168
2024-02-23,HOSP_JED_02,N95_Masks,15.2,75.82,0,None,147,176
2024-02-24,HOSP_JED_02,N95_Masks,25.1,77.23,0,None,143,169
2024-02-25,HOSP_JED_02,N95_Masks,23.7,81.95,0,None,164,196
2024-02-26,HOSP_JED_02,N95_Masks,18.0,65.01,1,Sandstorm/Dust_Storm,197,266
2024-02-27,HOSP_JED_02,N95_Masks,20.4,73.35,0,None,144,171
2024-02-28,HOSP_JED_02,N95_Masks,21.8,60.52,0,None,147,175
2024-02-29,HOSP_JED_02,N95_Masks,26.7,87.03,0,None,143,171
2024-03-01,HOSP_JED_02,N95_Masks,23.7,52.49,0,None,118,141
2024-03-02,HOSP_JED_02,N95_Masks,22.2,51.2,0,None,115,136
2024-03-03,HOSP_JED_02,N95_Masks,19.2,26.49,0,None,109,132
2024-03-04,HOSP_JED_02,N95_Masks,24.8,31.51,0,None,117,142
2024-03-05,HOSP_JED_02,N95_Masks,29.8,54.6,0,None,114,133
2024-03-06,HOSP_JED_02,N95_Masks,25.7,38.85,0,None,116,139
2024-03-07,HOSP_JED_02,N95_Masks,17.8,70.31,0,None,115,138
2024-03-08,HOSP_JED_02,N95_Masks,23.0,43.08,0,None,114,137
2024-03-09,HOSP_JED_02,N95_Masks,25.4,55.13,0,None,113,136
2024-03-10,HOSP_JED_02,N95_Masks,26.3,21.88,0,None,118,142
2024-03-11,HOSP_JED_02,N95_Masks,22.2,48.99,0,None,123,148
2024-03-12,HOSP_JED_02,N95_Masks,34.5,53.18,0,None,124,150
2024-03-13,HOSP_JED_02,N95_Masks,25.7,48.5,0,None,116,140
2024-03-14,HOSP_JED_02,N95_Masks,19.2,45.4,0,None,118,140
2024-03-15,HOSP_JED_02,N95_Masks,28.1,70.06,0,None,133,160
2024-03-16,HOSP_JED_02,N95_Masks,24.2,61.9,0,None,132,159
2024-03-17,HOSP_JED_02,N95_Masks,20.6,27.41,0,None,118,140
2024-03-18,HOSP_JED_02,N95_Masks,14.1,69.06,0,None,121,145
2024-03-19,HOSP_JED_02,N95_Masks,27.0,51.46,0,None,97,117
2024-03-20,HOSP_JED_02,N95_Masks,28.6,52.03,0,None,139,165
2024-03-21,HOSP_JED_02,N95_Masks,19.4,39.15,0,None,87,105
2024-03-22,HOSP_JED_02,N95_Masks,31.7,29.62,0,None,129,156
2024-03-23,HOSP_JED_02,N95_Masks,23.3,49.6,0,None,112,134
2024-03-24,HOSP_JED_02,N95_Masks,24.3,32.46,0,None,131,157
2024-03-25,HOSP_JED_02,N95_Masks,16.9,41.39,0,None,124,147
2024-03-26,HOSP_JED_02,N95_Masks,20.8,63.42,0,None,141,168
2024-03-27,HOSP_JED_02,N95_Masks,22.5,43.73,0,None,116,139
2024-03-28,HOSP_JED_02,N95_Masks,23.8,57.22,0,None,138,166
2024-03-29,HOSP_JED_02,N95_Masks,22.3,64.49,0,None,125,151
2024-03-30,HOSP_JED_02,N95_Masks,14.7,51.96,0,None,119,141
2024-03-31,HOSP_JED_02,N95_Masks,24.3,40.23,1,Sandstorm/Dust_Storm,155,216
2024-04-01,HOSP_JED_02,N95_Masks,19.7,46.04,0,None,118,142
2024-04-02,HOSP_JED_02,N95_Masks,22.9,33.56,1,Sandstorm/Dust_Storm,157,217
2024-04-03,HOSP_JED_02,N95_Masks,23.9,44.78,0,None,98,118
2024-04-04,HOSP_JED_02,N95_Masks,22.1,40.44,0,None,100,121
2024-04-05,HOSP_JED_02,N95_Masks,18.2,53.38,0,None,128,152
2024-04-06,HOSP_JED_02,N95_Masks,22.3,46.21,0,None,129,154
2024-04-07,HOSP_JED_02,N95_Masks,21.3,62.3,0,None,122,145
2024-04-08,HOSP_JED_02,N95_Masks,23.8,62.78,0,None,108,130
2024-04-09,HOSP_JED_02,N95_Masks,27.2,60.71,0,None,123,146
2024-04-10,HOSP_JED_02,N95_Masks,25.4,49.54,0,None,126,152
2024-04-11,HOSP_JED_02,N95_Masks,27.4,37.42,0,None,106,127
2024-04-12,HOSP_JED_02,N95_Masks,26.1,46.7,0,None,120,142
2024-04-13,HOSP_JED_02,N95_Masks,24.4,46.14,0,None,120,143
2024-04-14,HOSP_JED_02,N95_Masks,21.4,44.57,0,None,119,142
2024-04-15,HOSP_JED_02,N95_Masks,28.6,52.83,0,None,129,154
2024-04-16,HOSP_JED_02,N95_Masks,26.1,64.69,0,None,112,133
2024-04-17,HOSP_JED_02,N95_Masks,24.1,32.19,0,None,132,159
2024-04-18,HOSP_JED_02,N95_Masks,20.3,55.05,0,None,105,127
2024-04-19,HOSP_JED_02,N95_Masks,30.0,52.13,0,None,137,165
2024-04-20,HOSP_JED_02,N95_Masks,16.6,56.59,0,None,114,136
2024-04-21,HOSP_JED_02,N95_Masks,21.6,60.85,0,None,125,151
2024-04-22,HOSP_JED_02,N95_Masks,23.2,33.99,0,None,121,144
2024-04-23,HOSP_JED_02,N95_Masks,31.2,39.99,0,None,132,158
2024-04-24,HOSP_JED_02,N95_Masks,16.8,40.9,1,Sandstorm/Dust_Storm,158,220
2024-04-25,HOSP_JED_02,N95_Masks,22.2,58.19,0,None,104,125
2024-04-26,HOSP_JED_02,N95_Masks,23.0,58.45,0,None,129,153
2024-04-27,HOSP_JED_02,N95_Masks,21.1,51.15,0,None,121,146
2024-04-28,HOSP_JED_02,N95_Masks,22.6,53.58,0,None,96,115
2024-04-29,HOSP_JED_02,N95_Masks,28.4,75.87,0,None,134,162
2024-04-30,HOSP_JED_02,N95_Masks,23.6,47.63,0,None,109,131
2024-05-01,HOSP_JED_02,N95_Masks,23.7,45.83,0,None,125,150
2024-05-02,HOSP_JED_02,N95_Masks,24.4,58.91,0,None,124,148
2024-05-03,HOSP_JED_02,N95_Masks,29.4,58.37,0,None,116,139
2024-05-04,HOSP_JED_02,N95_Masks,20.2,46.74,0,None,107,128
2024-05-05,HOSP_JED_02,N95_Masks,28.9,50.22,0,None,131,156
2024-05-06,HOSP_JED_02,N95_Masks,21.9,43.75,0,None,131,158
2024-05-07,HOSP_JED_02,N95_Masks,22.7,49.02,0,None,106,128
2024-05-08,HOSP_JED_02,N95_Masks,17.5,53.57,1,Sandstorm/Dust_Storm,152,214
2024-05-09,HOSP_JED_02,N95_Masks,20.0,56.1,0,None,133,158
2024-05-10,HOSP_JED_02,N95_Masks,28.7,52.24,0,None,121,146
2024-05-11,HOSP_JED_02,N95_Masks,32.7,53.53,0,None,110,131
2024-05-12,HOSP_JED_02,N95_Masks,22.2,51.82,0,None,122,144
2024-05-13,HOSP_JED_02,N95_Masks,19.1,50.94,0,None,101,120
2024-05-14,HOSP_JED_02,N95_Masks,22.1,55.89,1,Sandstorm/Dust_Storm,140,197
2024-05-15,HOSP_JED_02,N95_Masks,16.6,33.1,0,None,127,151
2024-05-16,HOSP_JED_02,N95_Masks,28.1,67.34,0,None,106,126
2024-05-17,HOSP_JED_02,N95_Masks,23.5,55.15,0,None,117,141
2024-05-18,HOSP_JED_02,N95_Masks,14.0,43.07,0,None,117,142
2024-05-19,HOSP_JED_02,N95_Masks,23.1,45.08,0,None,129,152
2024-05-20,HOSP_JED_02,N95_Masks,25.0,67.56,0,None,129,154
2024-05-21,HOSP_JED_02,N95_Masks,21.0,52.91,0,None,141,168
2024-05-22,HOSP_JED_02,N95_Masks,24.4,60.58,0,None,121,143
2024-05-23,HOSP_JED_02,N95_Masks,30.4,37.87,0,None,113,135
2024-05-24,HOSP_JED_02,N95_Masks,17.0,47.34,0,None,124,146
2024-05-25,HOSP_JED_02,N95_Masks,25.3,43.93,0,None,133,158
2024-05-26,HOSP_JED_02,N95_Masks,26.0,55.7,0,None,113,134
2024-05-27,HOSP_JED_02,N95_Masks,26.2,63.56,0,None,118,142
2024-05-28,HOSP_JED_02,N95_Masks,18.9,57.8,0,None,121,144
2024-05-29,HOSP_JED_02,N95_Masks,26.8,39.14,0,None,129,155
2024-05-30,HOSP_JED_02,N95_Masks,21.8,66.24,0,None,112,133
2024-05-31,HOSP_JED_02,N95_Masks,22.6,46.67,0,None,135,163
2024-06-01,HOSP_JED_02,N95_Masks,36.4,48.04,0,None,110,130
2024-06-02,HOSP_JED_02,N95_Masks,36.3,43.01,0,None,118,142
2024-06-03,HOSP_JED_02,N95_Masks,38.8,67.24,1,Sandstorm/Dust_Storm,167,229
2024-06-04,HOSP_JED_02,N95_Masks,41.9,46.59,0,None,110,133
2024-06-05,HOSP_JED_02,N95_Masks,35.9,46.65,0,None,119,142
2024-06-06,HOSP_JED_02,N95_Masks,44.8,50.98,0,None,141,168
2024-06-07,HOSP_JED_02,N95_Masks,36.0,38.19,0,None,100,120
2024-06-08,HOSP_JED_02,N95_Masks,43.8,41.07,0,None,128,152
2024-06-09,HOSP_JED_02,N95_Masks,35.6,43.93,0,None,126,152
2024-06-10,HOSP_JED_02,N95_Masks,38.9,56.68,0,None,116,138
2024-06-11,HOSP_JED_02,N95_Masks,30.6,38.19,0,None,120,142
2024-06-12,HOSP_JED_02,N95_Masks,40.7,48.27,1,Heatwave,147,177
2024-06-13,HOSP_JED_02,N95_Masks,33.4,42.14,0,None,124,150
2024-06-14,HOSP_JED_02,N95_Masks,33.6,38.19,0,None,122,147
2024-06-15,HOSP_JED_02,N95_Masks,37.8,54.45,0,None,126,150
2024-06-16,HOSP_JED_02,N95_Masks,37.7,36.34,0,None,114,136
2024-06-17,HOSP_JED_02,N95_Masks,43.6,62.99,0,None,132,156
2024-06-18,HOSP_JED_02,N95_Masks,33.9,50.75,0,None,100,119
2024-06-19,HOSP_JED_02,N95_Masks,34.7,43.76,0,None,125,149
2024-06-20,HOSP_JED_02,N95_Masks,42.8,38.16,0,None,107,128
2024-06-21,HOSP_JED_02,N95_Masks,41.4,51.47,0,None,114,136
2024-06-22,HOSP_JED_02,N95_Masks,38.7,52.02,0,None,118,141
2024-06-23,HOSP_JED_02,N95_Masks,43.2,49.66,0,None,98,116
2024-06-24,HOSP_JED_02,N95_Masks,35.1,57.04,0,None,103,122
2024-06-25,HOSP_JED_02,N95_Masks,47.4,52.78,0,None,120,145
2024-06-26,HOSP_JED_02,N95_Masks,36.5,39.05,0,None,109,131
2024-06-27,HOSP_JED_02,N95_Masks,45.5,40.58,0,None,122,147
2024-06-28,HOSP_JED_02,N95_Masks,39.5,65.63,0,None,130,156
2024-06-29,HOSP_JED_02,N95_Masks,40.2,59.24,0,None,132,158
2024-06-30,HOSP_JED_02,N95_Masks,39.0,44.73,0,None,113,135
2024-07-01,HOSP_JED_02,N95_Masks,34.4,33.95,0,None,113,134
2024-07-02,HOSP_JED_02,N95_Masks,36.4,49.78,0,None,122,146
2024-07-03,HOSP_JED_02,N95_Masks,35.7,65.88,0,None,121,144
2024-07-04,HOSP_JED_02,N95_Masks,40.2,61.29,0,None,122,146
2024-07-05,HOSP_JED_02,N95_Masks,40.0,61.79,0,None,114,136
2024-07-06,HOSP_JED_02,N95_Masks,31.6,47.48,0,None,124,149
2024-07-07,HOSP_JED_02,N95_Masks,39.5,42.17,0,None,117,141
2024-07-08,HOSP_JED_02,N95_Masks,39.8,42.2,0,None,132,159
2024-07-09,HOSP_JED_02,N95_Masks,46.8,46.46,0,None,122,146
2024-07-10,HOSP_JED_02,N95_Masks,45.0,56.66,0,None,124,148
2024-07-11,HOSP_JED_02,N95_Masks,42.9,54.65,0,None,114,134
2024-07-12,HOSP_JED_02,N95_Masks,39.3,27.24,0,None,117,141
2024-07-13,HOSP_JED_02,N95_Masks,38.1,50.01,0,None,102,122
2024-07-14,HOSP_JED_02,N95_Masks,38.7,55.64,0,None,108,128
2024-07-15,HOSP_JED_02,N95_Masks,36.6,48.25,0,None,142,170
2024-07-16,HOSP_JED_02,N95_Masks,34.2,37.3,0,None,103,122
2024-07-17,HOSP_JED_02,N95_Masks,39.2,58.6,0,None,112,134
2024-07-18,HOSP_JED_02,N95_Masks,37.9,49.6,0,None,123,147
2024-07-19,HOSP_JED_02,N95_Masks,43.0,44.9,0,None,133,160
2024-07-20,HOSP_JED_02,N95_Masks,44.5,54.73,0,None,112,134
2024-07-21,HOSP_JED_02,N95_Masks,34.0,56.26,0,None,123,147
2024-07-22,HOSP_JED_02,N95_Masks,32.4,45.92,0,None,117,140
2024-07-23,HOSP_JED_02,N95_Masks,37.5,36.42,0,None,114,137
2024-07-24,HOSP_JED_02,N95_Masks,37.6,50.63,0,None,124,147
2024-07-25,HOSP_JED_02,N95_Masks,44.3,41.99,1,Heatwave,162,194
2024-07-26,HOSP_JED_02,N95_Masks,30.9,49.76,1,Sandstorm/Dust_Storm,163,223
2024-07-27,HOSP_JED_02,N95_Masks,38.3,35.37,0,None,128,152
2024-07-28,HOSP_JED_02,N95_Masks,31.5,44.67,0,None,107,130
2024-07-29,HOSP_JED_02,N95_Masks,37.5,36.61,0,None,140,167
2024-07-30,HOSP_JED_02,N95_Masks,40.5,50.4,0,None,122,146
2024-07-31,HOSP_JED_02,N95_Masks,36.0,55.64,0,None,100,119
2024-08-01,HOSP_JED_02,N95_Masks,39.9,51.36,0,None,112,135
2024-08-02,HOSP_JED_02,N95_Masks,32.8,51.76,0,None,117,141
2024-08-03,HOSP_JED_02,N95_Masks,41.8,44.28,0,None,113,134
2024-08-04,HOSP_JED_02,N95_Masks,39.9,46.25,0,None,123,147
2024-08-05,HOSP_JED_02,N95_Masks,32.9,58.19,0,None,115,135
2024-08-06,HOSP_JED_02,N95_Masks,37.5,55.82,0,None,114,135
2024-08-07,HOSP_JED_02,N95_Masks,42.2,62.26,0,None,115,138
2024-08-08,HOSP_JED_02,N95_Masks,36.8,66.32,0,None,111,131
2024-08-09,HOSP_JED_02,N95_Masks,41.1,47.28,0,None,110,130
2024-08-10,HOSP_JED_02,N95_Masks,37.0,56.85,0,None,118,143
2024-08-11,HOSP_JED_02,N95_Masks,32.7,65.84,0,None,128,153
2024-08-12,HOSP_JED_02,N95_Masks,35.3,66.15,0,None,114,136
2024-08-13,HOSP_JED_02,N95_Masks,41.2,40.89,0,None,125,148
2024-08-14,HOSP_JED_02,N95_Masks,42.9,40.68,0,None,108,130
2024-08-15,HOSP_JED_02,N95_Masks,33.8,51.26,0,None,120,143
2024-08-16,HOSP_JED_02,N95_Masks,40.4,65.69,0,None,139,166
2024-08-17,HOSP_JED_02,N95_Masks,38.2,42.32,0,None,127,151
2024-08-18,HOSP_JED_02,N95_Masks,32.8,59.24,0,None,116,139
2024-08-19,HOSP_JED_02,N95_Masks,38.8,45.25,0,None,121,144
2024-08-20,HOSP_JED_02,N95_Masks,35.1,41.03,0,None,108,129
2024-08-21,HOSP_JED_02,N95_Masks,40.8,27.05,0,None,123,146
2024-08-22,HOSP_JED_02,N95_Masks,32.5,29.82,0,None,134,159
2024-08-23,HOSP_JED_02,N95_Masks,40.5,50.91,0,None,122,146
2024-08-24,HOSP_JED_02,N95_Masks,43.0,61.32,0,None,125,150
2024-08-25,HOSP_JED_02,N95_Masks,31.7,57.18,0,None,120,143
2024-08-26,HOSP_JED_02,N95_Masks,32.9,37.68,0,None,125,148
2024-08-27,HOSP_JED_02,N95_Masks,37.0,46.19,0,None,119,142
2024-08-28,HOSP_JED_02,N95_Masks,36.8,37.12,0,None,115,138
2024-08-29,HOSP_JED_02,N95_Masks,36.4,32.42,0,None,106,127
2024-08-30,HOSP_JED_02,N95_Masks,35.9,53.02,0,None,119,141
2024-08-31,HOSP_JED_02,N95_Masks,41.5,43.67,0,None,116,139
2024-09-01,HOSP_JED_02,N95_Masks,23.5,54.84,0,None,117,140
2024-09-02,HOSP_JED_02,N95_Masks,24.9,59.32,0,None,130,155
2024-09-03,HOSP_JED_02,N95_Masks,17.7,45.89,0,None,123,150
2024-09-04,HOSP_JED_02,N95_Masks,23.8,41.54,0,None,97,116
2024-09-05,HOSP_JED_02,N95_Masks,28.1,73.5,0,None,116,140
2024-09-06,HOSP_JED_02,N95_Masks,23.0,47.07,0,None,129,154
2024-09-07,HOSP_JED_02,N95_Masks,21.7,42.98,0,None,119,142
2024-09-08,HOSP_JED_02,N95_Masks,23.2,35.09,0,None,117,139
2024-09-09,HOSP_JED_02,N95_Masks,23.6,43.59,0,None,107,127
2024-09-10,HOSP_JED_02,N95_Masks,29.9,64.71,0,None,114,136
2024-09-11,HOSP_JED_02,N95_Masks,17.2,52.02,0,None,133,159
2024-09-12,HOSP_JED_02,N95_Masks,21.4,52.85,0,None,102,121
2024-09-13,HOSP_JED_02,N95_Masks,18.4,54.87,0,None,116,139
2024-09-14,HOSP_JED_02,N95_Masks,24.0,49.75,0,None,111,132
2024-09-15,HOSP_JED_02,N95_Masks,23.6,28.98,0,None,114,135
2024-09-16,HOSP_JED_02,N95_Masks,20.1,56.27,0,None,97,116
2024-09-17,HOSP_JED_02,N95_Masks,24.9,58.36,0,None,129,153
2024-09-18,HOSP_JED_02,N95_Masks,18.4,55.27,0,None,123,150
2024-09-19,HOSP_JED_02,N95_Masks,19.8,53.13,0,None,112,133
2024-09-20,HOSP_JED_02,N95_Masks,22.9,41.01,0,None,111,133
2024-09-21,HOSP_JED_02,N95_Masks,26.9,44.68,0,None,131,156
2024-09-22,HOSP_JED_02,N95_Masks,29.9,54.02,0,None,111,131
2024-09-23,HOSP_JED_02,N95_Masks,19.4,45.86,0,None,114,137
2024-09-24,HOSP_JED_02,N95_Masks,21.0,56.24,0,None,115,138
2024-09-25,HOSP_JED_02,N95_Masks,25.8,60.06,1,Sandstorm/Dust_Storm,178,245
2024-09-26,HOSP_JED_02,N95_Masks,20.3,63.8,0,None,122,148
2024-09-27,HOSP_JED_02,N95_Masks,17.3,56.06,0,None,119,143
2024-09-28,HOSP_JED_02,N95_Masks,23.6,55.32,0,None,109,130
2024-09-29,HOSP_JED_02,N95_Masks,23.0,36.33,0,None,122,149
2024-09-30,HOSP_JED_02,N95_Masks,27.4,39.08,0,None,120,143
2024-10-01,HOSP_JED_02,N95_Masks,22.4,57.83,0,None,102,121
2024-10-02,HOSP_JED_02,N95_Masks,22.4,54.12,0,None,102,122
2024-10-03,HOSP_JED_02,N95_Masks,25.0,45.5,0,None,114,136
2024-10-04,HOSP_JED_02,N95_Masks,25.1,51.19,0,None,80,97
2024-10-05,HOSP_JED_02,N95_Masks,20.2,49.26,0,None,109,130
2024-10-06,HOSP_JED_02,N95_Masks,17.6,38.14,0,None,123,147
2024-10-07,HOSP_JED_02,N95_Masks,22.7,55.56,0,None,128,152
2024-10-08,HOSP_JED_02,N95_Masks,18.6,43.94,0,None,115,138
2024-10-09,HOSP_JED_02,N95_Masks,23.1,51.76,0,None,118,140
2024-10-10,HOSP_JED_02,N95_Masks,25.2,32.45,0,None,98,116
2024-10-11,HOSP_JED_02,N95_Masks,20.6,56.88,0,None,106,128
2024-10-12,HOSP_JED_02,N95_Masks,21.4,31.67,0,None,127,150
2024-10-13,HOSP_JED_02,N95_Masks,27.3,45.45,0,None,145,173
2024-10-14,HOSP_JED_02,N95_Masks,27.6,42.04,0,None,138,164
2024-10-15,HOSP_JED_02,N95_Masks,20.2,44.91,0,None,122,147
2024-10-16,HOSP_JED_02,N95_Masks,18.4,26.52,0,None,124,149
2024-10-17,HOSP_JED_02,N95_Masks,28.6,61.54,0,None,133,159
2024-10-18,HOSP_JED_02,N95_Masks,26.3,49.83,0,None,107,128
2024-10-19,HOSP_JED_02,N95_Masks,24.5,36.95,0,None,121,144
2024-10-20,HOSP_JED_02,N95_Masks,15.9,41.35,0,None,117,140
2024-10-21,HOSP_JED_02,N95_Masks,22.7,54.22,0,None,120,143
2024-10-22,HOSP_JED_02,N95_Masks,27.3,59.22,0,None,104,124
2024-10-23,HOSP_JED_02,N95_Masks,21.0,71.23,0,None,131,156
2024-10-24,HOSP_JED_02,N95_Masks,21.6,37.65,0,None,101,123
2024-10-25,HOSP_JED_02,N95_Masks,24.7,47.77,0,None,117,139
2024-10-26,HOSP_JED_02,N95_Masks,25.9,41.59,0,None,144,173
2024-10-27,HOSP_JED_02,N95_Masks,21.8,45.87,0,None,119,144
2024-10-28,HOSP_JED_02,N95_Masks,22.5,55.29,0,None,113,134
2024-10-29,HOSP_JED_02,N95_Masks,16.6,49.92,0,None,144,173
2024-10-30,HOSP_JED_02,N95_Masks,26.8,57.27,0,None,121,144
2024-10-31,HOSP_JED_02,N95_Masks,24.3,29.77,0,None,154,185
2024-11-01,HOSP_JED_02,N95_Masks,30.8,74.78,0,None,128,152
2024-11-02,HOSP_JED_02,N95_Masks,24.4,73.55,0,None,147,176
2024-11-03,HOSP_JED_02,N95_Masks,24.7,89.01,0,None,147,177
2024-11-04,HOSP_JED_02,N95_Masks,21.8,71.84,0,None,155,184
2024-11-05,HOSP_JED_02,N95_Masks,22.8,100.2,1,Sandstorm/Dust_Storm,191,258
2024-11-06,HOSP_JED_02,N95_Masks,23.1,78.59,0,None,166,197
2024-11-07,HOSP_JED_02,N95_Masks,19.4,72.3,0,None,141,171
2024-11-08,HOSP_JED_02,N95_Masks,21.0,79.74,0,None,149,180
2024-11-09,HOSP_JED_02,N95_Masks,22.5,70.79,0,None,131,159
2024-11-10,HOSP_JED_02,N95_Masks,31.5,70.11,0,None,155,185
2024-11-11,HOSP_JED_02,N95_Masks,27.9,64.7,0,None,129,154
2024-11-12,HOSP_JED_02,N95_Masks,21.1,77.23,0,None,151,182
2024-11-13,HOSP_JED_02,N95_Masks,21.4,84.26,0,None,154,184
2024-11-14,HOSP_JED_02,N95_Masks,23.3,70.43,0,None,137,165
2024-11-15,HOSP_JED_02,N95_Masks,24.4,72.6,0,None,148,177
2024-11-16,HOSP_JED_02,N95_Masks,21.5,88.4,0,None,161,193
2024-11-17,HOSP_JED_02,N95_Masks,21.6,88.33,0,None,161,194
2024-11-18,HOSP_JED_02,N95_Masks,24.1,73.02,0,None,121,144
2024-11-19,HOSP_JED_02,N95_Masks,25.7,79.99,0,None,156,187
2024-11-20,HOSP_JED_02,N95_Masks,27.3,71.0,0,None,159,190
2024-11-21,HOSP_JED_02,N95_Masks,23.7,90.75,0,None,159,193
2024-11-22,HOSP_JED_02,N95_Masks,26.5,90.6,0,None,137,165
2024-11-23,HOSP_JED_02,N95_Masks,23.2,74.33,0,None,149,179
2024-11-24,HOSP_JED_02,N95_Masks,23.2,55.39,0,None,135,162
2024-11-25,HOSP_JED_02,N95_Masks,20.0,81.95,0,None,145,174
2024-11-26,HOSP_JED_02,N95_Masks,23.1,69.53,0,None,146,174
2024-11-27,HOSP_JED_02,N95_Masks,15.9,60.57,0,None,133,160
2024-11-28,HOSP_JED_02,N95_Masks,23.0,89.74,0,None,138,164
2024-11-29,HOSP_JED_02,N95_Masks,21.8,71.19,0,None,135,162
2024-11-30,HOSP_JED_02,N95_Masks,17.3,77.15,0,None,150,180
2024-12-01,HOSP_JED_02,N95_Masks,25.3,82.07,0,None,134,162
2024-12-02,HOSP_JED_02,N95_Masks,24.4,67.01,0,None,124,148
2024-12-03,HOSP_JED_02,N95_Masks,28.5,73.82,0,None,134,162
2024-12-04,HOSP_JED_02,N95_Masks,20.1,87.58,0,None,137,163
2024-12-05,HOSP_JED_02,N95_Masks,18.1,84.92,0,None,148,176
2024-12-06,HOSP_JED_02,N95_Masks,13.8,76.01,0,None,144,172
2024-12-07,HOSP_JED_02,N95_Masks,20.1,77.25,0,None,123,148
2024-12-08,HOSP_JED_02,N95_Masks,18.0,80.55,0,None,103,122
2024-12-09,HOSP_JED_02,N95_Masks,22.1,89.14,0,None,145,174
2024-12-10,HOSP_JED_02,N95_Masks,20.9,64.86,0,None,152,180
2024-12-11,HOSP_JED_02,N95_Masks,20.9,72.15,0,None,153,183
2024-12-12,HOSP_JED_02,N95_Masks,25.3,61.66,0,None,152,183
2024-12-13,HOSP_JED_02,N95_Masks,27.2,78.61,0,None,129,154
2024-12-14,HOSP_JED_02,N95_Masks,23.6,84.67,0,None,142,171
2024-12-15,HOSP_JED_02,N95_Masks,28.4,85.23,0,None,130,156
2024-12-16,HOSP_JED_02,N95_Masks,20.6,74.57,0,None,159,190
2024-12-17,HOSP_JED_02,N95_Masks,24.0,78.98,0,None,156,187
2024-12-18,HOSP_JED_02,N95_Masks,24.8,67.78,1,Sandstorm/Dust_Storm,189,257
2024-12-19,HOSP_JED_02,N95_Masks,26.8,66.42,0,None,138,163
2024-12-20,HOSP_JED_02,N95_Masks,22.2,82.47,0,None,122,147
2024-12-21,HOSP_JED_02,N95_Masks,30.6,82.54,0,None,142,170
2024-12-22,HOSP_JED_02,N95_Masks,28.2,68.62,0,None,171,205
2024-12-23,HOSP_JED_02,N95_Masks,28.5,75.9,1,Sandstorm/Dust_Storm,195,262
2024-12-24,HOSP_JED_02,N95_Masks,21.1,80.05,0,None,155,186
2024-12-25,HOSP_JED_02,N95_Masks,20.7,61.17,0,None,122,147
2024-12-26,HOSP_JED_02,N95_Masks,16.3,64.16,0,None,156,188
2024-12-27,HOSP_JED_02,N95_Masks,18.2,54.21,0,None,139,166
2024-12-28,HOSP_JED_02,N95_Masks,18.4,66.06,0,None,138,167
2024-12-29,HOSP_JED_02,N95_Masks,29.7,89.05,0,None,153,185
2024-12-30,HOSP_JED_02,N95_Masks,23.3,94.48,0,None,115,138
2024-12-31,HOSP_JED_02,N95_Masks,24.5,81.47,0,None,142,170
2025-01-01,HOSP_JED_02,N95_Masks,23.8,73.47,0,None,153,185
2025-01-02,HOSP_JED_02,N95_Masks,19.7,92.44,0,None,155,184
2025-01-03,HOSP_JED_02,N95_Masks,19.1,81.45,1,Sandstorm/Dust_Storm,158,220
2025-01-04,HOSP_JED_02,N95_Masks,15.3,76.53,0,None,142,172
2025-01-05,HOSP_JED_02,N95_Masks,22.6,71.04,0,None,140,169
2025-01-06,HOSP_JED_02,N95_Masks,21.8,57.69,0,None,146,174
2025-01-07,HOSP_JED_02,N95_Masks,18.8,96.58,0,None,152,183
2025-01-08,HOSP_JED_02,N95_Masks,29.3,74.96,0,None,141,168
2025-01-09,HOSP_JED_02,N95_Masks,29.9,79.6,0,None,153,181
2025-01-10,HOSP_JED_02,N95_Masks,18.9,85.19,0,None,176,210
2025-01-11,HOSP_JED_02,N95_Masks,25.2,56.79,0,None,147,177
2025-01-12,HOSP_JED_02,N95_Masks,30.5,71.58,0,None,137,164
2025-01-13,HOSP_JED_02,N95_Masks,25.7,71.69,0,None,147,176
2025-01-14,HOSP_JED_02,N95_Masks,27.3,85.48,0,None,154,182
2025-01-15,HOSP_JED_02,N95_Masks,23.2,77.11,0,None,152,183
2025-01-16,HOSP_JED_02,N95_Masks,29.1,91.81,0,None,135,162
2025-01-17,HOSP_JED_02,N95_Masks,25.2,81.29,0,None,141,169
2025-01-18,HOSP_JED_02,N95_Masks,17.2,79.79,0,None,157,189
2025-01-19,HOSP_JED_02,N95_Masks,20.7,82.37,0,None,142,169
2025-01-20,HOSP_JED_02,N95_Masks,17.6,76.18,0,None,170,203
2025-01-21,HOSP_JED_02,N95_Masks,22.7,72.41,0,None,170,203
2025-01-22,HOSP_JED_02,N95_Masks,17.8,78.28,0,None,139,166
2025-01-23,HOSP_JED_02,N95_Masks,27.5,67.29,0,None,155,186
2025-01-24,HOSP_JED_02,N95_Masks,21.5,81.43,0,None,134,159
2025-01-25,HOSP_JED_02,N95_Masks,25.8,66.25,0,None,151,183
2025-01-26,HOSP_JED_02,N95_Masks,31.8,84.44,0,None,155,183
2025-01-27,HOSP_JED_02,N95_Masks,27.7,81.44,0,None,137,163
2025-01-28,HOSP_JED_02,N95_Masks,17.8,81.02,1,Sandstorm/Dust_Storm,178,242
2025-01-29,HOSP_JED_02,N95_Masks,24.5,82.6,0,None,148,176
2025-01-30,HOSP_JED_02,N95_Masks,28.5,73.05,0,None,128,153
2025-01-31,HOSP_JED_02,N95_Masks,13.1,72.19,0,None,146,175
2025-02-01,HOSP_JED_02,N95_Masks,25.5,79.67,0,None,143,171
2025-02-02,HOSP_JED_02,N95_Masks,28.0,59.26,0,None,164,196
2025-02-03,HOSP_JED_02,N95_Masks,24.6,73.9,0,None,139,167
2025-02-04,HOSP_JED_02,N95_Masks,20.1,70.62,0,None,139,165
2025-02-05,HOSP_JED_02,N95_Masks,22.5,86.93,0,None,153,183
2025-02-06,HOSP_JED_02,N95_Masks,21.9,72.28,0,None,128,153
2025-02-07,HOSP_JED_02,N95_Masks,22.7,90.05,0,None,147,177
2025-02-08,HOSP_JED_02,N95_Masks,27.4,75.3,0,None,139,168
2025-02-09,HOSP_JED_02,N95_Masks,20.6,72.89,0,None,140,167
2025-02-10,HOSP_JED_02,N95_Masks,26.5,66.35,0,None,154,185
2025-02-11,HOSP_JED_02,N95_Masks,25.2,73.55,0,None,134,160
2025-02-12,HOSP_JED_02,N95_Masks,26.8,79.36,0,None,139,165
2025-02-13,HOSP_JED_02,N95_Masks,24.3,83.83,0,None,143,172
2025-02-14,HOSP_JED_02,N95_Masks,24.4,96.99,0,None,125,148
2025-02-15,HOSP_JED_02,N95_Masks,23.1,71.14,0,None,149,178
2025-02-16,HOSP_JED_02,N95_Masks,19.5,74.15,0,None,148,178
2025-02-17,HOSP_JED_02,N95_Masks,25.6,58.99,0,None,145,174
2025-02-18,HOSP_JED_02,N95_Masks,18.1,86.71,0,None,173,206
2025-02-19,HOSP_JED_02,N95_Masks,25.4,69.14,0,None,130,156
2025-02-20,HOSP_JED_02,N95_Masks,23.4,63.93,0,None,144,171
2025-02-21,HOSP_JED_02,N95_Masks,28.6,86.65,0,None,130,157
2025-02-22,HOSP_JED_02,N95_Masks,22.3,89.04,0,None,136,162
2025-02-23,HOSP_JED_02,N95_Masks,27.6,85.23,0,None,138,164
2025-02-24,HOSP_JED_02,N95_Masks,18.8,76.16,0,None,143,171
2025-02-25,HOSP_JED_02,N95_Masks,22.1,74.08,0,None,140,167
2025-02-26,HOSP_JED_02,N95_Masks,20.3,74.61,0,None,142,169
2025-02-27,HOSP_JED_02,N95_Masks,14.6,80.32,0,None,147,176
2025-02-28,HOSP_JED_02,N95_Masks,21.3,74.48,0,None,146,175
2025-03-01,HOSP_JED_02,N95_Masks,18.1,50.63,0,None,103,123
2025-03-02,HOSP_JED_02,N95_Masks,23.0,38.05,0,None,111,133
2025-03-03,HOSP_JED_02,N95_Masks,26.5,52.6,0,None,121,144
2025-03-04,HOSP_JED_02,N95_Masks,22.1,57.6,1,Sandstorm/Dust_Storm,148,208
2025-03-05,HOSP_JED_02,N95_Masks,24.6,57.32,0,None,112,135
2025-03-06,HOSP_JED_02,N95_Masks,22.9,64.85,0,None,117,140
2025-03-07,HOSP_JED_02,N95_Masks,23.7,39.76,0,None,130,154
2025-03-08,HOSP_JED_02,N95_Masks,29.2,62.37,0,None,127,152
2025-03-09,HOSP_JED_02,N95_Masks,24.7,61.93,0,None,128,155
2025-03-10,HOSP_JED_02,N95_Masks,20.6,51.71,0,None,108,131
2025-03-11,HOSP_JED_02,N95_Masks,19.3,47.05,0,None,118,139
2025-03-12,HOSP_JED_02,N95_Masks,14.8,57.69,0,None,131,157
2025-03-13,HOSP_JED_02,N95_Masks,16.8,50.44,0,None,96,116
2025-03-14,HOSP_JED_02,N95_Masks,23.3,47.68,0,None,115,138
2025-03-15,HOSP_JED_02,N95_Masks,23.4,71.65,0,None,100,121
2025-03-16,HOSP_JED_02,N95_Masks,16.8,54.5,0,None,145,174
2025-03-17,HOSP_JED_02,N95_Masks,16.7,37.54,0,None,108,131
2025-03-18,HOSP_JED_02,N95_Masks,18.3,45.09,0,None,109,132
2025-03-19,HOSP_JED_02,N95_Masks,29.7,60.42,0,None,132,159
2025-03-20,HOSP_JED_02,N95_Masks,18.0,55.2,0,None,122,146
2025-03-21,HOSP_JED_02,N95_Masks,26.9,41.16,0,None,118,141
2025-03-22,HOSP_JED_02,N95_Masks,21.3,52.52,0,None,128,152
2025-03-23,HOSP_JED_02,N95_Masks,21.1,48.83,0,None,127,151
2025-03-24,HOSP_JED_02,N95_Masks,26.9,62.46,0,None,120,144
2025-03-25,HOSP_JED_02,N95_Masks,22.8,28.93,0,None,128,153
2025-03-26,HOSP_JED_02,N95_Masks,18.7,42.23,0,None,92,109
2025-03-27,HOSP_JED_02,N95_Masks,20.1,48.49,0,None,120,143
2025-03-28,HOSP_JED_02,N95_Masks,34.8,64.02,0,None,119,142
2025-03-29,HOSP_JED_02,N95_Masks,22.2,44.16,0,None,143,173
2025-03-30,HOSP_JED_02,N95_Masks,20.7,58.65,1,Sandstorm/Dust_Storm,174,237
2025-03-31,HOSP_JED_02,N95_Masks,24.1,48.21,0,None,132,158
2025-04-01,HOSP_JED_02,N95_Masks,20.6,48.99,0,None,122,147
2025-04-02,HOSP_JED_02,N95_Masks,19.2,52.01,0,None,107,126
2025-04-03,HOSP_JED_02,N95_Masks,19.6,68.22,0,None,126,151
2025-04-04,HOSP_JED_02,N95_Masks,21.9,49.58,0,None,108,128
2025-04-05,HOSP_JED_02,N95_Masks,29.6,59.35,0,None,124,149
2025-04-06,HOSP_JED_02,N95_Masks,18.8,64.14,0,None,104,124
2025-04-07,HOSP_JED_02,N95_Masks,21.7,48.89,0,None,137,165
2025-04-08,HOSP_JED_02,N95_Masks,14.4,49.25,0,None,126,152
2025-04-09,HOSP_JED_02,N95_Masks,19.2,58.31,0,None,122,145
2025-04-10,HOSP_JED_02,N95_Masks,23.6,46.39,0,None,125,150
2025-04-11,HOSP_JED_02,N95_Masks,30.8,36.79,0,None,126,152
2025-04-12,HOSP_JED_02,N95_Masks,20.6,39.81,0,None,108,128
2025-04-13,HOSP_JED_02,N95_Masks,23.2,37.18,0,None,119,141
2025-04-14,HOSP_JED_02,N95_Masks,29.7,48.98,0,None,134,160
2025-04-15,HOSP_JED_02,N95_Masks,24.8,65.29,0,None,129,154
2025-04-16,HOSP_JED_02,N95_Masks,30.3,64.92,0,None,125,150
2025-04-17,HOSP_JED_02,N95_Masks,17.1,48.32,0,None,128,153
2025-04-18,HOSP_JED_02,N95_Masks,27.1,55.49,0,None,132,157
2025-04-19,HOSP_JED_02,N95_Masks,21.8,63.66,0,None,133,158
2025-04-20,HOSP_JED_02,N95_Masks,22.7,29.62,0,None,116,140
2025-04-21,HOSP_JED_02,N95_Masks,17.7,40.73,0,None,106,127
2025-04-22,HOSP_JED_02,N95_Masks,25.5,44.52,0,None,135,161
2025-04-23,HOSP_JED_02,N95_Masks,26.8,57.64,0,None,123,147
2025-04-24,HOSP_JED_02,N95_Masks,20.2,58.51,0,None,102,121
2025-04-25,HOSP_JED_02,N95_Masks,27.4,69.64,0,None,123,147
2025-04-26,HOSP_JED_02,N95_Masks,23.6,43.24,0,None,109,131
2025-04-27,HOSP_JED_02,N95_Masks,18.6,39.33,0,None,113,136
2025-04-28,HOSP_JED_02,N95_Masks,21.6,41.27,0,None,113,136
2025-04-29,HOSP_JED_02,N95_Masks,20.4,41.88,0,None,116,140
2025-04-30,HOSP_JED_02,N95_Masks,28.0,65.83,0,None,138,168
2025-05-01,HOSP_JED_02,N95_Masks,26.7,64.31,0,None,105,125
2025-05-02,HOSP_JED_02,N95_Masks,25.9,29.17,0,None,133,159
2025-05-03,HOSP_JED_02,N95_Masks,20.0,51.27,0,None,104,123
2025-05-04,HOSP_JED_02,N95_Masks,26.5,43.58,0,None,123,148
2025-05-05,HOSP_JED_02,N95_Masks,28.4,55.55,0,None,114,136
2025-05-06,HOSP_JED_02,N95_Masks,24.7,38.11,0,None,133,159
2025-05-07,HOSP_JED_02,N95_Masks,18.6,41.81,0,None,119,141
2025-05-08,HOSP_JED_02,N95_Masks,25.2,48.6,0,None,113,135
2025-05-09,HOSP_JED_02,N95_Masks,23.0,42.48,0,None,112,135
2025-05-10,HOSP_JED_02,N95_Masks,24.2,41.75,0,None,125,150
2025-05-11,HOSP_JED_02,N95_Masks,19.4,40.13,0,None,134,160
2025-05-12,HOSP_JED_02,N95_Masks,24.2,48.24,0,None,109,129
2025-05-13,HOSP_JED_02,N95_Masks,17.3,50.33,0,None,107,128
2025-05-14,HOSP_JED_02,N95_Masks,16.7,54.02,0,None,110,132
2025-05-15,HOSP_JED_02,N95_Masks,23.8,53.29,0,None,125,150
2025-05-16,HOSP_JED_02,N95_Masks,27.5,63.82,0,None,126,149
2025-05-17,HOSP_JED_02,N95_Masks,26.3,45.12,0,None,105,127
2025-05-18,HOSP_JED_02,N95_Masks,29.7,36.61,0,None,131,157
2025-05-19,HOSP_JED_02,N95_Masks,23.5,71.27,0,None,125,149
2025-05-20,HOSP_JED_02,N95_Masks,22.4,51.34,0,None,125,152
2025-05-21,HOSP_JED_02,N95_Masks,22.6,48.89,0,None,126,151
2025-05-22,HOSP_JED_02,N95_Masks,23.1,51.56,0,None,109,130
2025-05-23,HOSP_JED_02,N95_Masks,28.4,61.42,0,None,144,172
2025-05-24,HOSP_JED_02,N95_Masks,22.7,70.51,0,None,131,158
2025-05-25,HOSP_JED_02,N95_Masks,21.4,38.47,0,None,136,163
2025-05-26,HOSP_JED_02,N95_Masks,19.5,42.51,0,None,119,143
2025-05-27,HOSP_JED_02,N95_Masks,27.5,61.95,0,None,128,155
2025-05-28,HOSP_JED_02,N95_Masks,26.3,59.97,0,None,119,140
2025-05-29,HOSP_JED_02,N95_Masks,23.5,54.62,0,None,122,148
2025-05-30,HOSP_JED_02,N95_Masks,17.8,55.4,0,None,120,143
2025-05-31,HOSP_JED_02,N95_Masks,21.6,48.61,0,None,125,150
2025-06-01,HOSP_JED_02,N95_Masks,37.7,58.82,0,None,117,142
2025-06-02,HOSP_JED_02,N95_Masks,38.5,50.87,0,None,127,151
2025-06-03,HOSP_JED_02,N95_Masks,41.5,58.85,0,None,130,155
2025-06-04,HOSP_JED_02,N95_Masks,36.3,36.2,0,None,111,134
2025-06-05,HOSP_JED_02,N95_Masks,40.2,40.25,0,None,103,123
2025-06-06,HOSP_JED_02,N95_Masks,41.1,53.67,0,None,124,146
2025-06-07,HOSP_JED_02,N95_Masks,33.7,59.59,0,None,124,148
2025-06-08,HOSP_JED_02,N95_Masks,32.0,43.59,0,None,110,131
2025-06-09,HOSP_JED_02,N95_Masks,36.3,57.62,0,None,114,138
2025-06-10,HOSP_JED_02,N95_Masks,38.2,32.53,0,None,119,140
2025-06-11,HOSP_JED_02,N95_Masks,32.6,42.36,0,None,116,138
2025-06-12,HOSP_JED_02,N95_Masks,37.6,48.03,0,None,122,146
2025-06-13,HOSP_JED_02,N95_Masks,33.9,34.32,0,None,111,132
2025-06-14,HOSP_JED_02,N95_Masks,37.6,50.25,0,None,123,147
2025-06-15,HOSP_JED_02,N95_Masks,33.7,48.36,0,None,124,148
2025-06-16,HOSP_JED_02,N95_Masks,40.8,56.69,0,None,109,130
2025-06-17,HOSP_JED_02,N95_Masks,37.5,64.34,0,None,121,146
2025-06-18,HOSP_JED_02,N95_Masks,37.3,64.7,0,None,111,134
2025-06-19,HOSP_JED_02,N95_Masks,31.8,57.07,0,None,142,171
2025-06-20,HOSP_JED_02,N95_Masks,41.4,42.69,0,None,105,125
2025-06-21,HOSP_JED_02,N95_Masks,35.0,37.48,0,None,109,130
2025-06-22,HOSP_JED_02,N95_Masks,45.2,58.57,0,None,134,160
2025-06-23,HOSP_JED_02,N95_Masks,33.8,52.0,0,None,95,114
2025-06-24,HOSP_JED_02,N95_Masks,38.8,52.57,0,None,113,134
2025-06-25,HOSP_JED_02,N95_Masks,41.2,48.8,0,None,126,151
2025-06-26,HOSP_JED_02,N95_Masks,40.3,52.17,1,Heatwave,169,202
2025-06-27,HOSP_JED_02,N95_Masks,38.6,48.87,0,None,123,148
2025-06-28,HOSP_JED_02,N95_Masks,39.3,52.99,0,None,111,133
2025-06-29,HOSP_JED_02,N95_Masks,32.6,38.79,0,None,130,157
2025-06-30,HOSP_JED_02,N95_Masks,33.0,55.67,0,None,143,172
2025-07-01,HOSP_JED_02,N95_Masks,37.3,49.24,0,None,117,140
2025-07-02,HOSP_JED_02,N95_Masks,37.0,61.64,0,None,108,129
2025-07-03,HOSP_JED_02,N95_Masks,41.1,38.82,0,None,113,134
2025-07-04,HOSP_JED_02,N95_Masks,40.6,54.35,0,None,139,168
2025-07-05,HOSP_JED_02,N95_Masks,34.5,49.26,0,None,138,165
2025-07-06,HOSP_JED_02,N95_Masks,35.6,35.11,0,None,126,151
2025-07-07,HOSP_JED_02,N95_Masks,32.4,54.34,0,None,115,139
2025-07-08,HOSP_JED_02,N95_Masks,42.3,38.67,0,None,110,133
2025-07-09,HOSP_JED_02,N95_Masks,35.1,52.95,0,None,118,142
2025-07-10,HOSP_JED_02,N95_Masks,35.1,68.21,0,None,102,122
2025-07-11,HOSP_JED_02,N95_Masks,42.4,42.84,0,None,111,133
2025-07-12,HOSP_JED_02,N95_Masks,39.1,50.78,0,None,121,145
2025-07-13,HOSP_JED_02,N95_Masks,36.0,49.62,0,None,95,114
2025-07-14,HOSP_JED_02,N95_Masks,32.3,61.75,0,None,125,151
2025-07-15,HOSP_JED_02,N95_Masks,40.8,47.72,0,None,124,148
2025-07-16,HOSP_JED_02,N95_Masks,39.4,63.28,0,None,122,146
2025-07-17,HOSP_JED_02,N95_Masks,32.5,58.21,0,None,132,158
2025-07-18,HOSP_JED_02,N95_Masks,36.5,30.19,0,None,112,133
2025-07-19,HOSP_JED_02,N95_Masks,35.7,60.58,0,None,115,139
2025-07-20,HOSP_JED_02,N95_Masks,38.0,39.27,0,None,130,156
2025-07-21,HOSP_JED_02,N95_Masks,35.1,56.32,0,None,130,154
2025-07-22,HOSP_JED_02,N95_Masks,41.4,53.6,0,None,118,141
2025-07-23,HOSP_JED_02,N95_Masks,28.1,45.82,0,None,113,135
2025-07-24,HOSP_JED_02,N95_Masks,38.7,38.57,0,None,109,130
2025-07-25,HOSP_JED_02,N95_Masks,33.8,45.19,0,None,117,140
2025-07-26,HOSP_JED_02,N95_Masks,39.2,52.7,0,None,131,156
2025-07-27,HOSP_JED_02,N95_Masks,37.3,48.01,1,Sandstorm/Dust_Storm,158,220
2025-07-28,HOSP_JED_02,N95_Masks,39.6,47.86,0,None,133,159
2025-07-29,HOSP_JED_02,N95_Masks,39.4,48.68,0,None,108,130
2025-07-30,HOSP_JED_02,N95_Masks,38.4,48.45,0,None,115,137
2025-07-31,HOSP_JED_02,N95_Masks,36.0,56.98,0,None,126,151
2025-08-01,HOSP_JED_02,N95_Masks,38.0,34.12,0,None,117,140
2025-08-02,HOSP_JED_02,N95_Masks,38.2,56.21,0,None,126,151
2025-08-03,HOSP_JED_02,N95_Masks,41.7,44.51,0,None,119,143
2025-08-04,HOSP_JED_02,N95_Masks,30.8,39.41,0,None,126,150
2025-08-05,HOSP_JED_02,N95_Masks,47.5,35.76,0,None,113,136
2025-08-06,HOSP_JED_02,N95_Masks,34.5,52.8,0,None,117,139
2025-08-07,HOSP_JED_02,N95_Masks,43.3,55.67,0,None,125,148
2025-08-08,HOSP_JED_02,N95_Masks,41.2,53.06,0,None,141,169
2025-08-09,HOSP_JED_02,N95_Masks,39.3,52.22,0,None,130,155
2025-08-10,HOSP_JED_02,N95_Masks,39.2,59.5,1,Sandstorm/Dust_Storm,171,235
2025-08-11,HOSP_JED_02,N95_Masks,34.0,55.02,0,None,111,131
2025-08-12,HOSP_JED_02,N95_Masks,48.7,57.4,1,Heatwave,149,178
2025-08-13,HOSP_JED_02,N95_Masks,44.3,54.75,0,None,119,142
2025-08-14,HOSP_JED_02,N95_Masks,36.2,58.82,0,None,123,149
2025-08-15,HOSP_JED_02,N95_Masks,43.2,50.29,0,None,121,144
2025-08-16,HOSP_JED_02,N95_Masks,36.5,58.77,0,None,116,139
2025-08-17,HOSP_JED_02,N95_Masks,34.0,53.97,0,None,123,147
2025-08-18,HOSP_JED_02,N95_Masks,38.8,60.89,0,None,100,122
2025-08-19,HOSP_JED_02,N95_Masks,37.8,56.06,0,None,143,171
2025-08-20,HOSP_JED_02,N95_Masks,35.9,33.01,0,None,111,132
2025-08-21,HOSP_JED_02,N95_Masks,42.4,50.15,0,None,109,130
2025-08-22,HOSP_JED_02,N95_Masks,41.4,48.08,0,None,132,158
2025-08-23,HOSP_JED_02,N95_Masks,37.4,47.4,1,Sandstorm/Dust_Storm,140,198
2025-08-24,HOSP_JED_02,N95_Masks,37.1,62.99,0,None,130,155
2025-08-25,HOSP_JED_02,N95_Masks,37.9,62.99,0,None,106,126
2025-08-26,HOSP_JED_02,N95_Masks,38.9,49.56,0,None,105,123
2025-08-27,HOSP_JED_02,N95_Masks,39.6,46.04,0,None,132,157
2025-08-28,HOSP_JED_02,N95_Masks,32.8,35.39,0,None,103,123
2025-08-29,HOSP_JED_02,N95_Masks,40.0,62.11,0,None,115,138
2025-08-30,HOSP_JED_02,N95_Masks,38.7,33.18,0,None,129,154
2025-08-31,HOSP_JED_02,N95_Masks,38.6,53.15,0,None,123,148
2025-09-01,HOSP_JED_02,N95_Masks,17.4,40.54,0,None,115,136
2025-09-02,HOSP_JED_02,N95_Masks,27.2,36.18,0,None,115,139
2025-09-03,HOSP_JED_02,N95_Masks,31.7,32.74,0,None,129,155
2025-09-04,HOSP_JED_02,N95_Masks,23.4,31.28,0,None,151,183
2025-09-05,HOSP_JED_02,N95_Masks,25.9,39.46,0,None,128,154
2025-09-06,HOSP_JED_02,N95_Masks,23.0,52.54,0,None,128,152
2025-09-07,HOSP_JED_02,N95_Masks,18.7,46.13,0,None,127,151
2025-09-08,HOSP_JED_02,N95_Masks,25.2,56.51,0,None,132,158
2025-09-09,HOSP_JED_02,N95_Masks,31.4,26.07,0,None,127,151
2025-09-10,HOSP_JED_02,N95_Masks,22.2,39.67,0,None,108,128
2025-09-11,HOSP_JED_02,N95_Masks,25.2,45.02,0,None,128,153
2025-09-12,HOSP_JED_02,N95_Masks,25.1,68.51,0,None,124,149
2025-09-13,HOSP_JED_02,N95_Masks,27.8,67.67,0,None,122,147
2025-09-14,HOSP_JED_02,N95_Masks,20.1,43.29,0,None,99,119
2025-09-15,HOSP_JED_02,N95_Masks,20.1,56.54,0,None,133,160
2025-09-16,HOSP_JED_02,N95_Masks,26.6,56.76,0,None,116,139
2025-09-17,HOSP_JED_02,N95_Masks,24.7,61.59,0,None,115,138
2025-09-18,HOSP_JED_02,N95_Masks,21.9,52.07,0,None,117,140
2025-09-19,HOSP_JED_02,N95_Masks,17.2,58.35,0,None,108,131
2025-09-20,HOSP_JED_02,N95_Masks,20.1,51.68,0,None,113,136
2025-09-21,HOSP_JED_02,N95_Masks,24.4,49.57,0,None,123,145
2025-09-22,HOSP_JED_02,N95_Masks,23.6,50.85,0,None,117,140
2025-09-23,HOSP_JED_02,N95_Masks,23.1,67.69,0,None,116,139
2025-09-24,HOSP_JED_02,N95_Masks,22.2,57.26,0,None,106,126
2025-09-25,HOSP_JED_02,N95_Masks,18.6,49.2,0,None,120,144
2025-09-26,HOSP_JED_02,N95_Masks,19.3,55.05,0,None,118,142
2025-09-27,HOSP_JED_02,N95_Masks,25.0,67.35,0,None,125,149
2025-09-28,HOSP_JED_02,N95_Masks,14.2,66.65,0,None,134,160
2025-09-29,HOSP_JED_02,N95_Masks,19.1,29.33,0,None,113,136
2025-09-30,HOSP_JED_02,N95_Masks,21.0,47.78,0,None,102,123
2025-10-01,HOSP_JED_02,N95_Masks,21.9,35.64,0,None,94,113
2025-10-02,HOSP_JED_02,N95_Masks,23.3,56.56,0,None,141,168
2025-10-03,HOSP_JED_02,N95_Masks,33.8,48.3,0,None,108,128
2025-10-04,HOSP_JED_02,N95_Masks,24.5,38.7,0,None,100,120
2025-10-05,HOSP_JED_02,N95_Masks,23.0,55.56,1,Sandstorm/Dust_Storm,157,217
2025-10-06,HOSP_JED_02,N95_Masks,25.3,37.93,0,None,130,156
2025-10-07,HOSP_JED_02,N95_Masks,21.0,59.72,0,None,124,148
2025-10-08,HOSP_JED_02,N95_Masks,22.9,52.12,0,None,140,168
2025-10-09,HOSP_JED_02,N95_Masks,24.8,44.68,0,None,109,130
2025-10-10,HOSP_JED_02,N95_Masks,22.0,63.49,0,None,126,151
2025-10-11,HOSP_JED_02,N95_Masks,21.3,50.83,0,None,129,155
2025-10-12,HOSP_JED_02,N95_Masks,23.3,48.35,0,None,117,140
2025-10-13,HOSP_JED_02,N95_Masks,29.5,43.26,0,None,119,143
2025-10-14,HOSP_JED_02,N95_Masks,27.7,57.76,0,None,114,137
2025-10-15,HOSP_JED_02,N95_Masks,19.5,42.26,0,None,119,144
2025-10-16,HOSP_JED_02,N95_Masks,24.2,62.21,0,None,119,142
2025-10-17,HOSP_JED_02,N95_Masks,22.3,44.14,0,None,125,151
2025-10-18,HOSP_JED_02,N95_Masks,22.2,39.92,0,None,109,130
2025-10-19,HOSP_JED_02,N95_Masks,29.0,61.67,0,None,106,127
2025-10-20,HOSP_JED_02,N95_Masks,23.6,48.68,0,None,149,179
2025-10-21,HOSP_JED_02,N95_Masks,21.5,58.01,0,None,131,158
2025-10-22,HOSP_JED_02,N95_Masks,19.4,52.85,0,None,139,168
2025-10-23,HOSP_JED_02,N95_Masks,20.2,43.15,0,None,121,144
2025-10-24,HOSP_JED_02,N95_Masks,19.9,34.22,0,None,115,136
2025-10-25,HOSP_JED_02,N95_Masks,19.1,56.44,0,None,127,152
2025-10-26,HOSP_JED_02,N95_Masks,22.0,47.65,0,None,110,131
2025-10-27,HOSP_JED_02,N95_Masks,23.3,45.8,0,None,127,151
2025-10-28,HOSP_JED_02,N95_Masks,24.4,50.12,0,None,134,160
2025-10-29,HOSP_JED_02,N95_Masks,19.9,32.65,0,None,122,147
2025-10-30,HOSP_JED_02,N95_Masks,16.6,39.21,0,None,140,168
2025-10-31,HOSP_JED_02,N95_Masks,22.6,51.96,0,None,122,145
2025-11-01,HOSP_JED_02,N95_Masks,25.5,68.02,0,None,167,202
2025-11-02,HOSP_JED_02,N95_Masks,22.9,78.14,0,None,130,156
2025-11-03,HOSP_JED_02,N95_Masks,23.6,90.11,0,None,151,181
2025-11-04,HOSP_JED_02,N95_Masks,29.0,79.19,0,None,162,194
2025-11-05,HOSP_JED_02,N95_Masks,25.8,69.44,0,None,126,151
2025-11-06,HOSP_JED_02,N95_Masks,21.6,76.95,0,None,152,183
2025-11-07,HOSP_JED_02,N95_Masks,27.4,65.81,0,None,129,155
2025-11-08,HOSP_JED_02,N95_Masks,28.4,75.98,0,None,151,181
2025-11-09,HOSP_JED_02,N95_Masks,21.7,73.91,0,None,148,180
2025-11-10,HOSP_JED_02,N95_Masks,23.8,76.31,0,None,134,160
2025-11-11,HOSP_JED_02,N95_Masks,20.6,61.07,0,None,129,154
2025-11-12,HOSP_JED_02,N95_Masks,28.8,63.94,0,None,171,203
2025-11-13,HOSP_JED_02,N95_Masks,20.0,79.36,0,None,135,161
2025-11-14,HOSP_JED_02,N95_Masks,25.3,68.12,1,Sandstorm/Dust_Storm,168,232
2025-11-15,HOSP_JED_02,N95_Masks,21.9,80.52,0,None,145,175
2025-11-16,HOSP_JED_02,N95_Masks,21.7,76.87,0,None,151,180
2025-11-17,HOSP_JED_02,N95_Masks,21.6,90.82,0,None,153,183
2025-11-18,HOSP_JED_02,N95_Masks,17.1,86.98,1,Sandstorm/Dust_Storm,194,264
2025-11-19,HOSP_JED_02,N95_Masks,24.1,80.2,0,None,150,179
2025-11-20,HOSP_JED_02,N95_Masks,27.6,84.31,0,None,152,181
2025-11-21,HOSP_JED_02,N95_Masks,18.8,80.4,0,None,126,150
2025-11-22,HOSP_JED_02,N95_Masks,25.7,75.12,0,None,146,175
2025-11-23,HOSP_JED_02,N95_Masks,26.7,70.59,0,None,139,167
2025-11-24,HOSP_JED_02,N95_Masks,20.5,90.72,0,None,139,167
2025-11-25,HOSP_JED_02,N95_Masks,24.7,72.68,0,None,140,167
2025-11-26,HOSP_JED_02,N95_Masks,12.8,71.58,1,Sandstorm/Dust_Storm,183,251
2025-11-27,HOSP_JED_02,N95_Masks,23.5,60.41,0,None,130,156
2025-11-28,HOSP_JED_02,N95_Masks,18.7,81.91,0,None,134,160
2025-11-29,HOSP_JED_02,N95_Masks,26.5,56.51,0,None,151,182
2025-11-30,HOSP_JED_02,N95_Masks,15.8,75.69,0,None,147,176
2025-12-01,HOSP_JED_02,N95_Masks,23.0,80.35,0,None,137,164
2025-12-02,HOSP_JED_02,N95_Masks,23.5,86.23,0,None,126,152
2025-12-03,HOSP_JED_02,N95_Masks,25.8,87.31,0,None,168,201
2025-12-04,HOSP_JED_02,N95_Masks,24.4,77.71,1,Sandstorm/Dust_Storm,180,247
2025-12-05,HOSP_JED_02,N95_Masks,23.7,83.48,0,None,137,165
2025-12-06,HOSP_JED_02,N95_Masks,24.1,70.04,0,None,150,179
2025-12-07,HOSP_JED_02,N95_Masks,25.1,88.37,0,None,146,174
2025-12-08,HOSP_JED_02,N95_Masks,19.0,59.57,0,None,164,197
2025-12-09,HOSP_JED_02,N95_Masks,23.6,90.57,0,None,166,198
2025-12-10,HOSP_JED_02,N95_Masks,27.9,69.91,0,None,142,168
2025-12-11,HOSP_JED_02,N95_Masks,19.5,65.09,0,None,155,184
2025-12-12,HOSP_JED_02,N95_Masks,25.2,80.04,0,None,115,138
2025-12-13,HOSP_JED_02,N95_Masks,25.0,57.04,0,None,132,157
2025-12-14,HOSP_JED_02,N95_Masks,27.6,88.4,0,None,149,179
2025-12-15,HOSP_JED_02,N95_Masks,23.6,71.41,0,None,138,166
2025-12-16,HOSP_JED_02,N95_Masks,21.4,65.44,0,None,136,164
2025-12-17,HOSP_JED_02,N95_Masks,22.3,63.28,0,None,135,163
2025-12-18,HOSP_JED_02,N95_Masks,26.0,68.13,0,None,141,169
2025-12-19,HOSP_JED_02,N95_Masks,21.6,69.24,0,None,134,159
2025-12-20,HOSP_JED_02,N95_Masks,25.7,82.72,0,None,154,184
2025-12-21,HOSP_JED_02,N95_Masks,22.5,70.53,0,None,160,192
2025-12-22,HOSP_JED_02,N95_Masks,20.3,76.94,0,None,158,188
2025-12-23,HOSP_JED_02,N95_Masks,18.7,73.19,0,None,160,190
2025-12-24,HOSP_JED_02,N95_Masks,25.2,79.49,0,None,151,181
2025-12-25,HOSP_JED_02,N95_Masks,18.1,92.01,0,None,162,192
2025-12-26,HOSP_JED_02,N95_Masks,20.7,86.72,0,None,132,159
2025-12-27,HOSP_JED_02,N95_Masks,23.7,75.57,0,None,136,163
2025-12-28,HOSP_JED_02,N95_Masks,20.1,75.46,0,None,138,164
2025-12-29,HOSP_JED_02,N95_Masks,23.7,74.12,0,None,131,158
2025-12-30,HOSP_JED_02,N95_Masks,26.8,53.41,0,None,168,200
2025-12-31,HOSP_JED_02,N95_Masks,16.2,88.71,0,None,131,156
2026-01-01,HOSP_JED_02,N95_Masks,31.9,89.31,0,None,150,180
2024-01-01,HOSP_JED_02,IV_Fluids,30.3,73.38,0,None,132,330
2024-01-02,HOSP_JED_02,IV_Fluids,23.8,61.9,0,None,143,357
2024-01-03,HOSP_JED_02,IV_Fluids,16.6,55.59,0,None,151,378
2024-01-04,HOSP_JED_02,IV_Fluids,17.0,89.28,0,None,158,394
2024-01-05,HOSP_JED_02,IV_Fluids,22.8,84.15,0,None,171,426
2024-01-06,HOSP_JED_02,IV_Fluids,25.3,70.25,0,None,163,408
2024-01-07,HOSP_JED_02,IV_Fluids,22.5,75.78,0,None,145,364
2024-01-08,HOSP_JED_02,IV_Fluids,17.9,89.11,0,None,143,357
2024-01-09,HOSP_JED_02,IV_Fluids,21.9,80.2,0,None,138,346
2024-01-10,HOSP_JED_02,IV_Fluids,26.6,75.99,0,None,147,366
2024-01-11,HOSP_JED_02,IV_Fluids,23.5,74.03,0,None,148,369
2024-01-12,HOSP_JED_02,IV_Fluids,21.0,74.82,0,None,140,350
2024-01-13,HOSP_JED_02,IV_Fluids,31.2,85.35,0,None,154,385
2024-01-14,HOSP_JED_02,IV_Fluids,20.9,82.86,0,None,143,357
2024-01-15,HOSP_JED_02,IV_Fluids,23.2,92.52,0,None,135,337
2024-01-16,HOSP_JED_02,IV_Fluids,17.6,74.48,0,None,154,386
2024-01-17,HOSP_JED_02,IV_Fluids,17.8,79.14,1,Sandstorm/Dust_Storm,201,502
2024-01-18,HOSP_JED_02,IV_Fluids,21.6,86.43,0,None,132,330
2024-01-19,HOSP_JED_02,IV_Fluids,24.5,86.94,0,None,152,380
2024-01-20,HOSP_JED_02,IV_Fluids,25.8,70.42,0,None,129,323
2024-01-21,HOSP_JED_02,IV_Fluids,24.0,86.62,0,None,129,322
2024-01-22,HOSP_JED_02,IV_Fluids,37.0,68.03,0,None,135,337
2024-01-23,HOSP_JED_02,IV_Fluids,20.6,73.41,0,None,131,326
2024-01-24,HOSP_JED_02,IV_Fluids,21.1,65.25,0,None,143,357
2024-01-25,HOSP_JED_02,IV_Fluids,24.7,66.74,0,None,150,374
2024-01-26,HOSP_JED_02,IV_Fluids,20.3,92.73,0,None,140,349
2024-01-27,HOSP_JED_02,IV_Fluids,18.0,64.67,0,None,126,316
2024-01-28,HOSP_JED_02,IV_Fluids,26.8,87.7,0,None,136,339
2024-01-29,HOSP_JED_02,IV_Fluids,30.1,66.88,0,None,139,346
2024-01-30,HOSP_JED_02,IV_Fluids,27.3,87.47,0,None,152,380
2024-01-31,HOSP_JED_02,IV_Fluids,24.7,45.09,0,None,146,364
2024-02-01,HOSP_JED_02,IV_Fluids,15.1,77.56,0,None,155,387
2024-02-02,HOSP_JED_02,IV_Fluids,20.0,87.16,0,None,162,405
2024-02-03,HOSP_JED_02,IV_Fluids,25.7,66.89,0,None,128,319
2024-02-04,HOSP_JED_02,IV_Fluids,23.5,86.1,0,None,142,354
2024-02-05,HOSP_JED_02,IV_Fluids,21.7,67.23,0,None,160,400
2024-02-06,HOSP_JED_02,IV_Fluids,15.9,62.66,0,None,169,421
2024-02-07,HOSP_JED_02,IV_Fluids,22.9,87.51,0,None,125,312
2024-02-08,HOSP_JED_02,IV_Fluids,26.0,88.12,0,None,141,351
2024-02-09,HOSP_JED_02,IV_Fluids,22.3,76.71,0,None,137,342
2024-02-10,HOSP_JED_02,IV_Fluids,23.9,65.51,0,None,147,368
2024-02-11,HOSP_JED_02,IV_Fluids,21.1,78.99,0,None,143,356
2024-02-12,HOSP_JED_02,IV_Fluids,24.8,72.8,0,None,133,333
2024-02-13,HOSP_JED_02,IV_Fluids,21.4,66.91,0,None,156,389
2024-02-14,HOSP_JED_02,IV_Fluids,23.2,76.22,0,None,158,396
2024-02-15,HOSP_JED_02,IV_Fluids,25.7,71.46,0,None,134,335
2024-02-16,HOSP_JED_02,IV_Fluids,26.5,75.73,0,None,136,341
2024-02-17,HOSP_JED_02,IV_Fluids,24.3,67.38,0,None,159,397
2024-02-18,HOSP_JED_02,IV_Fluids,19.8,75.13,0,None,155,388
2024-02-19,HOSP_JED_02,IV_Fluids,25.5,80.71,0,None,147,367
2024-02-20,HOSP_JED_02,IV_Fluids,23.2,75.13,0,None,144,360
2024-02-21,HOSP_JED_02,IV_Fluids,19.6,78.97,0,None,156,390
2024-02-22,HOSP_JED_02,IV_Fluids,22.3,66.3,0,None,144,360
2024-02-23,HOSP_JED_02,IV_Fluids,23.0,87.6,0,None,147,366
2024-02-24,HOSP_JED_02,IV_Fluids,25.4,70.33,0,None,154,384
2024-02-25,HOSP_JED_02,IV_Fluids,24.0,45.15,0,None,157,392
2024-02-26,HOSP_JED_02,IV_Fluids,23.0,59.69,0,None,149,372
2024-02-27,HOSP_JED_02,IV_Fluids,20.9,68.12,0,None,127,317
2024-02-28,HOSP_JED_02,IV_Fluids,20.9,50.8,0,None,165,413
2024-02-29,HOSP_JED_02,IV_Fluids,29.5,65.23,0,None,156,390
2024-03-01,HOSP_JED_02,IV_Fluids,22.4,36.06,0,None,106,264
2024-03-02,HOSP_JED_02,IV_Fluids,24.2,68.06,0,None,120,301
2024-03-03,HOSP_JED_02,IV_Fluids,28.3,52.32,0,None,119,298
2024-03-04,HOSP_JED_02,IV_Fluids,16.5,59.14,0,None,135,337
2024-03-05,HOSP_JED_02,IV_Fluids,18.9,44.63,0,None,115,286
2024-03-06,HOSP_JED_02,IV_Fluids,24.5,51.04,0,None,131,328
2024-03-07,HOSP_JED_02,IV_Fluids,24.1,39.34,0,None,109,271
2024-03-08,HOSP_JED_02,IV_Fluids,32.4,52.08,1,Sandstorm/Dust_Storm,162,404
2024-03-09,HOSP_JED_02,IV_Fluids,22.8,38.28,0,None,110,274
2024-03-10,HOSP_JED_02,IV_Fluids,24.6,48.78,1,Sandstorm/Dust_Storm,153,381
2024-03-11,HOSP_JED_02,IV_Fluids,26.7,46.34,0,None,91,228
2024-03-12,HOSP_JED_02,IV_Fluids,31.8,45.78,1,Sandstorm/Dust_Storm,158,395
2024-03-13,HOSP_JED_02,IV_Fluids,18.7,74.08,0,None,138,344
2024-03-14,HOSP_JED_02,IV_Fluids,19.5,53.64,0,None,122,306
2024-03-15,HOSP_JED_02,IV_Fluids,21.0,41.07,0,None,103,257
2024-03-16,HOSP_JED_02,IV_Fluids,21.1,50.64,0,None,121,300
2024-03-17,HOSP_JED_02,IV_Fluids,21.4,37.13,0,None,96,240
2024-03-18,HOSP_JED_02,IV_Fluids,29.3,38.26,0,None,114,285
2024-03-19,HOSP_JED_02,IV_Fluids,15.7,46.55,0,None,114,284
2024-03-20,HOSP_JED_02,IV_Fluids,23.5,53.92,0,None,120,301
2024-03-21,HOSP_JED_02,IV_Fluids,24.7,49.47,0,None,141,350
2024-03-22,HOSP_JED_02,IV_Fluids,26.4,56.26,0,None,136,339
2024-03-23,HOSP_JED_02,IV_Fluids,24.0,60.36,0,None,121,302
2024-03-24,HOSP_JED_02,IV_Fluids,26.9,58.38,0,None,123,307
2024-03-25,HOSP_JED_02,IV_Fluids,22.0,48.41,0,None,107,268
2024-03-26,HOSP_JED_02,IV_Fluids,20.6,47.22,0,None,102,253
2024-03-27,HOSP_JED_02,IV_Fluids,17.8,32.71,0,None,102,254
2024-03-28,HOSP_JED_02,IV_Fluids,21.1,49.7,0,None,99,247
2024-03-29,HOSP_JED_02,IV_Fluids,25.7,70.64,0,None,106,264
2024-03-30,HOSP_JED_02,IV_Fluids,16.7,42.96,0,None,115,287
2024-03-31,HOSP_JED_02,IV_Fluids,25.6,40.64,0,None,106,263
2024-04-01,HOSP_JED_02,IV_Fluids,17.7,46.65,0,None,136,341
2024-04-02,HOSP_JED_02,IV_Fluids,23.7,67.71,0,None,115,287
2024-04-03,HOSP_JED_02,IV_Fluids,21.7,41.92,0,None,126,314
2024-04-04,HOSP_JED_02,IV_Fluids,26.9,47.13,0,None,120,300
2024-04-05,HOSP_JED_02,IV_Fluids,27.5,49.91,1,Sandstorm/Dust_Storm,165,412
2024-04-06,HOSP_JED_02,IV_Fluids,19.7,54.2,0,None,129,321
2024-04-07,HOSP_JED_02,IV_Fluids,21.2,35.71,0,None,125,312
2024-04-08,HOSP_JED_02,IV_Fluids,17.1,43.18,0,None,110,275
2024-04-09,HOSP_JED_02,IV_Fluids,21.9,29.24,0,None,118,294
2024-04-10,HOSP_JED_02,IV_Fluids,23.1,53.03,1,Sandstorm/Dust_Storm,132,329
2024-04-11,HOSP_JED_02,IV_Fluids,18.2,37.33,0,None,112,278
2024-04-12,HOSP_JED_02,IV_Fluids,20.2,32.8,0,None,115,286
2024-04-13,HOSP_JED_02,IV_Fluids,23.9,47.55,0,None,127,317
2024-04-14,HOSP_JED_02,IV_Fluids,21.9,37.68,0,None,123,306
2024-04-15,HOSP_JED_02,IV_Fluids,27.3,30.45,0,None,123,307
2024-04-16,HOSP_JED_02,IV_Fluids,24.8,49.6,0,None,112,281
2024-04-17,HOSP_JED_02,IV_Fluids,17.5,49.25,0,None,123,307
2024-04-18,HOSP_JED_02,IV_Fluids,22.0,39.4,0,None,109,271
2024-04-19,HOSP_JED_02,IV_Fluids,19.1,57.3,0,None,129,322
2024-04-20,HOSP_JED_02,IV_Fluids,22.1,54.28,0,None,124,309
2024-04-21,HOSP_JED_02,IV_Fluids,25.7,58.47,0,None,106,265
2024-04-22,HOSP_JED_02,IV_Fluids,24.5,51.48,0,None,126,314
2024-04-23,HOSP_JED_02,IV_Fluids,22.3,67.18,0,None,107,268
2024-04-24,HOSP_JED_02,IV_Fluids,23.2,55.76,0,None,125,311
2024-04-25,HOSP_JED_02,IV_Fluids,24.2,31.51,0,None,123,307
2024-04-26,HOSP_JED_02,IV_Fluids,27.3,49.0,0,None,119,298
2024-04-27,HOSP_JED_02,IV_Fluids,17.6,29.53,0,None,148,370
2024-04-28,HOSP_JED_02,IV_Fluids,22.7,59.52,0,None,99,248
2024-04-29,HOSP_JED_02,IV_Fluids,24.0,45.93,0,None,113,283
2024-04-30,HOSP_JED_02,IV_Fluids,23.3,53.16,0,None,113,281
2024-05-01,HOSP_JED_02,IV_Fluids,27.2,45.14,0,None,120,301
2024-05-02,HOSP_JED_02,IV_Fluids,27.2,43.19,0,None,109,273
2024-05-03,HOSP_JED_02,IV_Fluids,17.8,58.68,0,None,137,342
2024-05-04,HOSP_JED_02,IV_Fluids,22.8,60.38,0,None,109,270
2024-05-05,HOSP_JED_02,IV_Fluids,24.2,57.22,0,None,107,267
2024-05-06,HOSP_JED_02,IV_Fluids,18.5,59.56,0,None,128,320
2024-05-07,HOSP_JED_02,IV_Fluids,23.5,51.94,0,None,129,322
2024-05-08,HOSP_JED_02,IV_Fluids,23.3,40.63,0,None,105,261
2024-05-09,HOSP_JED_02,IV_Fluids,34.6,38.56,0,None,135,337
2024-05-10,HOSP_JED_02,IV_Fluids,26.8,44.68,1,Sandstorm/Dust_Storm,162,405
2024-05-11,HOSP_JED_02,IV_Fluids,20.5,53.22,1,Sandstorm/Dust_Storm,160,399
2024-05-12,HOSP_JED_02,IV_Fluids,26.1,52.94,0,None,107,266
2024-05-13,HOSP_JED_02,IV_Fluids,22.7,37.21,0,None,127,317
2024-05-14,HOSP_JED_02,IV_Fluids,25.8,51.05,0,None,115,287
2024-05-15,HOSP_JED_02,IV_Fluids,25.4,52.97,0,None,128,320
2024-05-16,HOSP_JED_02,IV_Fluids,20.9,39.3,0,None,91,226
2024-05-17,HOSP_JED_02,IV_Fluids,21.8,55.26,0,None,115,287
2024-05-18,HOSP_JED_02,IV_Fluids,22.1,36.99,0,None,109,272
2024-05-19,HOSP_JED_02,IV_Fluids,21.7,38.6,0,None,121,301
2024-05-20,HOSP_JED_02,IV_Fluids,24.2,44.0,0,None,109,273
2024-05-21,HOSP_JED_02,IV_Fluids,22.8,54.06,0,None,136,340
2024-05-22,HOSP_JED_02,IV_Fluids,16.6,56.51,0,None,122,304
2024-05-23,HOSP_JED_02,IV_Fluids,15.7,60.29,0,None,107,267
2024-05-24,HOSP_JED_02,IV_Fluids,22.0,63.23,0,None,116,287
2024-05-25,HOSP_JED_02,IV_Fluids,26.6,53.83,0,None,121,302
2024-05-26,HOSP_JED_02,IV_Fluids,29.5,47.83,0,None,140,349
2024-05-27,HOSP_JED_02,IV_Fluids,22.4,61.27,0,None,121,301
2024-05-28,HOSP_JED_02,IV_Fluids,24.7,40.35,0,None,122,304
2024-05-29,HOSP_JED_02,IV_Fluids,25.6,54.41,0,None,126,316
2024-05-30,HOSP_JED_02,IV_Fluids,24.3,27.32,0,None,141,353
2024-05-31,HOSP_JED_02,IV_Fluids,15.5,41.47,0,None,125,313
2024-06-01,HOSP_JED_02,IV_Fluids,36.0,46.73,1,Sandstorm/Dust_Storm,174,433
2024-06-02,HOSP_JED_02,IV_Fluids,38.2,51.26,0,None,121,302
2024-06-03,HOSP_JED_02,IV_Fluids,42.4,39.89,0,None,128,319
2024-06-04,HOSP_JED_02,IV_Fluids,40.3,48.91,0,None,105,264
2024-06-05,HOSP_JED_02,IV_Fluids,41.7,43.73,0,None,106,266
2024-06-06,HOSP_JED_02,IV_Fluids,42.3,56.54,0,None,117,293
2024-06-07,HOSP_JED_02,IV_Fluids,39.1,55.14,0,None,144,360
2024-06-08,HOSP_JED_02,IV_Fluids,33.8,67.89,0,None,103,257
2024-06-09,HOSP_JED_02,IV_Fluids,36.1,50.93,0,None,144,359
2024-06-10,HOSP_JED_02,IV_Fluids,38.3,63.37,1,Sandstorm/Dust_Storm,175,436
2024-06-11,HOSP_JED_02,IV_Fluids,36.0,46.38,0,None,89,222
2024-06-12,HOSP_JED_02,IV_Fluids,38.9,61.62,0,None,109,274
2024-06-13,HOSP_JED_02,IV_Fluids,33.8,32.27,0,None,129,323
2024-06-14,HOSP_JED_02,IV_Fluids,35.5,66.35,0,None,122,305
2024-06-15,HOSP_JED_02,IV_Fluids,46.8,55.06,0,None,119,296
2024-06-16,HOSP_JED_02,IV_Fluids,33.3,52.64,0,None,113,282
2024-06-17,HOSP_JED_02,IV_Fluids,34.1,37.04,0,None,136,341
2024-06-18,HOSP_JED_02,IV_Fluids,40.8,43.82,0,None,95,237
2024-06-19,HOSP_JED_02,IV_Fluids,30.5,34.12,0,None,115,288
2024-06-20,HOSP_JED_02,IV_Fluids,34.7,52.47,0,None,118,294
2024-06-21,HOSP_JED_02,IV_Fluids,33.1,43.92,0,None,121,301
2024-06-22,HOSP_JED_02,IV_Fluids,33.8,62.86,0,None,131,326
2024-06-23,HOSP_JED_02,IV_Fluids,40.6,44.91,0,None,112,280
2024-06-24,HOSP_JED_02,IV_Fluids,39.8,57.92,0,None,125,312
2024-06-25,HOSP_JED_02,IV_Fluids,36.3,36.16,0,None,112,282
2024-06-26,HOSP_JED_02,IV_Fluids,44.2,30.63,0,None,119,298
2024-06-27,HOSP_JED_02,IV_Fluids,34.8,58.38,0,None,111,277
2024-06-28,HOSP_JED_02,IV_Fluids,35.4,52.46,0,None,120,301
2024-06-29,HOSP_JED_02,IV_Fluids,34.1,60.45,0,None,126,316
2024-06-30,HOSP_JED_02,IV_Fluids,34.2,54.91,0,None,129,322
2024-07-01,HOSP_JED_02,IV_Fluids,31.7,62.65,0,None,118,294
2024-07-02,HOSP_JED_02,IV_Fluids,44.6,34.17,0,None,130,324
2024-07-03,HOSP_JED_02,IV_Fluids,41.1,48.41,0,None,112,279
2024-07-04,HOSP_JED_02,IV_Fluids,36.4,47.68,0,None,83,208
2024-07-05,HOSP_JED_02,IV_Fluids,38.8,59.28,0,None,125,312
2024-07-06,HOSP_JED_02,IV_Fluids,36.2,55.3,0,None,120,302
2024-07-07,HOSP_JED_02,IV_Fluids,38.7,34.36,0,None,111,276
2024-07-08,HOSP_JED_02,IV_Fluids,33.6,64.56,0,None,112,279
2024-07-09,HOSP_JED_02,IV_Fluids,37.0,48.19,0,None,130,326
2024-07-10,HOSP_JED_02,IV_Fluids,37.9,43.4,0,None,125,311
2024-07-11,HOSP_JED_02,IV_Fluids,40.1,52.57,0,None,138,346
2024-07-12,HOSP_JED_02,IV_Fluids,41.1,55.75,0,None,135,336
2024-07-13,HOSP_JED_02,IV_Fluids,38.0,39.77,0,None,113,283
2024-07-14,HOSP_JED_02,IV_Fluids,36.5,53.78,0,None,114,287
2024-07-15,HOSP_JED_02,IV_Fluids,43.3,69.61,0,None,111,276
2024-07-16,HOSP_JED_02,IV_Fluids,36.1,51.67,0,None,116,289
2024-07-17,HOSP_JED_02,IV_Fluids,34.0,44.74,0,None,116,291
2024-07-18,HOSP_JED_02,IV_Fluids,38.3,64.03,0,None,122,303
2024-07-19,HOSP_JED_02,IV_Fluids,46.3,31.86,0,None,111,276
2024-07-20,HOSP_JED_02,IV_Fluids,42.5,61.35,0,None,138,344
2024-07-21,HOSP_JED_02,IV_Fluids,36.5,59.69,0,None,111,277
2024-07-22,HOSP_JED_02,IV_Fluids,25.7,46.96,0,None,108,271
2024-07-23,HOSP_JED_02,IV_Fluids,39.2,47.19,0,None,136,341
2024-07-24,HOSP_JED_02,IV_Fluids,39.1,60.0,0,None,130,325
2024-07-25,HOSP_JED_02,IV_Fluids,39.3,53.03,0,None,108,271
2024-07-26,HOSP_JED_02,IV_Fluids,33.6,62.85,0,None,110,276
2024-07-27,HOSP_JED_02,IV_Fluids,38.2,65.85,0,None,138,345
2024-07-28,HOSP_JED_02,IV_Fluids,33.9,46.3,0,None,119,298
2024-07-29,HOSP_JED_02,IV_Fluids,36.8,48.28,0,None,119,295
2024-07-30,HOSP_JED_02,IV_Fluids,38.9,40.09,0,None,136,341
2024-07-31,HOSP_JED_02,IV_Fluids,39.5,48.16,0,None,140,353
2024-08-01,HOSP_JED_02,IV_Fluids,34.0,57.36,1,Sandstorm/Dust_Storm,154,386
2024-08-02,HOSP_JED_02,IV_Fluids,45.8,47.63,0,None,122,304
2024-08-03,HOSP_JED_02,IV_Fluids,37.3,62.98,0,None,113,283
2024-08-04,HOSP_JED_02,IV_Fluids,37.4,66.93,0,None,123,306
2024-08-05,HOSP_JED_02,IV_Fluids,38.8,50.44,0,None,137,342
2024-08-06,HOSP_JED_02,IV_Fluids,39.7,50.39,0,None,122,304
2024-08-07,HOSP_JED_02,IV_Fluids,43.8,51.65,0,None,104,260
2024-08-08,HOSP_JED_02,IV_Fluids,39.3,59.02,0,None,131,328
2024-08-09,HOSP_JED_02,IV_Fluids,32.5,58.93,0,None,106,265
2024-08-10,HOSP_JED_02,IV_Fluids,34.0,40.39,0,None,111,276
2024-08-11,HOSP_JED_02,IV_Fluids,36.2,49.03,0,None,118,295
2024-08-12,HOSP_JED_02,IV_Fluids,35.1,41.38,0,None,126,316
2024-08-13,HOSP_JED_02,IV_Fluids,43.5,54.02,0,None,126,315
2024-08-14,HOSP_JED_02,IV_Fluids,34.2,48.58,0,None,126,316
2024-08-15,HOSP_JED_02,IV_Fluids,35.8,45.64,0,None,115,286
2024-08-16,HOSP_JED_02,IV_Fluids,41.2,40.88,0,None,96,239
2024-08-17,HOSP_JED_02,IV_Fluids,35.3,66.39,0,None,126,318
2024-08-18,HOSP_JED_02,IV_Fluids,38.9,53.32,0,None,113,282
2024-08-19,HOSP_JED_02,IV_Fluids,41.8,38.48,0,None,117,294
2024-08-20,HOSP_JED_02,IV_Fluids,38.7,46.29,0,None,113,282
2024-08-21,HOSP_JED_02,IV_Fluids,44.4,51.51,0,None,116,290
2024-08-22,HOSP_JED_02,IV_Fluids,43.7,38.18,0,None,137,343
2024-08-23,HOSP_JED_02,IV_Fluids,42.9,55.44,0,None,108,269
2024-08-24,HOSP_JED_02,IV_Fluids,41.0,57.07,0,None,123,308
2024-08-25,HOSP_JED_02,IV_Fluids,37.9,46.28,0,None,111,277
2024-08-26,HOSP_JED_02,IV_Fluids,37.9,51.98,0,None,140,352
2024-08-27,HOSP_JED_02,IV_Fluids,40.0,52.1,0,None,113,282
2024-08-28,HOSP_JED_02,IV_Fluids,38.4,35.4,0,None,115,287
2024-08-29,HOSP_JED_02,IV_Fluids,40.4,42.38,0,None,103,256
2024-08-30,HOSP_JED_02,IV_Fluids,45.5,37.04,0,None,107,268
2024-08-31,HOSP_JED_02,IV_Fluids,35.8,46.89,0,None,112,281
2024-09-01,HOSP_JED_02,IV_Fluids,17.2,49.7,0,None,137,343
2024-09-02,HOSP_JED_02,IV_Fluids,21.4,39.27,0,None,105,261
2024-09-03,HOSP_JED_02,IV_Fluids,23.0,40.94,0,None,112,279
2024-09-04,HOSP_JED_02,IV_Fluids,24.5,42.98,0,None,123,308
2024-09-05,HOSP_JED_02,IV_Fluids,22.3,48.37,0,None,142,355
2024-09-06,HOSP_JED_02,IV_Fluids,14.0,55.74,0,None,134,333
2024-09-07,HOSP_JED_02,IV_Fluids,24.7,55.22,0,None,114,284
2024-09-08,HOSP_JED_02,IV_Fluids,25.0,47.44,0,None,123,307
2024-09-09,HOSP_JED_02,IV_Fluids,25.0,43.85,0,None,148,368
2024-09-10,HOSP_JED_02,IV_Fluids,15.8,57.82,0,None,120,299
2024-09-11,HOSP_JED_02,IV_Fluids,23.7,69.57,0,None,118,296
2024-09-12,HOSP_JED_02,IV_Fluids,31.1,52.49,0,None,109,272
2024-09-13,HOSP_JED_02,IV_Fluids,26.1,38.12,0,None,80,198
2024-09-14,HOSP_JED_02,IV_Fluids,23.3,46.12,0,None,113,284
2024-09-15,HOSP_JED_02,IV_Fluids,27.5,37.92,0,None,136,338
2024-09-16,HOSP_JED_02,IV_Fluids,28.5,61.54,0,None,127,316
2024-09-17,HOSP_JED_02,IV_Fluids,19.3,51.12,0,None,113,281
2024-09-18,HOSP_JED_02,IV_Fluids,24.1,47.06,0,None,120,300
2024-09-19,HOSP_JED_02,IV_Fluids,25.2,57.92,0,None,128,319
2024-09-20,HOSP_JED_02,IV_Fluids,16.4,40.61,0,None,128,319
2024-09-21,HOSP_JED_02,IV_Fluids,29.4,39.52,0,None,97,243
2024-09-22,HOSP_JED_02,IV_Fluids,18.7,63.43,0,None,112,281
2024-09-23,HOSP_JED_02,IV_Fluids,18.3,48.69,0,None,113,283
2024-09-24,HOSP_JED_02,IV_Fluids,22.3,56.84,0,None,109,271
2024-09-25,HOSP_JED_02,IV_Fluids,29.1,30.96,0,None,110,275
2024-09-26,HOSP_JED_02,IV_Fluids,32.9,51.63,0,None,122,304
2024-09-27,HOSP_JED_02,IV_Fluids,17.0,30.66,0,None,118,295
2024-09-28,HOSP_JED_02,IV_Fluids,21.1,46.6,0,None,138,345
2024-09-29,HOSP_JED_02,IV_Fluids,24.8,56.55,0,None,132,329
2024-09-30,HOSP_JED_02,IV_Fluids,16.7,47.67,0,None,117,293
2024-10-01,HOSP_JED_02,IV_Fluids,19.0,56.75,0,None,118,295
2024-10-02,HOSP_JED_02,IV_Fluids,28.2,37.79,0,None,121,302
2024-10-03,HOSP_JED_02,IV_Fluids,25.7,51.98,0,None,107,268
2024-10-04,HOSP_JED_02,IV_Fluids,23.8,42.13,0,None,106,264
2024-10-05,HOSP_JED_02,IV_Fluids,24.0,51.83,0,None,110,275
2024-10-06,HOSP_JED_02,IV_Fluids,23.4,51.9,0,None,125,312
2024-10-07,HOSP_JED_02,IV_Fluids,20.8,71.52,0,None,136,340
2024-10-08,HOSP_JED_02,IV_Fluids,32.3,52.73,0,None,128,320
2024-10-09,HOSP_JED_02,IV_Fluids,23.5,53.78,0,None,137,342
2024-10-10,HOSP_JED_02,IV_Fluids,18.7,46.2,0,None,108,268
2024-10-11,HOSP_JED_02,IV_Fluids,20.6,60.92,0,None,113,282
2024-10-12,HOSP_JED_02,IV_Fluids,27.3,70.95,0,None,113,283
2024-10-13,HOSP_JED_02,IV_Fluids,23.1,50.08,1,Sandstorm/Dust_Storm,159,396
2024-10-14,HOSP_JED_02,IV_Fluids,20.7,55.96,0,None,110,277
2024-10-15,HOSP_JED_02,IV_Fluids,16.9,55.57,0,None,121,300
2024-10-16,HOSP_JED_02,IV_Fluids,23.8,47.82,0,None,135,336
2024-10-17,HOSP_JED_02,IV_Fluids,28.4,58.45,0,None,152,381
2024-10-18,HOSP_JED_02,IV_Fluids,27.7,39.88,1,Sandstorm/Dust_Storm,151,376
2024-10-19,HOSP_JED_02,IV_Fluids,22.3,54.42,0,None,102,254
2024-10-20,HOSP_JED_02,IV_Fluids,23.6,60.06,0,None,106,265
2024-10-21,HOSP_JED_02,IV_Fluids,17.8,31.45,0,None,120,300
2024-10-22,HOSP_JED_02,IV_Fluids,25.4,40.9,0,None,115,286
2024-10-23,HOSP_JED_02,IV_Fluids,25.7,39.35,0,None,124,311
2024-10-24,HOSP_JED_02,IV_Fluids,19.0,51.91,0,None,104,258
2024-10-25,HOSP_JED_02,IV_Fluids,23.8,51.15,0,None,96,239
2024-10-26,HOSP_JED_02,IV_Fluids,17.6,38.93,0,None,102,254
2024-10-27,HOSP_JED_02,IV_Fluids,27.9,37.36,0,None,138,344
2024-10-28,HOSP_JED_02,IV_Fluids,31.3,51.1,0,None,107,267
2024-10-29,HOSP_JED_02,IV_Fluids,20.2,44.33,0,None,109,274
2024-10-30,HOSP_JED_02,IV_Fluids,30.6,45.04,0,None,118,293
2024-10-31,HOSP_JED_02,IV_Fluids,23.6,48.8,0,None,121,302
2024-11-01,HOSP_JED_02,IV_Fluids,21.1,92.24,0,None,157,392
2024-11-02,HOSP_JED_02,IV_Fluids,23.2,87.86,0,None,174,435
2024-11-03,HOSP_JED_02,IV_Fluids,25.1,88.24,0,None,153,383
2024-11-04,HOSP_JED_02,IV_Fluids,22.1,87.99,0,None,150,373
2024-11-05,HOSP_JED_02,IV_Fluids,26.0,81.19,0,None,153,383
2024-11-06,HOSP_JED_02,IV_Fluids,29.0,71.11,0,None,150,376
2024-11-07,HOSP_JED_02,IV_Fluids,28.2,77.64,0,None,130,324
2024-11-08,HOSP_JED_02,IV_Fluids,24.7,101.85,0,None,146,365
2024-11-09,HOSP_JED_02,IV_Fluids,27.3,49.03,0,None,140,350
2024-11-10,HOSP_JED_02,IV_Fluids,29.5,87.22,0,None,128,320
2024-11-11,HOSP_JED_02,IV_Fluids,15.8,76.98,0,None,128,319
2024-11-12,HOSP_JED_02,IV_Fluids,20.4,77.56,0,None,149,371
2024-11-13,HOSP_JED_02,IV_Fluids,17.1,75.45,0,None,151,377
2024-11-14,HOSP_JED_02,IV_Fluids,17.5,85.93,0,None,148,369
2024-11-15,HOSP_JED_02,IV_Fluids,26.3,74.05,0,None,128,321
2024-11-16,HOSP_JED_02,IV_Fluids,25.7,60.69,0,None,158,394
2024-11-17,HOSP_JED_02,IV_Fluids,17.3,87.63,0,None,154,383
2024-11-18,HOSP_JED_02,IV_Fluids,29.3,72.72,0,None,156,391
2024-11-19,HOSP_JED_02,IV_Fluids,23.7,79.14,0,None,133,331
2024-11-20,HOSP_JED_02,IV_Fluids,22.7,71.23,0,None,147,367
2024-11-21,HOSP_JED_02,IV_Fluids,24.9,82.24,0,None,133,333
2024-11-22,HOSP_JED_02,IV_Fluids,28.0,67.1,0,None,139,346
2024-11-23,HOSP_JED_02,IV_Fluids,23.0,90.42,0,None,139,347
2024-11-24,HOSP_JED_02,IV_Fluids,15.3,73.4,0,None,167,416
2024-11-25,HOSP_JED_02,IV_Fluids,22.6,81.26,0,None,161,404
2024-11-26,HOSP_JED_02,IV_Fluids,16.6,68.5,0,None,143,356
2024-11-27,HOSP_JED_02,IV_Fluids,21.4,63.33,0,None,132,329
2024-11-28,HOSP_JED_02,IV_Fluids,19.4,78.56,0,None,172,430
2024-11-29,HOSP_JED_02,IV_Fluids,21.3,88.02,0,None,143,357
2024-11-30,HOSP_JED_02,IV_Fluids,15.7,79.91,0,None,137,342
2024-12-01,HOSP_JED_02,IV_Fluids,16.8,84.97,0,None,161,405
2024-12-02,HOSP_JED_02,IV_Fluids,23.6,62.37,0,None,138,344
2024-12-03,HOSP_JED_02,IV_Fluids,23.8,66.99,0,None,146,364
2024-12-04,HOSP_JED_02,IV_Fluids,19.5,76.57,0,None,157,392
2024-12-05,HOSP_JED_02,IV_Fluids,26.4,68.63,0,None,165,411
2024-12-06,HOSP_JED_02,IV_Fluids,26.0,83.8,0,None,157,391
2024-12-07,HOSP_JED_02,IV_Fluids,27.4,97.05,1,Sandstorm/Dust_Storm,187,467
2024-12-08,HOSP_JED_02,IV_Fluids,16.0,69.85,0,None,140,349
2024-12-09,HOSP_JED_02,IV_Fluids,23.4,83.14,0,None,153,380
2024-12-10,HOSP_JED_02,IV_Fluids,22.0,82.06,0,None,182,454
2024-12-11,HOSP_JED_02,IV_Fluids,28.8,78.27,0,None,149,373
2024-12-12,HOSP_JED_02,IV_Fluids,23.0,71.9,0,None,152,379
2024-12-13,HOSP_JED_02,IV_Fluids,21.0,67.78,0,None,164,412
2024-12-14,HOSP_JED_02,IV_Fluids,17.5,70.46,0,None,136,341
2024-12-15,HOSP_JED_02,IV_Fluids,28.4,68.15,0,None,151,377
2024-12-16,HOSP_JED_02,IV_Fluids,24.0,68.24,0,None,149,372
2024-12-17,HOSP_JED_02,IV_Fluids,25.4,78.18,0,None,146,364
2024-12-18,HOSP_JED_02,IV_Fluids,27.2,86.44,0,None,142,355
2024-12-19,HOSP_JED_02,IV_Fluids,21.3,73.76,0,None,152,379
2024-12-20,HOSP_JED_02,IV_Fluids,23.3,92.78,0,None,140,351
2024-12-21,HOSP_JED_02,IV_Fluids,29.0,66.82,0,None,120,300
2024-12-22,HOSP_JED_02,IV_Fluids,21.6,66.17,0,None,160,400
2024-12-23,HOSP_JED_02,IV_Fluids,19.3,68.56,0,None,137,340
2024-12-24,HOSP_JED_02,IV_Fluids,24.2,75.95,0,None,134,334
2024-12-25,HOSP_JED_02,IV_Fluids,19.5,66.35,0,None,155,387
2024-12-26,HOSP_JED_02,IV_Fluids,28.2,84.89,0,None,135,338
2024-12-27,HOSP_JED_02,IV_Fluids,14.4,67.83,0,None,137,342
2024-12-28,HOSP_JED_02,IV_Fluids,26.1,85.81,0,None,148,370
2024-12-29,HOSP_JED_02,IV_Fluids,17.4,74.99,0,None,154,385
2024-12-30,HOSP_JED_02,IV_Fluids,25.1,66.19,1,Sandstorm/Dust_Storm,189,472
2024-12-31,HOSP_JED_02,IV_Fluids,23.9,80.9,0,None,144,360
2025-01-01,HOSP_JED_02,IV_Fluids,21.5,70.44,0,None,133,332
2025-01-02,HOSP_JED_02,IV_Fluids,27.0,75.87,0,None,145,363
2025-01-03,HOSP_JED_02,IV_Fluids,26.7,70.19,0,None,147,367
2025-01-04,HOSP_JED_02,IV_Fluids,25.2,64.31,0,None,137,342
2025-01-05,HOSP_JED_02,IV_Fluids,31.8,91.67,1,Sandstorm/Dust_Storm,185,461
2025-01-06,HOSP_JED_02,IV_Fluids,14.9,80.47,0,None,158,396
2025-01-07,HOSP_JED_02,IV_Fluids,22.8,83.32,0,None,135,337
2025-01-08,HOSP_JED_02,IV_Fluids,19.8,56.9,0,None,148,369
2025-01-09,HOSP_JED_02,IV_Fluids,16.2,90.98,0,None,164,411
2025-01-10,HOSP_JED_02,IV_Fluids,29.7,90.21,1,Sandstorm/Dust_Storm,187,467
2025-01-11,HOSP_JED_02,IV_Fluids,23.4,82.3,0,None,150,376
2025-01-12,HOSP_JED_02,IV_Fluids,19.2,77.92,0,None,135,338
2025-01-13,HOSP_JED_02,IV_Fluids,25.9,71.65,0,None,140,349
2025-01-14,HOSP_JED_02,IV_Fluids,27.4,77.45,0,None,149,373
2025-01-15,HOSP_JED_02,IV_Fluids,20.0,77.75,0,None,156,391
2025-01-16,HOSP_JED_02,IV_Fluids,19.3,69.85,0,None,141,353
2025-01-17,HOSP_JED_02,IV_Fluids,18.6,59.9,0,None,123,306
2025-01-18,HOSP_JED_02,IV_Fluids,23.5,67.11,0,None,149,373
2025-01-19,HOSP_JED_02,IV_Fluids,20.3,72.06,0,None,144,360
2025-01-20,HOSP_JED_02,IV_Fluids,24.0,94.17,0,None,145,363
2025-01-21,HOSP_JED_02,IV_Fluids,22.5,77.62,0,None,176,439
2025-01-22,HOSP_JED_02,IV_Fluids,24.9,68.47,0,None,145,363
2025-01-23,HOSP_JED_02,IV_Fluids,24.7,83.27,0,None,166,414
2025-01-24,HOSP_JED_02,IV_Fluids,23.2,64.99,0,None,161,402
2025-01-25,HOSP_JED_02,IV_Fluids,18.2,76.33,0,None,140,350
2025-01-26,HOSP_JED_02,IV_Fluids,24.4,71.7,0,None,150,373
2025-01-27,HOSP_JED_02,IV_Fluids,26.9,72.89,0,None,138,344
2025-01-28,HOSP_JED_02,IV_Fluids,18.9,72.46,0,None,154,384
2025-01-29,HOSP_JED_02,IV_Fluids,18.6,69.72,0,None,147,368
2025-01-30,HOSP_JED_02,IV_Fluids,18.9,68.84,0,None,139,348
2025-01-31,HOSP_JED_02,IV_Fluids,18.6,59.93,1,Sandstorm/Dust_Storm,176,439
2025-02-01,HOSP_JED_02,IV_Fluids,22.9,82.63,0,None,140,350
2025-02-02,HOSP_JED_02,IV_Fluids,28.0,81.49,0,None,155,387
2025-02-03,HOSP_JED_02,IV_Fluids,12.7,79.01,0,None,128,320
2025-02-04,HOSP_JED_02,IV_Fluids,21.9,68.88,0,None,133,332
2025-02-05,HOSP_JED_02,IV_Fluids,24.1,83.24,0,None,148,369
2025-02-06,HOSP_JED_02,IV_Fluids,24.3,68.5,0,None,154,386
2025-02-07,HOSP_JED_02,IV_Fluids,30.9,86.24,0,None,159,396
2025-02-08,HOSP_JED_02,IV_Fluids,26.1,68.32,0,None,143,356
2025-02-09,HOSP_JED_02,IV_Fluids,17.9,91.89,0,None,142,354
2025-02-10,HOSP_JED_02,IV_Fluids,27.2,101.43,0,None,125,312
2025-02-11,HOSP_JED_02,IV_Fluids,23.6,72.58,0,None,134,336
2025-02-12,HOSP_JED_02,IV_Fluids,22.7,54.41,0,None,160,398
2025-02-13,HOSP_JED_02,IV_Fluids,26.3,77.94,0,None,143,360
2025-02-14,HOSP_JED_02,IV_Fluids,26.8,77.13,0,None,149,371
2025-02-15,HOSP_JED_02,IV_Fluids,19.8,92.41,0,None,145,361
2025-02-16,HOSP_JED_02,IV_Fluids,16.2,79.6,0,None,145,361
2025-02-17,HOSP_JED_02,IV_Fluids,26.5,59.98,0,None,128,320
2025-02-18,HOSP_JED_02,IV_Fluids,19.1,76.03,0,None,168,421
2025-02-19,HOSP_JED_02,IV_Fluids,18.8,77.97,0,None,138,345
2025-02-20,HOSP_JED_02,IV_Fluids,18.2,73.09,0,None,139,348
2025-02-21,HOSP_JED_02,IV_Fluids,21.8,96.81,0,None,126,314
2025-02-22,HOSP_JED_02,IV_Fluids,24.3,74.84,0,None,145,361
2025-02-23,HOSP_JED_02,IV_Fluids,20.4,67.11,0,None,155,387
2025-02-24,HOSP_JED_02,IV_Fluids,25.0,79.74,0,None,146,367
2025-02-25,HOSP_JED_02,IV_Fluids,24.7,70.52,0,None,152,379
2025-02-26,HOSP_JED_02,IV_Fluids,30.7,80.18,0,None,159,398
2025-02-27,HOSP_JED_02,IV_Fluids,16.9,70.87,0,None,165,411
2025-02-28,HOSP_JED_02,IV_Fluids,27.1,86.11,0,None,130,326
2025-03-01,HOSP_JED_02,IV_Fluids,24.8,48.38,0,None,124,310
2025-03-02,HOSP_JED_02,IV_Fluids,19.5,30.1,0,None,133,331
2025-03-03,HOSP_JED_02,IV_Fluids,23.6,59.22,0,None,133,332
2025-03-04,HOSP_JED_02,IV_Fluids,26.8,50.34,1,Sandstorm/Dust_Storm,162,404
2025-03-05,HOSP_JED_02,IV_Fluids,26.2,57.44,0,None,118,294
2025-03-06,HOSP_JED_02,IV_Fluids,26.2,55.24,0,None,96,240
2025-03-07,HOSP_JED_02,IV_Fluids,26.9,69.33,0,None,117,292
2025-03-08,HOSP_JED_02,IV_Fluids,23.0,61.39,0,None,105,262
2025-03-09,HOSP_JED_02,IV_Fluids,25.3,42.19,0,None,151,377
2025-03-10,HOSP_JED_02,IV_Fluids,25.8,43.16,0,None,105,262
2025-03-11,HOSP_JED_02,IV_Fluids,30.0,56.81,0,None,116,290
2025-03-12,HOSP_JED_02,IV_Fluids,23.7,59.03,0,None,100,251
2025-03-13,HOSP_JED_02,IV_Fluids,23.6,53.6,0,None,110,276
2025-03-14,HOSP_JED_02,IV_Fluids,20.5,40.26,0,None,109,271
2025-03-15,HOSP_JED_02,IV_Fluids,22.9,51.75,0,None,133,332
2025-03-16,HOSP_JED_02,IV_Fluids,20.0,39.31,0,None,118,295
2025-03-17,HOSP_JED_02,IV_Fluids,18.1,35.15,0,None,104,261
2025-03-18,HOSP_JED_02,IV_Fluids,32.9,51.01,0,None,110,274
2025-03-19,HOSP_JED_02,IV_Fluids,20.7,51.52,0,None,124,308
2025-03-20,HOSP_JED_02,IV_Fluids,22.7,67.45,1,Sandstorm/Dust_Storm,147,367
2025-03-21,HOSP_JED_02,IV_Fluids,23.0,42.15,0,None,83,206
2025-03-22,HOSP_JED_02,IV_Fluids,18.4,44.72,0,None,110,275
2025-03-23,HOSP_JED_02,IV_Fluids,26.1,35.26,0,None,91,228
2025-03-24,HOSP_JED_02,IV_Fluids,30.0,41.44,0,None,123,309
2025-03-25,HOSP_JED_02,IV_Fluids,23.2,42.42,0,None,127,315
2025-03-26,HOSP_JED_02,IV_Fluids,28.4,63.2,0,None,111,277
2025-03-27,HOSP_JED_02,IV_Fluids,18.3,54.94,0,None,114,285
2025-03-28,HOSP_JED_02,IV_Fluids,17.6,52.54,0,None,112,278
2025-03-29,HOSP_JED_02,IV_Fluids,19.5,51.64,0,None,129,323
2025-03-30,HOSP_JED_02,IV_Fluids,19.0,46.84,0,None,123,306
2025-03-31,HOSP_JED_02,IV_Fluids,24.2,49.6,0,None,116,289
2025-04-01,HOSP_JED_02,IV_Fluids,28.8,40.81,0,None,105,263
2025-04-02,HOSP_JED_02,IV_Fluids,25.5,32.64,0,None,124,308
2025-04-03,HOSP_JED_02,IV_Fluids,24.9,38.01,0,None,126,313
2025-04-04,HOSP_JED_02,IV_Fluids,24.5,32.82,0,None,141,351
2025-04-05,HOSP_JED_02,IV_Fluids,23.2,46.96,0,None,121,301
2025-04-06,HOSP_JED_02,IV_Fluids,24.7,39.91,0,None,132,329
2025-04-07,HOSP_JED_02,IV_Fluids,17.5,52.17,0,None,125,313
2025-04-08,HOSP_JED_02,IV_Fluids,20.8,58.89,0,None,115,287
2025-04-09,HOSP_JED_02,IV_Fluids,22.4,50.63,0,None,127,318
2025-04-10,HOSP_JED_02,IV_Fluids,24.7,31.37,0,None,131,328
2025-04-11,HOSP_JED_02,IV_Fluids,25.0,48.49,1,Sandstorm/Dust_Storm,168,420
2025-04-12,HOSP_JED_02,IV_Fluids,20.9,59.04,0,None,135,338
2025-04-13,HOSP_JED_02,IV_Fluids,22.6,69.8,0,None,136,337
2025-04-14,HOSP_JED_02,IV_Fluids,21.0,48.41,0,None,128,319
2025-04-15,HOSP_JED_02,IV_Fluids,22.1,56.98,0,None,120,301
2025-04-16,HOSP_JED_02,IV_Fluids,15.5,44.97,0,None,109,271
2025-04-17,HOSP_JED_02,IV_Fluids,18.8,44.55,0,None,138,344
2025-04-18,HOSP_JED_02,IV_Fluids,22.4,37.56,0,None,109,273
2025-04-19,HOSP_JED_02,IV_Fluids,18.4,45.52,0,None,125,312
2025-04-20,HOSP_JED_02,IV_Fluids,21.0,48.9,0,None,106,265
2025-04-21,HOSP_JED_02,IV_Fluids,21.7,47.56,0,None,109,271
2025-04-22,HOSP_JED_02,IV_Fluids,13.9,50.41,0,None,127,317
2025-04-23,HOSP_JED_02,IV_Fluids,22.8,50.46,0,None,137,341
2025-04-24,HOSP_JED_02,IV_Fluids,24.4,51.78,0,None,110,276
2025-04-25,HOSP_JED_02,IV_Fluids,25.8,57.65,0,None,139,347
2025-04-26,HOSP_JED_02,IV_Fluids,27.1,44.68,0,None,113,283
2025-04-27,HOSP_JED_02,IV_Fluids,25.4,41.44,0,None,130,325
2025-04-28,HOSP_JED_02,IV_Fluids,23.1,61.41,0,None,123,308
2025-04-29,HOSP_JED_02,IV_Fluids,24.4,46.69,0,None,129,321
2025-04-30,HOSP_JED_02,IV_Fluids,21.5,46.64,0,None,128,320
2025-05-01,HOSP_JED_02,IV_Fluids,18.9,47.1,0,None,110,274
2025-05-02,HOSP_JED_02,IV_Fluids,27.5,30.08,1,Sandstorm/Dust_Storm,172,431
2025-05-03,HOSP_JED_02,IV_Fluids,28.1,49.45,0,None,121,303
2025-05-04,HOSP_JED_02,IV_Fluids,29.9,55.32,0,None,109,272
2025-05-05,HOSP_JED_02,IV_Fluids,25.5,56.09,0,None,125,314
2025-05-06,HOSP_JED_02,IV_Fluids,19.0,50.05,0,None,137,342
2025-05-07,HOSP_JED_02,IV_Fluids,25.7,49.99,0,None,127,317
2025-05-08,HOSP_JED_02,IV_Fluids,18.2,46.42,0,None,157,392
2025-05-09,HOSP_JED_02,IV_Fluids,25.5,48.78,0,None,115,288
2025-05-10,HOSP_JED_02,IV_Fluids,26.1,61.43,0,None,120,298
2025-05-11,HOSP_JED_02,IV_Fluids,19.8,36.77,0,None,133,332
2025-05-12,HOSP_JED_02,IV_Fluids,25.2,55.77,0,None,150,374
2025-05-13,HOSP_JED_02,IV_Fluids,24.6,54.8,0,None,104,260
2025-05-14,HOSP_JED_02,IV_Fluids,28.2,52.0,0,None,115,290
2025-05-15,HOSP_JED_02,IV_Fluids,24.0,48.84,0,None,106,266
2025-05-16,HOSP_JED_02,IV_Fluids,27.6,69.79,0,None,104,258
2025-05-17,HOSP_JED_02,IV_Fluids,30.0,37.69,0,None,118,295
2025-05-18,HOSP_JED_02,IV_Fluids,15.0,43.27,0,None,114,284
2025-05-19,HOSP_JED_02,IV_Fluids,18.2,68.56,0,None,136,338
2025-05-20,HOSP_JED_02,IV_Fluids,21.3,54.04,0,None,118,293
2025-05-21,HOSP_JED_02,IV_Fluids,31.3,63.06,0,None,129,322
2025-05-22,HOSP_JED_02,IV_Fluids,27.0,52.44,0,None,117,292
2025-05-23,HOSP_JED_02,IV_Fluids,16.3,49.2,0,None,107,267
2025-05-24,HOSP_JED_02,IV_Fluids,22.1,37.91,0,None,119,296
2025-05-25,HOSP_JED_02,IV_Fluids,26.0,39.63,0,None,112,280
2025-05-26,HOSP_JED_02,IV_Fluids,25.1,64.91,0,None,129,322
2025-05-27,HOSP_JED_02,IV_Fluids,23.0,51.44,0,None,131,328
2025-05-28,HOSP_JED_02,IV_Fluids,21.4,43.26,0,None,130,324
2025-05-29,HOSP_JED_02,IV_Fluids,21.5,43.01,0,None,133,332
2025-05-30,HOSP_JED_02,IV_Fluids,22.2,57.47,0,None,133,333
2025-05-31,HOSP_JED_02,IV_Fluids,22.5,45.6,0,None,108,270
2025-06-01,HOSP_JED_02,IV_Fluids,40.4,68.65,0,None,107,267
2025-06-02,HOSP_JED_02,IV_Fluids,43.7,47.78,0,None,102,254
2025-06-03,HOSP_JED_02,IV_Fluids,35.1,55.32,0,None,117,290
2025-06-04,HOSP_JED_02,IV_Fluids,39.2,34.36,0,None,110,273
2025-06-05,HOSP_JED_02,IV_Fluids,38.0,36.95,0,None,102,254
2025-06-06,HOSP_JED_02,IV_Fluids,39.9,39.31,0,None,117,293
2025-06-07,HOSP_JED_02,IV_Fluids,40.8,44.51,0,None,106,263
2025-06-08,HOSP_JED_02,IV_Fluids,32.7,33.54,0,None,108,270
2025-06-09,HOSP_JED_02,IV_Fluids,36.4,49.92,0,None,100,250
2025-06-10,HOSP_JED_02,IV_Fluids,38.2,49.52,1,Sandstorm/Dust_Storm,163,407
2025-06-11,HOSP_JED_02,IV_Fluids,43.2,35.82,1,Heatwave,142,415
2025-06-12,HOSP_JED_02,IV_Fluids,45.3,60.19,0,None,133,332
2025-06-13,HOSP_JED_02,IV_Fluids,32.9,58.06,0,None,131,326
2025-06-14,HOSP_JED_02,IV_Fluids,41.8,44.75,0,None,106,266
2025-06-15,HOSP_JED_02,IV_Fluids,42.3,50.26,0,None,83,207
2025-06-16,HOSP_JED_02,IV_Fluids,41.2,45.31,1,Heatwave,160,460
2025-06-17,HOSP_JED_02,IV_Fluids,36.1,38.64,0,None,118,294
2025-06-18,HOSP_JED_02,IV_Fluids,34.9,51.85,1,Sandstorm/Dust_Storm,177,443
2025-06-19,HOSP_JED_02,IV_Fluids,37.8,36.9,0,None,115,285
2025-06-20,HOSP_JED_02,IV_Fluids,42.0,60.16,0,None,131,327
2025-06-21,HOSP_JED_02,IV_Fluids,37.0,57.61,0,None,108,267
2025-06-22,HOSP_JED_02,IV_Fluids,34.1,70.5,0,None,121,303
2025-06-23,HOSP_JED_02,IV_Fluids,45.1,37.97,0,None,109,273
2025-06-24,HOSP_JED_02,IV_Fluids,34.2,56.55,0,None,118,293
2025-06-25,HOSP_JED_02,IV_Fluids,36.4,68.95,1,Sandstorm/Dust_Storm,181,454
2025-06-26,HOSP_JED_02,IV_Fluids,39.2,54.87,0,None,111,277
2025-06-27,HOSP_JED_02,IV_Fluids,37.2,44.69,0,None,115,288
2025-06-28,HOSP_JED_02,IV_Fluids,36.6,44.58,0,None,115,288
2025-06-29,HOSP_JED_02,IV_Fluids,40.8,36.0,0,None,120,299
2025-06-30,HOSP_JED_02,IV_Fluids,35.3,46.87,0,None,122,304
2025-07-01,HOSP_JED_02,IV_Fluids,33.1,40.23,0,None,117,292
2025-07-02,HOSP_JED_02,IV_Fluids,36.3,57.54,0,None,101,252
2025-07-03,HOSP_JED_02,IV_Fluids,33.7,40.5,0,None,136,339
2025-07-04,HOSP_JED_02,IV_Fluids,37.5,48.72,0,None,106,265
2025-07-05,HOSP_JED_02,IV_Fluids,41.6,45.68,0,None,98,244
2025-07-06,HOSP_JED_02,IV_Fluids,42.3,29.09,0,None,116,290
2025-07-07,HOSP_JED_02,IV_Fluids,43.3,39.86,0,None,129,321
2025-07-08,HOSP_JED_02,IV_Fluids,42.0,50.16,0,None,116,290
2025-07-09,HOSP_JED_02,IV_Fluids,46.5,46.66,0,None,120,299
2025-07-10,HOSP_JED_02,IV_Fluids,38.8,61.99,0,None,107,267
2025-07-11,HOSP_JED_02,IV_Fluids,39.3,59.13,0,None,108,270
2025-07-12,HOSP_JED_02,IV_Fluids,44.6,59.07,0,None,120,301
2025-07-13,HOSP_JED_02,IV_Fluids,34.4,59.37,0,None,132,330
2025-07-14,HOSP_JED_02,IV_Fluids,33.9,40.14,0,None,103,258
2025-07-15,HOSP_JED_02,IV_Fluids,39.0,69.65,0,None,115,287
2025-07-16,HOSP_JED_02,IV_Fluids,33.2,60.65,0,None,124,309
2025-07-17,HOSP_JED_02,IV_Fluids,46.2,49.87,0,None,130,323
2025-07-18,HOSP_JED_02,IV_Fluids,33.1,49.36,0,None,108,270
2025-07-19,HOSP_JED_02,IV_Fluids,39.4,49.47,0,None,110,275
2025-07-20,HOSP_JED_02,IV_Fluids,33.5,39.58,0,None,129,322
2025-07-21,HOSP_JED_02,IV_Fluids,39.5,54.49,0,None,112,281
2025-07-22,HOSP_JED_02,IV_Fluids,32.3,53.56,0,None,132,329
2025-07-23,HOSP_JED_02,IV_Fluids,40.1,50.79,0,None,113,284
2025-07-24,HOSP_JED_02,IV_Fluids,41.2,46.94,0,None,106,265
2025-07-25,HOSP_JED_02,IV_Fluids,37.1,54.54,0,None,119,296
2025-07-26,HOSP_JED_02,IV_Fluids,34.7,52.39,0,None,124,311
2025-07-27,HOSP_JED_02,IV_Fluids,37.9,51.61,0,None,122,305
2025-07-28,HOSP_JED_02,IV_Fluids,41.5,60.94,1,Heatwave,145,421
2025-07-29,HOSP_JED_02,IV_Fluids,34.5,45.74,0,None,126,315
2025-07-30,HOSP_JED_02,IV_Fluids,43.1,57.61,0,None,117,294
2025-07-31,HOSP_JED_02,IV_Fluids,34.2,37.56,0,None,121,303
2025-08-01,HOSP_JED_02,IV_Fluids,39.5,54.43,0,None,121,303
2025-08-02,HOSP_JED_02,IV_Fluids,35.2,42.44,0,None,136,340
2025-08-03,HOSP_JED_02,IV_Fluids,34.7,36.2,0,None,115,287
2025-08-04,HOSP_JED_02,IV_Fluids,41.7,65.68,0,None,127,317
2025-08-05,HOSP_JED_02,IV_Fluids,36.9,59.37,0,None,111,277
2025-08-06,HOSP_JED_02,IV_Fluids,39.6,41.88,0,None,144,360
2025-08-07,HOSP_JED_02,IV_Fluids,40.9,51.58,0,None,133,331
2025-08-08,HOSP_JED_02,IV_Fluids,37.2,61.18,0,None,90,223
2025-08-09,HOSP_JED_02,IV_Fluids,29.9,47.06,0,None,119,298
2025-08-10,HOSP_JED_02,IV_Fluids,34.7,47.21,0,None,104,259
2025-08-11,HOSP_JED_02,IV_Fluids,37.8,50.24,0,None,122,305
2025-08-12,HOSP_JED_02,IV_Fluids,40.7,45.14,0,None,121,302
2025-08-13,HOSP_JED_02,IV_Fluids,38.7,64.62,0,None,127,316
2025-08-14,HOSP_JED_02,IV_Fluids,36.5,56.01,0,None,126,314
2025-08-15,HOSP_JED_02,IV_Fluids,36.7,46.52,0,None,113,283
2025-08-16,HOSP_JED_02,IV_Fluids,39.7,53.89,0,None,115,287
2025-08-17,HOSP_JED_02,IV_Fluids,34.9,36.37,0,None,100,248
2025-08-18,HOSP_JED_02,IV_Fluids,44.1,56.58,0,None,120,301
2025-08-19,HOSP_JED_02,IV_Fluids,37.2,27.39,0,None,116,290
2025-08-20,HOSP_JED_02,IV_Fluids,34.6,50.1,0,None,111,278
2025-08-21,HOSP_JED_02,IV_Fluids,36.7,47.86,0,None,105,261
2025-08-22,HOSP_JED_02,IV_Fluids,39.6,54.56,0,None,123,306
2025-08-23,HOSP_JED_02,IV_Fluids,40.2,57.55,0,None,106,266
2025-08-24,HOSP_JED_02,IV_Fluids,34.8,49.79,0,None,130,325
2025-08-25,HOSP_JED_02,IV_Fluids,42.3,46.19,1,Heatwave,157,450
2025-08-26,HOSP_JED_02,IV_Fluids,44.1,40.77,0,None,104,260
2025-08-27,HOSP_JED_02,IV_Fluids,46.2,39.93,0,None,111,277
2025-08-28,HOSP_JED_02,IV_Fluids,37.6,68.97,0,None,112,280
2025-08-29,HOSP_JED_02,IV_Fluids,38.0,57.11,0,None,118,295
2025-08-30,HOSP_JED_02,IV_Fluids,33.8,52.25,0,None,127,317
2025-08-31,HOSP_JED_02,IV_Fluids,29.9,54.48,0,None,95,240
2025-09-01,HOSP_JED_02,IV_Fluids,21.9,56.64,0,None,145,362
2025-09-02,HOSP_JED_02,IV_Fluids,23.7,71.42,0,None,116,291
2025-09-03,HOSP_JED_02,IV_Fluids,26.1,44.02,0,None,116,289
2025-09-04,HOSP_JED_02,IV_Fluids,21.7,50.88,0,None,114,283
2025-09-05,HOSP_JED_02,IV_Fluids,21.8,40.36,0,None,131,326
2025-09-06,HOSP_JED_02,IV_Fluids,21.8,53.98,0,None,116,290
2025-09-07,HOSP_JED_02,IV_Fluids,22.0,50.09,0,None,116,289
2025-09-08,HOSP_JED_02,IV_Fluids,18.7,81.32,0,None,121,302
2025-09-09,HOSP_JED_02,IV_Fluids,23.0,58.84,0,None,125,311
2025-09-10,HOSP_JED_02,IV_Fluids,17.2,64.36,0,None,131,327
2025-09-11,HOSP_JED_02,IV_Fluids,19.5,48.97,0,None,111,279
2025-09-12,HOSP_JED_02,IV_Fluids,28.2,49.59,0,None,109,271
2025-09-13,HOSP_JED_02,IV_Fluids,16.5,52.47,0,None,123,308
2025-09-14,HOSP_JED_02,IV_Fluids,31.1,52.15,0,None,107,267
2025-09-15,HOSP_JED_02,IV_Fluids,14.7,41.6,0,None,129,322
2025-09-16,HOSP_JED_02,IV_Fluids,27.3,42.07,0,None,115,286
2025-09-17,HOSP_JED_02,IV_Fluids,27.9,54.49,0,None,130,324
2025-09-18,HOSP_JED_02,IV_Fluids,17.4,52.14,0,None,106,265
2025-09-19,HOSP_JED_02,IV_Fluids,18.3,64.05,0,None,127,320
2025-09-20,HOSP_JED_02,IV_Fluids,17.8,36.22,0,None,116,289
2025-09-21,HOSP_JED_02,IV_Fluids,20.2,42.71,0,None,106,264
2025-09-22,HOSP_JED_02,IV_Fluids,27.0,46.96,0,None,116,289
2025-09-23,HOSP_JED_02,IV_Fluids,21.8,54.17,0,None,126,315
2025-09-24,HOSP_JED_02,IV_Fluids,24.9,64.29,0,None,106,265
2025-09-25,HOSP_JED_02,IV_Fluids,18.3,52.93,0,None,122,305
2025-09-26,HOSP_JED_02,IV_Fluids,22.8,21.84,0,None,123,307
2025-09-27,HOSP_JED_02,IV_Fluids,28.1,61.95,0,None,114,285
2025-09-28,HOSP_JED_02,IV_Fluids,22.6,40.72,0,None,146,364
2025-09-29,HOSP_JED_02,IV_Fluids,29.1,60.26,0,None,122,306
2025-09-30,HOSP_JED_02,IV_Fluids,23.0,53.22,0,None,143,357
2025-10-01,HOSP_JED_02,IV_Fluids,19.5,46.62,0,None,119,295
2025-10-02,HOSP_JED_02,IV_Fluids,27.5,64.59,0,None,116,291
2025-10-03,HOSP_JED_02,IV_Fluids,26.7,60.3,0,None,131,326
2025-10-04,HOSP_JED_02,IV_Fluids,29.8,44.69,0,None,132,331
2025-10-05,HOSP_JED_02,IV_Fluids,17.5,45.43,0,None,128,321
2025-10-06,HOSP_JED_02,IV_Fluids,20.8,47.46,0,None,130,325
2025-10-07,HOSP_JED_02,IV_Fluids,22.9,39.69,0,None,129,321
2025-10-08,HOSP_JED_02,IV_Fluids,17.7,48.55,0,None,130,325
2025-10-09,HOSP_JED_02,IV_Fluids,17.5,28.7,0,None,133,333
2025-10-10,HOSP_JED_02,IV_Fluids,27.3,48.73,0,None,128,319
2025-10-11,HOSP_JED_02,IV_Fluids,18.2,46.22,0,None,123,306
2025-10-12,HOSP_JED_02,IV_Fluids,14.2,43.4,0,None,111,278
2025-10-13,HOSP_JED_02,IV_Fluids,19.9,37.68,0,None,143,355
2025-10-14,HOSP_JED_02,IV_Fluids,23.4,45.49,0,None,123,307
2025-10-15,HOSP_JED_02,IV_Fluids,21.6,61.12,0,None,106,262
2025-10-16,HOSP_JED_02,IV_Fluids,24.5,37.02,0,None,105,262
2025-10-17,HOSP_JED_02,IV_Fluids,25.8,42.52,0,None,142,355
2025-10-18,HOSP_JED_02,IV_Fluids,26.4,68.92,0,None,93,232
2025-10-19,HOSP_JED_02,IV_Fluids,22.4,53.1,0,None,95,238
2025-10-20,HOSP_JED_02,IV_Fluids,17.3,49.5,0,None,131,328
2025-10-21,HOSP_JED_02,IV_Fluids,30.1,44.82,0,None,115,286
2025-10-22,HOSP_JED_02,IV_Fluids,22.9,42.77,0,None,127,317
2025-10-23,HOSP_JED_02,IV_Fluids,26.6,49.26,0,None,114,283
2025-10-24,HOSP_JED_02,IV_Fluids,30.1,58.31,0,None,128,320
2025-10-25,HOSP_JED_02,IV_Fluids,22.9,40.74,0,None,105,263
2025-10-26,HOSP_JED_02,IV_Fluids,29.7,35.52,0,None,100,247
2025-10-27,HOSP_JED_02,IV_Fluids,28.8,56.99,0,None,117,292
2025-10-28,HOSP_JED_02,IV_Fluids,20.9,33.42,0,None,127,316
2025-10-29,HOSP_JED_02,IV_Fluids,24.3,45.61,0,None,122,305
2025-10-30,HOSP_JED_02,IV_Fluids,23.5,44.14,0,None,141,352
2025-10-31,HOSP_JED_02,IV_Fluids,28.5,51.06,0,None,118,294
2025-11-01,HOSP_JED_02,IV_Fluids,18.6,59.37,0,None,146,365
2025-11-02,HOSP_JED_02,IV_Fluids,24.8,81.75,0,None,137,342
2025-11-03,HOSP_JED_02,IV_Fluids,21.8,92.81,0,None,148,369
2025-11-04,HOSP_JED_02,IV_Fluids,16.7,73.8,0,None,150,377
2025-11-05,HOSP_JED_02,IV_Fluids,26.5,61.82,0,None,152,380
2025-11-06,HOSP_JED_02,IV_Fluids,27.6,93.59,0,None,149,373
2025-11-07,HOSP_JED_02,IV_Fluids,23.7,82.69,0,None,145,362
2025-11-08,HOSP_JED_02,IV_Fluids,29.0,62.87,0,None,148,370
2025-11-09,HOSP_JED_02,IV_Fluids,19.2,62.32,0,None,151,378
2025-11-10,HOSP_JED_02,IV_Fluids,25.6,62.54,0,None,146,366
2025-11-11,HOSP_JED_02,IV_Fluids,24.9,102.64,0,None,152,380
2025-11-12,HOSP_JED_02,IV_Fluids,23.5,98.52,0,None,141,351
2025-11-13,HOSP_JED_02,IV_Fluids,23.9,82.32,1,Sandstorm/Dust_Storm,176,439
2025-11-14,HOSP_JED_02,IV_Fluids,19.2,63.03,0,None,148,370
2025-11-15,HOSP_JED_02,IV_Fluids,21.4,80.5,0,None,137,341
2025-11-16,HOSP_JED_02,IV_Fluids,26.3,81.8,0,None,149,372
2025-11-17,HOSP_JED_02,IV_Fluids,20.0,85.41,0,None,134,334
2025-11-18,HOSP_JED_02,IV_Fluids,20.9,71.29,0,None,161,404
2025-11-19,HOSP_JED_02,IV_Fluids,27.4,92.95,0,None,143,357
2025-11-20,HOSP_JED_02,IV_Fluids,23.6,67.44,0,None,142,357
2025-11-21,HOSP_JED_02,IV_Fluids,29.1,70.64,0,None,137,341
2025-11-22,HOSP_JED_02,IV_Fluids,23.0,90.71,0,None,144,361
2025-11-23,HOSP_JED_02,IV_Fluids,17.5,58.32,0,None,156,391
2025-11-24,HOSP_JED_02,IV_Fluids,29.2,78.66,0,None,152,378
2025-11-25,HOSP_JED_02,IV_Fluids,21.7,74.56,0,None,149,373
2025-11-26,HOSP_JED_02,IV_Fluids,21.0,79.67,0,None,131,326
2025-11-27,HOSP_JED_02,IV_Fluids,21.9,77.79,0,None,156,390
2025-11-28,HOSP_JED_02,IV_Fluids,28.7,87.13,0,None,144,360
2025-11-29,HOSP_JED_02,IV_Fluids,23.9,75.94,0,None,136,338
2025-11-30,HOSP_JED_02,IV_Fluids,28.5,81.5,0,None,124,310
2025-12-01,HOSP_JED_02,IV_Fluids,17.0,77.73,0,None,146,364
2025-12-02,HOSP_JED_02,IV_Fluids,24.1,86.23,0,None,149,373
2025-12-03,HOSP_JED_02,IV_Fluids,20.9,76.27,1,Sandstorm/Dust_Storm,195,488
2025-12-04,HOSP_JED_02,IV_Fluids,23.2,84.17,0,None,139,346
2025-12-05,HOSP_JED_02,IV_Fluids,21.1,78.59,0,None,138,345
2025-12-06,HOSP_JED_02,IV_Fluids,24.4,62.67,1,Sandstorm/Dust_Storm,170,424
2025-12-07,HOSP_JED_02,IV_Fluids,28.0,69.56,0,None,161,401
2025-12-08,HOSP_JED_02,IV_Fluids,25.4,78.06,0,None,152,378
2025-12-09,HOSP_JED_02,IV_Fluids,27.2,103.87,0,None,139,347
2025-12-10,HOSP_JED_02,IV_Fluids,21.6,73.64,0,None,142,353
2025-12-11,HOSP_JED_02,IV_Fluids,24.8,62.59,0,None,150,375
2025-12-12,HOSP_JED_02,IV_Fluids,18.6,73.67,0,None,140,350
2025-12-13,HOSP_JED_02,IV_Fluids,23.0,83.21,0,None,144,361
2025-12-14,HOSP_JED_02,IV_Fluids,26.1,77.95,0,None,127,319
2025-12-15,HOSP_JED_02,IV_Fluids,31.6,47.59,0,None,157,392
2025-12-16,HOSP_JED_02,IV_Fluids,25.1,71.16,0,None,144,360
2025-12-17,HOSP_JED_02,IV_Fluids,22.5,75.0,0,None,137,342
2025-12-18,HOSP_JED_02,IV_Fluids,28.3,71.34,0,None,142,354
2025-12-19,HOSP_JED_02,IV_Fluids,20.9,50.72,0,None,147,368
2025-12-20,HOSP_JED_02,IV_Fluids,20.8,66.54,0,None,171,426
2025-12-21,HOSP_JED_02,IV_Fluids,19.9,83.79,0,None,169,423
2025-12-22,HOSP_JED_02,IV_Fluids,21.1,80.39,0,None,144,362
2025-12-23,HOSP_JED_02,IV_Fluids,25.3,77.68,0,None,155,387
2025-12-24,HOSP_JED_02,IV_Fluids,18.1,72.23,0,None,147,366
2025-12-25,HOSP_JED_02,IV_Fluids,23.5,76.22,0,None,153,381
2025-12-26,HOSP_JED_02,IV_Fluids,24.7,75.22,0,None,166,415
2025-12-27,HOSP_JED_02,IV_Fluids,19.4,81.74,0,None,126,315
2025-12-28,HOSP_JED_02,IV_Fluids,18.8,78.76,0,None,129,321
2025-12-29,HOSP_JED_02,IV_Fluids,14.3,73.56,0,None,151,378
2025-12-30,HOSP_JED_02,IV_Fluids,25.9,108.45,0,None,138,346
2025-12-31,HOSP_JED_02,IV_Fluids,29.1,69.3,0,None,150,374
2026-01-01,HOSP_JED_02,IV_Fluids,19.4,66.24,0,None,135,337
2024-01-01,HOSP_JED_02,Antibiotics,20.2,70.59,0,None,135,254
2024-01-02,HOSP_JED_02,Antibiotics,23.8,70.76,0,None,154,287
2024-01-03,HOSP_JED_02,Antibiotics,14.5,60.59,0,None,130,244
2024-01-04,HOSP_JED_02,Antibiotics,21.3,68.29,0,None,146,272
2024-01-05,HOSP_JED_02,Antibiotics,26.8,92.52,0,None,147,276
2024-01-06,HOSP_JED_02,Antibiotics,26.4,74.71,0,None,128,238
2024-01-07,HOSP_JED_02,Antibiotics,24.9,91.68,0,None,130,246
2024-01-08,HOSP_JED_02,Antibiotics,22.1,78.98,0,None,136,253
2024-01-09,HOSP_JED_02,Antibiotics,27.6,62.9,1,Sandstorm/Dust_Storm,178,329
2024-01-10,HOSP_JED_02,Antibiotics,20.9,70.13,0,None,124,231
2024-01-11,HOSP_JED_02,Antibiotics,25.0,74.43,0,None,135,251
2024-01-12,HOSP_JED_02,Antibiotics,14.1,84.89,0,None,154,286
2024-01-13,HOSP_JED_02,Antibiotics,23.0,72.62,0,None,137,257
2024-01-14,HOSP_JED_02,Antibiotics,25.2,73.24,0,None,154,287
2024-01-15,HOSP_JED_02,Antibiotics,20.0,75.44,0,None,152,283
2024-01-16,HOSP_JED_02,Antibiotics,15.5,73.98,0,None,130,244
2024-01-17,HOSP_JED_02,Antibiotics,21.3,81.37,0,None,152,284
2024-01-18,HOSP_JED_02,Antibiotics,21.8,92.23,0,None,142,264
2024-01-19,HOSP_JED_02,Antibiotics,18.6,71.48,0,None,124,234
2024-01-20,HOSP_JED_02,Antibiotics,30.5,76.11,0,None,148,275
2024-01-21,HOSP_JED_02,Antibiotics,23.5,78.53,0,None,134,250
2024-01-22,HOSP_JED_02,Antibiotics,16.0,75.14,0,None,135,252
2024-01-23,HOSP_JED_02,Antibiotics,21.8,69.96,0,None,140,262
2024-01-24,HOSP_JED_02,Antibiotics,22.1,78.61,1,Sandstorm/Dust_Storm,194,359
2024-01-25,HOSP_JED_02,Antibiotics,23.0,73.48,0,None,160,297
2024-01-26,HOSP_JED_02,Antibiotics,28.0,74.18,0,None,126,237
2024-01-27,HOSP_JED_02,Antibiotics,20.6,82.68,0,None,167,310
2024-01-28,HOSP_JED_02,Antibiotics,27.5,81.6,0,None,130,244
2024-01-29,HOSP_JED_02,Antibiotics,17.0,89.79,0,None,136,253
2024-01-30,HOSP_JED_02,Antibiotics,35.0,62.85,0,None,155,289
2024-01-31,HOSP_JED_02,Antibiotics,13.7,79.92,1,Sandstorm/Dust_Storm,194,358
2024-02-01,HOSP_JED_02,Antibiotics,19.8,63.06,0,None,145,270
2024-02-02,HOSP_JED_02,Antibiotics,16.9,65.95,0,None,137,258
2024-02-03,HOSP_JED_02,Antibiotics,24.7,89.72,0,None,138,257
2024-02-04,HOSP_JED_02,Antibiotics,20.9,64.14,1,Sandstorm/Dust_Storm,190,351
2024-02-05,HOSP_JED_02,Antibiotics,25.3,54.77,0,None,135,254
2024-02-06,HOSP_JED_02,Antibiotics,22.8,67.69,0,None,134,249
2024-02-07,HOSP_JED_02,Antibiotics,18.6,93.77,0,None,141,263
2024-02-08,HOSP_JED_02,Antibiotics,24.2,84.08,0,None,147,273
2024-02-09,HOSP_JED_02,Antibiotics,20.1,59.16,0,None,152,284
2024-02-10,HOSP_JED_02,Antibiotics,21.3,71.73,0,None,128,240
2024-02-11,HOSP_JED_02,Antibiotics,26.3,70.79,0,None,158,293
2024-02-12,HOSP_JED_02,Antibiotics,18.5,70.9,1,Sandstorm/Dust_Storm,179,333
2024-02-13,HOSP_JED_02,Antibiotics,16.9,79.83,0,None,138,259
2024-02-14,HOSP_JED_02,Antibiotics,28.4,73.48,0,None,146,274
2024-02-15,HOSP_JED_02,Antibiotics,23.6,81.37,0,None,145,269
2024-02-16,HOSP_JED_02,Antibiotics,19.2,68.45,0,None,168,311
2024-02-17,HOSP_JED_02,Antibiotics,27.1,69.95,0,None,153,286
2024-02-18,HOSP_JED_02,Antibiotics,26.1,52.6,0,None,121,227
2024-02-19,HOSP_JED_02,Antibiotics,24.5,67.84,0,None,136,255
2024-02-20,HOSP_JED_02,Antibiotics,22.3,71.95,0,None,155,288
2024-02-21,HOSP_JED_02,Antibiotics,20.1,78.85,0,None,140,261
2024-02-22,HOSP_JED_02,Antibiotics,26.9,77.39,0,None,144,268
2024-02-23,HOSP_JED_02,Antibiotics,19.4,58.69,0,None,147,274
2024-02-24,HOSP_JED_02,Antibiotics,26.9,66.41,0,None,156,291
2024-02-25,HOSP_JED_02,Antibiotics,24.3,60.59,0,None,140,261
2024-02-26,HOSP_JED_02,Antibiotics,23.6,86.13,0,None,138,259
2024-02-27,HOSP_JED_02,Antibiotics,26.5,72.21,0,None,124,233
2024-02-28,HOSP_JED_02,Antibiotics,16.6,79.53,0,None,143,267
2024-02-29,HOSP_JED_02,Antibiotics,20.1,63.36,1,Sandstorm/Dust_Storm,194,360
2024-03-01,HOSP_JED_02,Antibiotics,25.1,47.9,0,None,123,231
2024-03-02,HOSP_JED_02,Antibiotics,27.1,31.5,0,None,115,217
2024-03-03,HOSP_JED_02,Antibiotics,23.1,75.04,0,None,106,199
2024-03-04,HOSP_JED_02,Antibiotics,23.5,52.51,0,None,127,238
2024-03-05,HOSP_JED_02,Antibiotics,25.4,37.33,0,None,123,231
2024-03-06,HOSP_JED_02,Antibiotics,15.8,40.55,0,None,128,240
2024-03-07,HOSP_JED_02,Antibiotics,17.1,43.9,0,None,118,224
2024-03-08,HOSP_JED_02,Antibiotics,29.5,47.88,1,Sandstorm/Dust_Storm,186,345
2024-03-09,HOSP_JED_02,Antibiotics,23.1,40.66,0,None,103,196
2024-03-10,HOSP_JED_02,Antibiotics,29.7,50.95,0,None,119,224
2024-03-11,HOSP_JED_02,Antibiotics,20.5,42.35,0,None,114,216
2024-03-12,HOSP_JED_02,Antibiotics,22.3,40.2,0,None,109,206
2024-03-13,HOSP_JED_02,Antibiotics,20.2,43.68,0,None,119,223
2024-03-14,HOSP_JED_02,Antibiotics,24.7,60.66,0,None,128,242
2024-03-15,HOSP_JED_02,Antibiotics,21.0,56.11,0,None,131,245
2024-03-16,HOSP_JED_02,Antibiotics,18.4,57.85,0,None,107,203
2024-03-17,HOSP_JED_02,Antibiotics,24.1,37.66,0,None,125,235
2024-03-18,HOSP_JED_02,Antibiotics,23.2,53.85,0,None,107,202
2024-03-19,HOSP_JED_02,Antibiotics,19.0,46.03,0,None,119,224
2024-03-20,HOSP_JED_02,Antibiotics,24.1,47.68,0,None,144,271
2024-03-21,HOSP_JED_02,Antibiotics,27.9,42.2,0,None,147,274
2024-03-22,HOSP_JED_02,Antibiotics,25.1,49.67,0,None,120,226
2024-03-23,HOSP_JED_02,Antibiotics,20.1,37.85,1,Sandstorm/Dust_Storm,149,279
2024-03-24,HOSP_JED_02,Antibiotics,23.8,57.52,0,None,121,229
2024-03-25,HOSP_JED_02,Antibiotics,24.3,53.85,0,None,112,209
2024-03-26,HOSP_JED_02,Antibiotics,28.7,37.52,0,None,116,219
2024-03-27,HOSP_JED_02,Antibiotics,24.5,51.01,0,None,116,218
2024-03-28,HOSP_JED_02,Antibiotics,18.7,38.25,0,None,117,221
2024-03-29,HOSP_JED_02,Antibiotics,24.9,50.87,0,None,122,229
2024-03-30,HOSP_JED_02,Antibiotics,30.9,51.57,0,None,124,233
2024-03-31,HOSP_JED_02,Antibiotics,26.5,50.28,0,None,96,183
2024-04-01,HOSP_JED_02,Antibiotics,20.7,49.44,0,None,122,230
2024-04-02,HOSP_JED_02,Antibiotics,28.5,41.63,0,None,131,246
2024-04-03,HOSP_JED_02,Antibiotics,13.8,63.24,0,None,137,258
2024-04-04,HOSP_JED_02,Antibiotics,24.0,46.64,0,None,118,222
2024-04-05,HOSP_JED_02,Antibiotics,16.7,57.83,0,None,105,199
2024-04-06,HOSP_JED_02,Antibiotics,28.7,68.32,0,None,103,194
2024-04-07,HOSP_JED_02,Antibiotics,14.7,49.8,0,None,128,241
2024-04-08,HOSP_JED_02,Antibiotics,21.9,45.26,1,Sandstorm/Dust_Storm,143,267
2024-04-09,HOSP_JED_02,Antibiotics,23.2,50.24,0,None,115,215
2024-04-10,HOSP_JED_02,Antibiotics,20.3,64.99,0,None,121,227
2024-04-11,HOSP_JED_02,Antibiotics,14.9,68.56,0,None,112,212
2024-04-12,HOSP_JED_02,Antibiotics,20.3,55.23,0,None,122,230
2024-04-13,HOSP_JED_02,Antibiotics,23.4,42.58,0,None,132,249
2024-04-14,HOSP_JED_02,Antibiotics,21.2,41.17,0,None,113,215
2024-04-15,HOSP_JED_02,Antibiotics,20.6,52.6,0,None,128,240
2024-04-16,HOSP_JED_02,Antibiotics,20.7,50.61,0,None,115,218
2024-04-17,HOSP_JED_02,Antibiotics,20.7,44.74,0,None,114,215
2024-04-18,HOSP_JED_02,Antibiotics,21.7,61.95,0,None,129,241
2024-04-19,HOSP_JED_02,Antibiotics,17.7,46.7,0,None,164,305
2024-04-20,HOSP_JED_02,Antibiotics,16.8,50.89,0,None,109,206
2024-04-21,HOSP_JED_02,Antibiotics,24.1,62.68,1,Sandstorm/Dust_Storm,129,242
2024-04-22,HOSP_JED_02,Antibiotics,17.9,44.66,0,None,108,205
2024-04-23,HOSP_JED_02,Antibiotics,25.4,35.69,0,None,121,228
2024-04-24,HOSP_JED_02,Antibiotics,29.8,46.62,0,None,131,246
2024-04-25,HOSP_JED_02,Antibiotics,25.5,55.35,0,None,113,211
2024-04-26,HOSP_JED_02,Antibiotics,32.5,36.1,0,None,112,210
2024-04-27,HOSP_JED_02,Antibiotics,29.3,53.8,0,None,125,234
2024-04-28,HOSP_JED_02,Antibiotics,19.7,40.35,0,None,117,220
2024-04-29,HOSP_JED_02,Antibiotics,21.3,39.87,0,None,122,229
2024-04-30,HOSP_JED_02,Antibiotics,23.5,75.19,0,None,123,232
2024-05-01,HOSP_JED_02,Antibiotics,20.9,49.78,0,None,128,240
2024-05-02,HOSP_JED_02,Antibiotics,23.4,47.1,0,None,121,226
2024-05-03,HOSP_JED_02,Antibiotics,28.5,43.71,0,None,94,179
2024-05-04,HOSP_JED_02,Antibiotics,17.6,63.12,0,None,142,266
2024-05-05,HOSP_JED_02,Antibiotics,31.0,56.36,0,None,101,190
2024-05-06,HOSP_JED_02,Antibiotics,23.6,58.21,0,None,129,243
2024-05-07,HOSP_JED_02,Antibiotics,26.6,40.92,0,None,134,250
2024-05-08,HOSP_JED_02,Antibiotics,25.5,43.89,0,None,124,235
2024-05-09,HOSP_JED_02,Antibiotics,24.4,65.82,0,None,123,229
2024-05-10,HOSP_JED_02,Antibiotics,23.4,51.13,0,None,117,220
2024-05-11,HOSP_JED_02,Antibiotics,25.7,49.44,0,None,131,247
2024-05-12,HOSP_JED_02,Antibiotics,23.7,40.57,0,None,114,215
2024-05-13,HOSP_JED_02,Antibiotics,17.9,49.14,0,None,134,250
2024-05-14,HOSP_JED_02,Antibiotics,24.1,38.95,0,None,116,217
2024-05-15,HOSP_JED_02,Antibiotics,20.2,43.0,0,None,135,253
2024-05-16,HOSP_JED_02,Antibiotics,23.9,55.33,0,None,106,199
2024-05-17,HOSP_JED_02,Antibiotics,21.4,44.64,0,None,122,229
2024-05-18,HOSP_JED_02,Antibiotics,27.6,46.03,0,None,119,224
2024-05-19,HOSP_JED_02,Antibiotics,20.6,35.66,0,None,91,174
2024-05-20,HOSP_JED_02,Antibiotics,17.6,57.62,0,None,116,218
2024-05-21,HOSP_JED_02,Antibiotics,23.9,40.21,0,None,108,205
2024-05-22,HOSP_JED_02,Antibiotics,18.3,52.72,0,None,129,240
2024-05-23,HOSP_JED_02,Antibiotics,26.5,58.81,0,None,137,256
2024-05-24,HOSP_JED_02,Antibiotics,21.6,45.89,0,None,139,259
2024-05-25,HOSP_JED_02,Antibiotics,18.4,41.65,0,None,141,262
2024-05-26,HOSP_JED_02,Antibiotics,21.0,49.2,0,None,123,232
2024-05-27,HOSP_JED_02,Antibiotics,27.2,52.73,0,None,125,234
2024-05-28,HOSP_JED_02,Antibiotics,17.8,46.5,0,None,123,230
2024-05-29,HOSP_JED_02,Antibiotics,16.3,50.22,0,None,98,186
2024-05-30,HOSP_JED_02,Antibiotics,24.6,49.94,0,None,118,224
2024-05-31,HOSP_JED_02,Antibiotics,16.6,50.66,0,None,110,208
2024-06-01,HOSP_JED_02,Antibiotics,33.3,46.16,0,None,118,223
2024-06-02,HOSP_JED_02,Antibiotics,34.8,44.26,0,None,103,194
2024-06-03,HOSP_JED_02,Antibiotics,36.2,49.42,0,None,105,200
2024-06-04,HOSP_JED_02,Antibiotics,45.2,38.98,0,None,139,260
2024-06-05,HOSP_JED_02,Antibiotics,38.4,45.11,0,None,119,224
2024-06-06,HOSP_JED_02,Antibiotics,36.9,53.05,0,None,115,219
2024-06-07,HOSP_JED_02,Antibiotics,31.3,48.28,0,None,132,248
2024-06-08,HOSP_JED_02,Antibiotics,39.2,35.62,0,None,78,150
2024-06-09,HOSP_JED_02,Antibiotics,37.6,40.14,0,None,117,220
2024-06-10,HOSP_JED_02,Antibiotics,34.7,41.17,0,None,129,242
2024-06-11,HOSP_JED_02,Antibiotics,33.7,37.92,0,None,102,194
2024-06-12,HOSP_JED_02,Antibiotics,43.2,40.6,0,None,117,221
2024-06-13,HOSP_JED_02,Antibiotics,46.4,29.21,0,None,122,229
2024-06-14,HOSP_JED_02,Antibiotics,44.4,48.29,0,None,129,241
2024-06-15,HOSP_JED_02,Antibiotics,41.6,48.2,0,None,114,213
2024-06-16,HOSP_JED_02,Antibiotics,32.8,62.31,0,None,113,214
2024-06-17,HOSP_JED_02,Antibiotics,38.5,42.99,0,None,114,214
2024-06-18,HOSP_JED_02,Antibiotics,46.1,49.93,0,None,113,212
2024-06-19,HOSP_JED_02,Antibiotics,35.0,38.54,0,None,127,238
2024-06-20,HOSP_JED_02,Antibiotics,36.1,37.27,0,None,118,222
2024-06-21,HOSP_JED_02,Antibiotics,32.5,56.45,0,None,127,236
2024-06-22,HOSP_JED_02,Antibiotics,28.8,51.07,0,None,138,258
2024-06-23,HOSP_JED_02,Antibiotics,35.7,54.6,0,None,130,244
2024-06-24,HOSP_JED_02,Antibiotics,40.6,42.46,0,None,110,208
2024-06-25,HOSP_JED_02,Antibiotics,39.2,30.42,0,None,106,200
2024-06-26,HOSP_JED_02,Antibiotics,41.5,40.71,0,None,126,234
2024-06-27,HOSP_JED_02,Antibiotics,34.5,51.57,1,Sandstorm/Dust_Storm,157,294
2024-06-28,HOSP_JED_02,Antibiotics,34.6,58.57,0,None,118,221
2024-06-29,HOSP_JED_02,Antibiotics,32.5,39.31,0,None,127,238
2024-06-30,HOSP_JED_02,Antibiotics,37.7,61.23,0,None,97,184
2024-07-01,HOSP_JED_02,Antibiotics,36.3,34.3,0,None,132,246
2024-07-02,HOSP_JED_02,Antibiotics,37.0,52.21,0,None,119,224
2024-07-03,HOSP_JED_02,Antibiotics,33.6,44.42,0,None,133,250
2024-07-04,HOSP_JED_02,Antibiotics,35.0,51.39,0,None,108,205
2024-07-05,HOSP_JED_02,Antibiotics,46.1,55.8,0,None,123,232
2024-07-06,HOSP_JED_02,Antibiotics,34.4,41.12,0,None,136,255
2024-07-07,HOSP_JED_02,Antibiotics,37.5,40.63,0,None,125,234
2024-07-08,HOSP_JED_02,Antibiotics,39.0,44.66,0,None,124,234
2024-07-09,HOSP_JED_02,Antibiotics,38.5,30.28,0,None,133,249
2024-07-10,HOSP_JED_02,Antibiotics,40.2,56.04,0,None,114,215
2024-07-11,HOSP_JED_02,Antibiotics,37.7,59.44,0,None,96,183
2024-07-12,HOSP_JED_02,Antibiotics,36.7,79.25,1,Sandstorm/Dust_Storm,169,313
2024-07-13,HOSP_JED_02,Antibiotics,43.9,53.74,0,None,109,206
2024-07-14,HOSP_JED_02,Antibiotics,39.8,35.41,0,None,110,209
2024-07-15,HOSP_JED_02,Antibiotics,34.0,68.77,0,None,125,234
2024-07-16,HOSP_JED_02,Antibiotics,36.8,34.54,0,None,139,260
2024-07-17,HOSP_JED_02,Antibiotics,34.4,59.86,0,None,134,250
2024-07-18,HOSP_JED_02,Antibiotics,41.5,37.5,0,None,116,217
2024-07-19,HOSP_JED_02,Antibiotics,41.1,43.26,0,None,119,223
2024-07-20,HOSP_JED_02,Antibiotics,35.7,44.93,0,None,129,243
2024-07-21,HOSP_JED_02,Antibiotics,37.1,40.3,0,None,133,249
2024-07-22,HOSP_JED_02,Antibiotics,39.2,50.88,0,None,107,203
2024-07-23,HOSP_JED_02,Antibiotics,40.6,36.55,0,None,118,221
2024-07-24,HOSP_JED_02,Antibiotics,40.1,62.71,0,None,160,297
2024-07-25,HOSP_JED_02,Antibiotics,41.3,43.74,0,None,117,221
2024-07-26,HOSP_JED_02,Antibiotics,34.3,61.3,0,None,124,232
2024-07-27,HOSP_JED_02,Antibiotics,34.3,46.4,0,None,115,217
2024-07-28,HOSP_JED_02,Antibiotics,36.5,40.59,0,None,95,179
2024-07-29,HOSP_JED_02,Antibiotics,37.2,47.66,0,None,116,219
2024-07-30,HOSP_JED_02,Antibiotics,33.3,60.18,0,None,126,237
2024-07-31,HOSP_JED_02,Antibiotics,33.5,59.05,0,None,149,278
2024-08-01,HOSP_JED_02,Antibiotics,32.7,46.58,0,None,139,260
2024-08-02,HOSP_JED_02,Antibiotics,33.7,42.23,0,None,117,221
2024-08-03,HOSP_JED_02,Antibiotics,38.0,48.15,1,Sandstorm/Dust_Storm,162,301
2024-08-04,HOSP_JED_02,Antibiotics,37.7,36.06,0,None,109,206
2024-08-05,HOSP_JED_02,Antibiotics,40.6,62.58,0,None,108,205
2024-08-06,HOSP_JED_02,Antibiotics,38.7,52.94,0,None,113,212
2024-08-07,HOSP_JED_02,Antibiotics,38.5,46.32,0,None,131,247
2024-08-08,HOSP_JED_02,Antibiotics,35.7,52.14,0,None,118,221
2024-08-09,HOSP_JED_02,Antibiotics,42.9,58.87,0,None,125,234
2024-08-10,HOSP_JED_02,Antibiotics,39.8,51.0,0,None,126,237
2024-08-11,HOSP_JED_02,Antibiotics,36.4,53.8,0,None,120,225
2024-08-12,HOSP_JED_02,Antibiotics,37.6,47.54,0,None,128,240
2024-08-13,HOSP_JED_02,Antibiotics,35.7,42.54,0,None,112,214
2024-08-14,HOSP_JED_02,Antibiotics,36.5,38.71,0,None,118,222
2024-08-15,HOSP_JED_02,Antibiotics,36.9,51.96,0,None,120,225
2024-08-16,HOSP_JED_02,Antibiotics,34.2,58.41,1,Sandstorm/Dust_Storm,159,295
2024-08-17,HOSP_JED_02,Antibiotics,35.5,56.87,0,None,142,263
2024-08-18,HOSP_JED_02,Antibiotics,41.0,36.69,0,None,120,226
2024-08-19,HOSP_JED_02,Antibiotics,34.8,48.19,0,None,132,248
2024-08-20,HOSP_JED_02,Antibiotics,40.2,35.11,0,None,114,215
2024-08-21,HOSP_JED_02,Antibiotics,41.5,36.22,0,None,135,251
2024-08-22,HOSP_JED_02,Antibiotics,38.3,57.62,0,None,128,239
2024-08-23,HOSP_JED_02,Antibiotics,34.3,39.33,0,None,138,258
2024-08-24,HOSP_JED_02,Antibiotics,34.6,58.67,0,None,125,235
2024-08-25,HOSP_JED_02,Antibiotics,37.7,71.47,1,Sandstorm/Dust_Storm,167,310
2024-08-26,HOSP_JED_02,Antibiotics,44.4,52.26,0,None,153,284
2024-08-27,HOSP_JED_02,Antibiotics,32.2,64.9,0,None,124,233
2024-08-28,HOSP_JED_02,Antibiotics,37.0,49.0,0,None,121,227
2024-08-29,HOSP_JED_02,Antibiotics,40.0,65.15,0,None,109,206
2024-08-30,HOSP_JED_02,Antibiotics,37.4,50.96,0,None,114,214
2024-08-31,HOSP_JED_02,Antibiotics,44.3,54.15,0,None,126,235
2024-09-01,HOSP_JED_02,Antibiotics,24.1,54.01,0,None,141,264
2024-09-02,HOSP_JED_02,Antibiotics,22.7,34.49,0,None,148,277
2024-09-03,HOSP_JED_02,Antibiotics,23.3,45.45,0,None,118,222
2024-09-04,HOSP_JED_02,Antibiotics,33.9,56.21,0,None,121,228
2024-09-05,HOSP_JED_02,Antibiotics,17.6,44.24,0,None,128,240
2024-09-06,HOSP_JED_02,Antibiotics,20.1,44.84,0,None,116,218
2024-09-07,HOSP_JED_02,Antibiotics,19.5,43.07,0,None,130,244
2024-09-08,HOSP_JED_02,Antibiotics,32.2,53.09,0,None,112,212
2024-09-09,HOSP_JED_02,Antibiotics,18.8,42.59,0,None,125,233
2024-09-10,HOSP_JED_02,Antibiotics,26.8,52.33,0,None,127,239
2024-09-11,HOSP_JED_02,Antibiotics,16.4,62.85,0,None,111,208
2024-09-12,HOSP_JED_02,Antibiotics,22.8,61.16,0,None,128,241
2024-09-13,HOSP_JED_02,Antibiotics,24.6,60.1,1,Sandstorm/Dust_Storm,157,293
2024-09-14,HOSP_JED_02,Antibiotics,18.5,38.39,0,None,112,212
2024-09-15,HOSP_JED_02,Antibiotics,24.2,52.02,0,None,131,246
2024-09-16,HOSP_JED_02,Antibiotics,23.0,53.07,0,None,126,238
2024-09-17,HOSP_JED_02,Antibiotics,25.3,66.15,0,None,117,220
2024-09-18,HOSP_JED_02,Antibiotics,20.5,46.05,0,None,139,260
2024-09-19,HOSP_JED_02,Antibiotics,20.2,78.62,0,None,128,241
2024-09-20,HOSP_JED_02,Antibiotics,18.1,39.17,0,None,127,239
2024-09-21,HOSP_JED_02,Antibiotics,25.3,36.08,0,None,95,181
2024-09-22,HOSP_JED_02,Antibiotics,18.0,71.3,0,None,104,198
2024-09-23,HOSP_JED_02,Antibiotics,26.7,44.26,0,None,125,234
2024-09-24,HOSP_JED_02,Antibiotics,22.2,48.87,0,None,114,214
2024-09-25,HOSP_JED_02,Antibiotics,20.4,47.12,0,None,127,239
2024-09-26,HOSP_JED_02,Antibiotics,26.5,27.31,0,None,125,235
2024-09-27,HOSP_JED_02,Antibiotics,15.5,52.79,0,None,121,228
2024-09-28,HOSP_JED_02,Antibiotics,31.3,66.08,0,None,123,230
2024-09-29,HOSP_JED_02,Antibiotics,22.7,59.52,0,None,118,222
2024-09-30,HOSP_JED_02,Antibiotics,27.2,31.94,0,None,125,236
2024-10-01,HOSP_JED_02,Antibiotics,18.1,66.93,0,None,117,220
2024-10-02,HOSP_JED_02,Antibiotics,21.7,63.34,0,None,119,223
2024-10-03,HOSP_JED_02,Antibiotics,19.8,55.45,0,None,126,237
2024-10-04,HOSP_JED_02,Antibiotics,18.5,58.22,0,None,117,221
2024-10-05,HOSP_JED_02,Antibiotics,20.6,51.01,0,None,133,248
2024-10-06,HOSP_JED_02,Antibiotics,20.0,38.75,0,None,99,187
2024-10-07,HOSP_JED_02,Antibiotics,21.8,42.23,0,None,115,218
2024-10-08,HOSP_JED_02,Antibiotics,24.2,38.3,0,None,115,217
2024-10-09,HOSP_JED_02,Antibiotics,21.7,58.47,0,None,129,243
2024-10-10,HOSP_JED_02,Antibiotics,24.1,48.23,0,None,140,261
2024-10-11,HOSP_JED_02,Antibiotics,18.0,51.44,0,None,100,190
2024-10-12,HOSP_JED_02,Antibiotics,20.8,69.74,0,None,133,249
2024-10-13,HOSP_JED_02,Antibiotics,23.2,61.34,0,None,96,182
2024-10-14,HOSP_JED_02,Antibiotics,21.4,38.92,0,None,104,196
2024-10-15,HOSP_JED_02,Antibiotics,29.9,61.31,0,None,122,231
2024-10-16,HOSP_JED_02,Antibiotics,25.9,51.55,0,None,121,227
2024-10-17,HOSP_JED_02,Antibiotics,10.4,40.55,0,None,114,216
2024-10-18,HOSP_JED_02,Antibiotics,22.3,35.89,0,None,110,208
2024-10-19,HOSP_JED_02,Antibiotics,17.6,51.22,1,Sandstorm/Dust_Storm,154,288
2024-10-20,HOSP_JED_02,Antibiotics,22.3,55.29,1,Sandstorm/Dust_Storm,181,337
2024-10-21,HOSP_JED_02,Antibiotics,15.1,41.48,0,None,130,244
2024-10-22,HOSP_JED_02,Antibiotics,20.1,47.84,1,Sandstorm/Dust_Storm,165,305
2024-10-23,HOSP_JED_02,Antibiotics,26.4,52.94,0,None,123,230
2024-10-24,HOSP_JED_02,Antibiotics,20.5,70.54,0,None,99,190
2024-10-25,HOSP_JED_02,Antibiotics,23.8,38.58,0,None,136,254
2024-10-26,HOSP_JED_02,Antibiotics,24.1,55.29,0,None,132,247
2024-10-27,HOSP_JED_02,Antibiotics,22.9,36.01,0,None,117,220
2024-10-28,HOSP_JED_02,Antibiotics,26.0,57.78,0,None,128,240
2024-10-29,HOSP_JED_02,Antibiotics,25.1,57.8,0,None,108,204
2024-10-30,HOSP_JED_02,Antibiotics,27.5,60.07,0,None,124,234
2024-10-31,HOSP_JED_02,Antibiotics,26.6,29.7,0,None,128,239
2024-11-01,HOSP_JED_02,Antibiotics,23.8,80.82,0,None,147,275
2024-11-02,HOSP_JED_02,Antibiotics,14.0,72.1,0,None,146,273
2024-11-03,HOSP_JED_02,Antibiotics,32.9,69.15,0,None,133,248
2024-11-04,HOSP_JED_02,Antibiotics,25.8,74.28,0,None,153,285
2024-11-05,HOSP_JED_02,Antibiotics,20.6,93.16,0,None,153,284
2024-11-06,HOSP_JED_02,Antibiotics,16.1,68.83,0,None,143,267
2024-11-07,HOSP_JED_02,Antibiotics,15.7,69.92,0,None,158,296
2024-11-08,HOSP_JED_02,Antibiotics,22.6,77.16,0,None,148,275
2024-11-09,HOSP_JED_02,Antibiotics,20.8,83.02,0,None,153,285
2024-11-10,HOSP_JED_02,Antibiotics,19.9,77.16,0,None,141,263
2024-11-11,HOSP_JED_02,Antibiotics,23.4,80.2,0,None,134,250
2024-11-12,HOSP_JED_02,Antibiotics,20.0,51.79,0,None,144,269
2024-11-13,HOSP_JED_02,Antibiotics,28.8,75.56,0,None,155,288
2024-11-14,HOSP_JED_02,Antibiotics,20.9,79.99,1,Sandstorm/Dust_Storm,185,343
2024-11-15,HOSP_JED_02,Antibiotics,24.5,59.36,0,None,139,260
2024-11-16,HOSP_JED_02,Antibiotics,23.9,103.51,0,None,172,318
2024-11-17,HOSP_JED_02,Antibiotics,23.3,63.97,0,None,150,279
2024-11-18,HOSP_JED_02,Antibiotics,27.1,49.56,0,None,153,283
2024-11-19,HOSP_JED_02,Antibiotics,22.1,76.36,0,None,147,274
2024-11-20,HOSP_JED_02,Antibiotics,24.9,81.2,0,None,150,279
2024-11-21,HOSP_JED_02,Antibiotics,26.4,75.99,0,None,140,262
2024-11-22,HOSP_JED_02,Antibiotics,19.0,79.04,1,Sandstorm/Dust_Storm,199,367
2024-11-23,HOSP_JED_02,Antibiotics,22.3,78.88,0,None,175,326
2024-11-24,HOSP_JED_02,Antibiotics,28.0,74.73,0,None,163,304
2024-11-25,HOSP_JED_02,Antibiotics,27.7,82.91,0,None,142,267
2024-11-26,HOSP_JED_02,Antibiotics,21.3,78.4,1,Sandstorm/Dust_Storm,186,344
2024-11-27,HOSP_JED_02,Antibiotics,23.6,69.23,0,None,135,251
2024-11-28,HOSP_JED_02,Antibiotics,22.1,90.18,0,None,122,229
2024-11-29,HOSP_JED_02,Antibiotics,24.0,58.78,0,None,136,256
2024-11-30,HOSP_JED_02,Antibiotics,21.3,73.51,0,None,139,261
2024-12-01,HOSP_JED_02,Antibiotics,21.4,67.73,0,None,169,314
2024-12-02,HOSP_JED_02,Antibiotics,18.5,67.47,0,None,138,258
2024-12-03,HOSP_JED_02,Antibiotics,23.5,69.5,0,None,141,263
2024-12-04,HOSP_JED_02,Antibiotics,21.0,85.26,0,None,147,273
2024-12-05,HOSP_JED_02,Antibiotics,27.1,63.68,0,None,137,257
2024-12-06,HOSP_JED_02,Antibiotics,23.3,63.29,1,Sandstorm/Dust_Storm,192,357
2024-12-07,HOSP_JED_02,Antibiotics,27.1,85.72,0,None,143,266
2024-12-08,HOSP_JED_02,Antibiotics,22.2,70.98,0,None,131,246
2024-12-09,HOSP_JED_02,Antibiotics,17.4,84.97,0,None,148,276
2024-12-10,HOSP_JED_02,Antibiotics,24.7,75.91,0,None,146,273
2024-12-11,HOSP_JED_02,Antibiotics,30.3,75.02,0,None,148,276
2024-12-12,HOSP_JED_02,Antibiotics,23.6,73.29,0,None,159,296
2024-12-13,HOSP_JED_02,Antibiotics,25.3,71.81,0,None,143,266
2024-12-14,HOSP_JED_02,Antibiotics,22.7,90.87,0,None,149,276
2024-12-15,HOSP_JED_02,Antibiotics,27.7,61.49,0,None,140,262
2024-12-16,HOSP_JED_02,Antibiotics,23.2,59.27,0,None,138,258
2024-12-17,HOSP_JED_02,Antibiotics,27.0,77.55,0,None,140,262
2024-12-18,HOSP_JED_02,Antibiotics,21.7,82.75,0,None,154,287
2024-12-19,HOSP_JED_02,Antibiotics,19.4,74.4,0,None,127,239
2024-12-20,HOSP_JED_02,Antibiotics,25.1,92.44,0,None,131,246
2024-12-21,HOSP_JED_02,Antibiotics,28.0,73.12,0,None,144,269
2024-12-22,HOSP_JED_02,Antibiotics,17.8,77.26,0,None,151,282
2024-12-23,HOSP_JED_02,Antibiotics,21.2,69.84,0,None,133,247
2024-12-24,HOSP_JED_02,Antibiotics,17.3,71.17,0,None,144,271
2024-12-25,HOSP_JED_02,Antibiotics,27.1,68.32,0,None,146,272
2024-12-26,HOSP_JED_02,Antibiotics,23.3,62.01,0,None,120,226
2024-12-27,HOSP_JED_02,Antibiotics,27.1,68.58,0,None,162,302
2024-12-28,HOSP_JED_02,Antibiotics,28.1,87.13,0,None,169,314
2024-12-29,HOSP_JED_02,Antibiotics,30.4,93.69,0,None,146,273
2024-12-30,HOSP_JED_02,Antibiotics,16.1,91.47,0,None,151,281
2024-12-31,HOSP_JED_02,Antibiotics,27.1,78.97,0,None,138,259
2025-01-01,HOSP_JED_02,Antibiotics,21.2,75.21,0,None,153,286
2025-01-02,HOSP_JED_02,Antibiotics,24.7,96.32,0,None,175,324
2025-01-03,HOSP_JED_02,Antibiotics,26.4,70.35,0,None,143,266
2025-01-04,HOSP_JED_02,Antibiotics,20.6,48.3,0,None,136,255
2025-01-05,HOSP_JED_02,Antibiotics,22.9,77.89,0,None,143,266
2025-01-06,HOSP_JED_02,Antibiotics,22.4,89.03,0,None,142,265
2025-01-07,HOSP_JED_02,Antibiotics,23.6,85.13,0,None,133,250
2025-01-08,HOSP_JED_02,Antibiotics,26.5,74.06,0,None,155,288
2025-01-09,HOSP_JED_02,Antibiotics,22.7,70.85,0,None,130,244
2025-01-10,HOSP_JED_02,Antibiotics,17.7,73.51,0,None,126,234
2025-01-11,HOSP_JED_02,Antibiotics,21.8,72.38,0,None,150,279
2025-01-12,HOSP_JED_02,Antibiotics,22.7,79.44,0,None,144,270
2025-01-13,HOSP_JED_02,Antibiotics,19.7,58.2,0,None,142,266
2025-01-14,HOSP_JED_02,Antibiotics,21.2,89.84,0,None,147,274
2025-01-15,HOSP_JED_02,Antibiotics,22.8,63.87,0,None,143,267
2025-01-16,HOSP_JED_02,Antibiotics,17.4,68.21,0,None,153,286
2025-01-17,HOSP_JED_02,Antibiotics,24.6,83.16,0,None,145,269
2025-01-18,HOSP_JED_02,Antibiotics,21.6,65.91,0,None,144,269
2025-01-19,HOSP_JED_02,Antibiotics,29.5,68.64,0,None,164,304
2025-01-20,HOSP_JED_02,Antibiotics,19.1,81.55,1,Sandstorm/Dust_Storm,182,336
2025-01-21,HOSP_JED_02,Antibiotics,21.8,74.77,0,None,135,253
2025-01-22,HOSP_JED_02,Antibiotics,18.3,79.18,0,None,145,270
2025-01-23,HOSP_JED_02,Antibiotics,19.5,57.6,0,None,138,257
2025-01-24,HOSP_JED_02,Antibiotics,25.8,72.03,0,None,150,281
2025-01-25,HOSP_JED_02,Antibiotics,24.5,57.24,0,None,158,294
2025-01-26,HOSP_JED_02,Antibiotics,16.4,80.88,0,None,160,298
2025-01-27,HOSP_JED_02,Antibiotics,20.5,78.94,0,None,131,244
2025-01-28,HOSP_JED_02,Antibiotics,20.3,77.3,0,None,120,228
2025-01-29,HOSP_JED_02,Antibiotics,26.9,72.4,0,None,126,238
2025-01-30,HOSP_JED_02,Antibiotics,12.3,68.0,0,None,125,234
2025-01-31,HOSP_JED_02,Antibiotics,22.1,59.22,0,None,140,261
2025-02-01,HOSP_JED_02,Antibiotics,25.9,68.28,0,None,146,273
2025-02-02,HOSP_JED_02,Antibiotics,32.0,83.07,0,None,125,237
2025-02-03,HOSP_JED_02,Antibiotics,21.4,69.27,0,None,138,258
2025-02-04,HOSP_JED_02,Antibiotics,33.4,69.95,0,None,117,221
2025-02-05,HOSP_JED_02,Antibiotics,23.4,65.0,0,None,139,260
2025-02-06,HOSP_JED_02,Antibiotics,24.0,78.33,0,None,162,301
2025-02-07,HOSP_JED_02,Antibiotics,16.0,95.23,0,None,150,279
2025-02-08,HOSP_JED_02,Antibiotics,24.9,71.45,0,None,127,239
2025-02-09,HOSP_JED_02,Antibiotics,27.1,71.11,0,None,174,322
2025-02-10,HOSP_JED_02,Antibiotics,22.7,89.3,0,None,142,266
2025-02-11,HOSP_JED_02,Antibiotics,32.6,73.41,0,None,151,281
2025-02-12,HOSP_JED_02,Antibiotics,18.5,69.28,0,None,153,286
2025-02-13,HOSP_JED_02,Antibiotics,26.1,79.3,0,None,122,227
2025-02-14,HOSP_JED_02,Antibiotics,17.6,92.18,0,None,143,266
2025-02-15,HOSP_JED_02,Antibiotics,16.9,68.94,0,None,148,276
2025-02-16,HOSP_JED_02,Antibiotics,24.0,71.06,0,None,163,304
2025-02-17,HOSP_JED_02,Antibiotics,22.2,57.55,0,None,129,241
2025-02-18,HOSP_JED_02,Antibiotics,21.0,89.45,0,None,155,288
2025-02-19,HOSP_JED_02,Antibiotics,27.0,73.26,0,None,137,256
2025-02-20,HOSP_JED_02,Antibiotics,25.8,85.24,0,None,128,241
2025-02-21,HOSP_JED_02,Antibiotics,20.1,52.18,0,None,107,203
2025-02-22,HOSP_JED_02,Antibiotics,25.7,61.27,0,None,152,284
2025-02-23,HOSP_JED_02,Antibiotics,24.3,70.62,0,None,158,294
2025-02-24,HOSP_JED_02,Antibiotics,13.4,85.45,0,None,157,292
2025-02-25,HOSP_JED_02,Antibiotics,21.2,49.28,0,None,138,258
2025-02-26,HOSP_JED_02,Antibiotics,26.9,65.25,1,Sandstorm/Dust_Storm,180,332
2025-02-27,HOSP_JED_02,Antibiotics,25.5,74.54,0,None,134,251
2025-02-28,HOSP_JED_02,Antibiotics,18.3,84.97,0,None,146,271
2025-03-01,HOSP_JED_02,Antibiotics,20.7,48.0,0,None,128,239
2025-03-02,HOSP_JED_02,Antibiotics,20.4,49.78,0,None,132,247
2025-03-03,HOSP_JED_02,Antibiotics,23.5,54.15,0,None,121,228
2025-03-04,HOSP_JED_02,Antibiotics,24.0,54.17,0,None,121,229
2025-03-05,HOSP_JED_02,Antibiotics,31.5,38.2,0,None,124,233
2025-03-06,HOSP_JED_02,Antibiotics,26.2,56.87,0,None,107,202
2025-03-07,HOSP_JED_02,Antibiotics,25.3,60.15,0,None,116,218
2025-03-08,HOSP_JED_02,Antibiotics,15.8,45.76,0,None,128,240
2025-03-09,HOSP_JED_02,Antibiotics,20.4,61.17,0,None,132,247
2025-03-10,HOSP_JED_02,Antibiotics,22.9,50.19,0,None,107,202
2025-03-11,HOSP_JED_02,Antibiotics,21.1,54.08,0,None,98,187
2025-03-12,HOSP_JED_02,Antibiotics,25.5,51.79,0,None,119,224
2025-03-13,HOSP_JED_02,Antibiotics,26.4,46.32,0,None,108,204
2025-03-14,HOSP_JED_02,Antibiotics,24.0,46.31,0,None,121,229
2025-03-15,HOSP_JED_02,Antibiotics,26.6,61.81,1,Sandstorm/Dust_Storm,162,300
2025-03-16,HOSP_JED_02,Antibiotics,22.7,33.0,0,None,123,231
2025-03-17,HOSP_JED_02,Antibiotics,29.5,67.84,0,None,122,228
2025-03-18,HOSP_JED_02,Antibiotics,21.9,43.7,0,None,123,230
2025-03-19,HOSP_JED_02,Antibiotics,19.3,51.65,0,None,122,230
2025-03-20,HOSP_JED_02,Antibiotics,28.9,42.71,0,None,109,205
2025-03-21,HOSP_JED_02,Antibiotics,24.1,54.9,0,None,117,219
2025-03-22,HOSP_JED_02,Antibiotics,16.6,39.08,0,None,122,229
2025-03-23,HOSP_JED_02,Antibiotics,17.7,51.84,0,None,119,224
2025-03-24,HOSP_JED_02,Antibiotics,28.3,35.28,0,None,143,268
2025-03-25,HOSP_JED_02,Antibiotics,28.6,37.15,0,None,112,212
2025-03-26,HOSP_JED_02,Antibiotics,27.3,53.33,0,None,140,263
2025-03-27,HOSP_JED_02,Antibiotics,25.2,58.7,0,None,118,223
2025-03-28,HOSP_JED_02,Antibiotics,24.9,46.29,1,Sandstorm/Dust_Storm,138,259
2025-03-29,HOSP_JED_02,Antibiotics,17.4,53.93,0,None,111,209
2025-03-30,HOSP_JED_02,Antibiotics,20.7,43.32,0,None,128,241
2025-03-31,HOSP_JED_02,Antibiotics,22.7,23.39,0,None,101,192
2025-04-01,HOSP_JED_02,Antibiotics,23.1,51.7,0,None,121,227
2025-04-02,HOSP_JED_02,Antibiotics,18.2,60.75,0,None,88,168
2025-04-03,HOSP_JED_02,Antibiotics,20.5,47.59,0,None,128,241
2025-04-04,HOSP_JED_02,Antibiotics,28.2,36.32,0,None,120,225
2025-04-05,HOSP_JED_02,Antibiotics,20.9,57.27,0,None,123,233
2025-04-06,HOSP_JED_02,Antibiotics,23.5,61.37,0,None,115,218
2025-04-07,HOSP_JED_02,Antibiotics,17.9,48.24,0,None,136,254
2025-04-08,HOSP_JED_02,Antibiotics,23.6,59.64,0,None,114,214
2025-04-09,HOSP_JED_02,Antibiotics,13.1,60.54,1,Sandstorm/Dust_Storm,130,244
2025-04-10,HOSP_JED_02,Antibiotics,25.0,56.04,0,None,102,193
2025-04-11,HOSP_JED_02,Antibiotics,26.8,45.68,0,None,124,234
2025-04-12,HOSP_JED_02,Antibiotics,22.8,51.24,0,None,119,222
2025-04-13,HOSP_JED_02,Antibiotics,24.8,34.68,0,None,120,226
2025-04-14,HOSP_JED_02,Antibiotics,12.1,49.95,0,None,121,227
2025-04-15,HOSP_JED_02,Antibiotics,23.8,27.6,0,None,115,216
2025-04-16,HOSP_JED_02,Antibiotics,18.0,46.79,0,None,114,213
2025-04-17,HOSP_JED_02,Antibiotics,24.6,48.05,0,None,115,216
2025-04-18,HOSP_JED_02,Antibiotics,22.0,34.49,0,None,121,227
2025-04-19,HOSP_JED_02,Antibiotics,23.6,43.45,0,None,141,263
2025-04-20,HOSP_JED_02,Antibiotics,26.8,44.82,0,None,110,207
2025-04-21,HOSP_JED_02,Antibiotics,22.9,47.25,1,Sandstorm/Dust_Storm,152,283
2025-04-22,HOSP_JED_02,Antibiotics,22.0,50.94,0,None,133,249
2025-04-23,HOSP_JED_02,Antibiotics,24.4,52.57,0,None,100,190
2025-04-24,HOSP_JED_02,Antibiotics,31.0,41.59,1,Sandstorm/Dust_Storm,185,342
2025-04-25,HOSP_JED_02,Antibiotics,24.8,40.18,0,None,98,185
2025-04-26,HOSP_JED_02,Antibiotics,22.4,53.21,0,None,113,214
2025-04-27,HOSP_JED_02,Antibiotics,18.7,52.85,0,None,141,263
2025-04-28,HOSP_JED_02,Antibiotics,25.8,58.07,0,None,106,201
2025-04-29,HOSP_JED_02,Antibiotics,22.0,45.57,0,None,119,224
2025-04-30,HOSP_JED_02,Antibiotics,17.4,52.73,0,None,107,204
2025-05-01,HOSP_JED_02,Antibiotics,28.2,47.12,0,None,134,250
2025-05-02,HOSP_JED_02,Antibiotics,29.6,38.98,0,None,126,237
2025-05-03,HOSP_JED_02,Antibiotics,21.6,52.93,0,None,126,236
2025-05-04,HOSP_JED_02,Antibiotics,24.5,61.51,0,None,129,241
2025-05-05,HOSP_JED_02,Antibiotics,19.0,43.87,0,None,104,197
2025-05-06,HOSP_JED_02,Antibiotics,19.9,57.46,0,None,129,241
2025-05-07,HOSP_JED_02,Antibiotics,23.4,53.06,0,None,131,244
2025-05-08,HOSP_JED_02,Antibiotics,28.9,42.67,0,None,127,239
2025-05-09,HOSP_JED_02,Antibiotics,23.5,46.88,0,None,126,236
2025-05-10,HOSP_JED_02,Antibiotics,29.1,65.49,0,None,116,218
2025-05-11,HOSP_JED_02,Antibiotics,27.4,36.98,0,None,122,230
2025-05-12,HOSP_JED_02,Antibiotics,20.4,46.92,0,None,104,197
2025-05-13,HOSP_JED_02,Antibiotics,27.4,52.37,0,None,130,242
2025-05-14,HOSP_JED_02,Antibiotics,14.6,51.68,0,None,104,196
2025-05-15,HOSP_JED_02,Antibiotics,26.9,44.53,0,None,106,201
2025-05-16,HOSP_JED_02,Antibiotics,25.2,39.97,1,Sandstorm/Dust_Storm,153,286
2025-05-17,HOSP_JED_02,Antibiotics,27.4,57.66,0,None,106,200
2025-05-18,HOSP_JED_02,Antibiotics,21.3,48.26,0,None,116,218
2025-05-19,HOSP_JED_02,Antibiotics,22.1,37.14,0,None,106,202
2025-05-20,HOSP_JED_02,Antibiotics,30.2,51.15,0,None,116,218
2025-05-21,HOSP_JED_02,Antibiotics,20.4,52.28,0,None,118,222
2025-05-22,HOSP_JED_02,Antibiotics,21.6,45.8,0,None,151,282
2025-05-23,HOSP_JED_02,Antibiotics,13.1,37.3,0,None,114,213
2025-05-24,HOSP_JED_02,Antibiotics,20.6,40.92,1,Sandstorm/Dust_Storm,155,288
2025-05-25,HOSP_JED_02,Antibiotics,28.3,46.01,0,None,133,250
2025-05-26,HOSP_JED_02,Antibiotics,21.4,54.45,0,None,129,241
2025-05-27,HOSP_JED_02,Antibiotics,27.3,41.57,0,None,121,227
2025-05-28,HOSP_JED_02,Antibiotics,23.9,57.17,0,None,119,225
2025-05-29,HOSP_JED_02,Antibiotics,22.4,29.54,1,Sandstorm/Dust_Storm,160,299
2025-05-30,HOSP_JED_02,Antibiotics,20.7,60.56,0,None,128,239
2025-05-31,HOSP_JED_02,Antibiotics,24.5,45.94,0,None,118,222
2025-06-01,HOSP_JED_02,Antibiotics,41.2,41.03,0,None,157,293
2025-06-02,HOSP_JED_02,Antibiotics,41.1,61.32,0,None,114,215
2025-06-03,HOSP_JED_02,Antibiotics,41.8,30.7,0,None,126,236
2025-06-04,HOSP_JED_02,Antibiotics,41.8,57.63,0,None,134,248
2025-06-05,HOSP_JED_02,Antibiotics,36.9,55.53,0,None,116,220
2025-06-06,HOSP_JED_02,Antibiotics,36.1,52.07,0,None,123,231
2025-06-07,HOSP_JED_02,Antibiotics,33.8,53.04,0,None,126,239
2025-06-08,HOSP_JED_02,Antibiotics,35.0,42.68,0,None,128,240
2025-06-09,HOSP_JED_02,Antibiotics,28.0,42.87,0,None,122,228
2025-06-10,HOSP_JED_02,Antibiotics,41.2,43.79,0,None,130,244
2025-06-11,HOSP_JED_02,Antibiotics,35.8,46.06,0,None,121,227
2025-06-12,HOSP_JED_02,Antibiotics,44.2,37.1,0,None,117,220
2025-06-13,HOSP_JED_02,Antibiotics,31.7,50.72,0,None,129,242
2025-06-14,HOSP_JED_02,Antibiotics,38.5,49.14,0,None,107,200
2025-06-15,HOSP_JED_02,Antibiotics,43.7,50.61,0,None,144,268
2025-06-16,HOSP_JED_02,Antibiotics,43.3,58.86,0,None,132,246
2025-06-17,HOSP_JED_02,Antibiotics,36.4,51.22,0,None,122,228
2025-06-18,HOSP_JED_02,Antibiotics,39.0,50.67,0,None,114,215
2025-06-19,HOSP_JED_02,Antibiotics,28.0,58.07,0,None,117,221
2025-06-20,HOSP_JED_02,Antibiotics,32.9,44.52,0,None,120,226
2025-06-21,HOSP_JED_02,Antibiotics,32.6,71.61,0,None,114,215
2025-06-22,HOSP_JED_02,Antibiotics,39.6,54.51,0,None,111,211
2025-06-23,HOSP_JED_02,Antibiotics,41.2,63.22,0,None,110,207
2025-06-24,HOSP_JED_02,Antibiotics,41.6,54.75,0,None,126,237
2025-06-25,HOSP_JED_02,Antibiotics,38.3,68.77,0,None,110,206
2025-06-26,HOSP_JED_02,Antibiotics,43.8,49.68,0,None,102,193
2025-06-27,HOSP_JED_02,Antibiotics,40.1,47.73,0,None,117,219
2025-06-28,HOSP_JED_02,Antibiotics,36.4,39.93,0,None,133,248
2025-06-29,HOSP_JED_02,Antibiotics,37.9,65.77,0,None,129,241
2025-06-30,HOSP_JED_02,Antibiotics,42.4,53.11,0,None,125,236
2025-07-01,HOSP_JED_02,Antibiotics,41.3,52.03,0,None,130,243
2025-07-02,HOSP_JED_02,Antibiotics,33.8,49.26,0,None,144,270
2025-07-03,HOSP_JED_02,Antibiotics,38.2,33.03,0,None,130,244
2025-07-04,HOSP_JED_02,Antibiotics,32.5,58.38,0,None,134,250
2025-07-05,HOSP_JED_02,Antibiotics,47.2,56.85,0,None,126,235
2025-07-06,HOSP_JED_02,Antibiotics,30.0,44.19,0,None,147,274
2025-07-07,HOSP_JED_02,Antibiotics,43.0,49.39,0,None,143,267
2025-07-08,HOSP_JED_02,Antibiotics,30.9,40.02,0,None,108,203
2025-07-09,HOSP_JED_02,Antibiotics,34.3,46.19,1,Sandstorm/Dust_Storm,145,271
2025-07-10,HOSP_JED_02,Antibiotics,35.0,35.77,0,None,124,234
2025-07-11,HOSP_JED_02,Antibiotics,40.0,69.91,1,Heatwave,156,290
2025-07-12,HOSP_JED_02,Antibiotics,38.3,39.89,0,None,137,256
2025-07-13,HOSP_JED_02,Antibiotics,39.6,53.09,1,Sandstorm/Dust_Storm,160,297
2025-07-14,HOSP_JED_02,Antibiotics,31.8,40.73,0,None,109,207
2025-07-15,HOSP_JED_02,Antibiotics,35.5,54.45,0,None,116,221
2025-07-16,HOSP_JED_02,Antibiotics,46.2,50.64,0,None,123,232
2025-07-17,HOSP_JED_02,Antibiotics,44.3,61.24,0,None,114,214
2025-07-18,HOSP_JED_02,Antibiotics,45.0,43.24,0,None,118,224
2025-07-19,HOSP_JED_02,Antibiotics,33.3,34.92,0,None,107,201
2025-07-20,HOSP_JED_02,Antibiotics,35.3,68.83,0,None,126,238
2025-07-21,HOSP_JED_02,Antibiotics,34.6,43.95,0,None,121,227
2025-07-22,HOSP_JED_02,Antibiotics,37.8,33.79,0,None,130,244
2025-07-23,HOSP_JED_02,Antibiotics,38.3,39.56,0,None,118,222
2025-07-24,HOSP_JED_02,Antibiotics,35.3,50.55,0,None,114,215
2025-07-25,HOSP_JED_02,Antibiotics,42.8,38.6,0,None,133,249
2025-07-26,HOSP_JED_02,Antibiotics,24.6,50.71,0,None,134,249
2025-07-27,HOSP_JED_02,Antibiotics,40.3,51.29,0,None,102,192
2025-07-28,HOSP_JED_02,Antibiotics,40.2,42.9,0,None,123,231
2025-07-29,HOSP_JED_02,Antibiotics,38.4,50.02,0,None,122,229
2025-07-30,HOSP_JED_02,Antibiotics,39.8,48.03,0,None,131,246
2025-07-31,HOSP_JED_02,Antibiotics,37.8,56.63,0,None,122,229
2025-08-01,HOSP_JED_02,Antibiotics,36.0,61.67,0,None,109,206
2025-08-02,HOSP_JED_02,Antibiotics,35.5,23.34,0,None,111,208
2025-08-03,HOSP_JED_02,Antibiotics,34.3,48.76,0,None,121,228
2025-08-04,HOSP_JED_02,Antibiotics,42.4,40.5,0,None,121,227
2025-08-05,HOSP_JED_02,Antibiotics,41.8,36.35,0,None,108,203
2025-08-06,HOSP_JED_02,Antibiotics,37.3,29.73,0,None,95,179
2025-08-07,HOSP_JED_02,Antibiotics,38.8,42.99,0,None,118,224
2025-08-08,HOSP_JED_02,Antibiotics,40.2,50.96,0,None,122,230
2025-08-09,HOSP_JED_02,Antibiotics,37.8,46.01,0,None,119,224
2025-08-10,HOSP_JED_02,Antibiotics,29.6,52.54,0,None,121,228
2025-08-11,HOSP_JED_02,Antibiotics,34.9,53.58,0,None,109,206
2025-08-12,HOSP_JED_02,Antibiotics,41.3,32.93,0,None,110,207
2025-08-13,HOSP_JED_02,Antibiotics,33.2,53.65,0,None,119,223
2025-08-14,HOSP_JED_02,Antibiotics,38.9,32.72,0,None,114,214
2025-08-15,HOSP_JED_02,Antibiotics,40.5,46.36,0,None,143,266
2025-08-16,HOSP_JED_02,Antibiotics,35.4,29.53,0,None,111,210
2025-08-17,HOSP_JED_02,Antibiotics,36.8,59.37,0,None,120,225
2025-08-18,HOSP_JED_02,Antibiotics,43.9,51.46,0,None,129,242
2025-08-19,HOSP_JED_02,Antibiotics,41.5,62.58,0,None,121,227
2025-08-20,HOSP_JED_02,Antibiotics,36.6,40.17,0,None,113,213
2025-08-21,HOSP_JED_02,Antibiotics,34.1,38.71,1,Sandstorm/Dust_Storm,178,330
2025-08-22,HOSP_JED_02,Antibiotics,44.3,56.72,0,None,128,239
2025-08-23,HOSP_JED_02,Antibiotics,36.2,74.06,0,None,127,238
2025-08-24,HOSP_JED_02,Antibiotics,37.4,47.92,0,None,146,273
2025-08-25,HOSP_JED_02,Antibiotics,47.6,50.04,0,None,120,226
2025-08-26,HOSP_JED_02,Antibiotics,40.9,35.59,0,None,120,225
2025-08-27,HOSP_JED_02,Antibiotics,31.6,64.4,0,None,134,250
2025-08-28,HOSP_JED_02,Antibiotics,38.0,54.38,0,None,121,227
2025-08-29,HOSP_JED_02,Antibiotics,32.0,44.62,0,None,127,237
2025-08-30,HOSP_JED_02,Antibiotics,38.0,59.18,0,None,151,281
2025-08-31,HOSP_JED_02,Antibiotics,42.5,41.67,0,None,119,224
2025-09-01,HOSP_JED_02,Antibiotics,24.4,38.38,1,Sandstorm/Dust_Storm,164,305
2025-09-02,HOSP_JED_02,Antibiotics,24.7,48.11,0,None,143,266
2025-09-03,HOSP_JED_02,Antibiotics,14.6,52.02,0,None,116,217
2025-09-04,HOSP_JED_02,Antibiotics,18.6,29.4,1,Sandstorm/Dust_Storm,150,280
2025-09-05,HOSP_JED_02,Antibiotics,26.9,56.2,0,None,105,199
2025-09-06,HOSP_JED_02,Antibiotics,18.5,41.11,0,None,123,230
2025-09-07,HOSP_JED_02,Antibiotics,19.4,43.56,0,None,124,235
2025-09-08,HOSP_JED_02,Antibiotics,25.9,40.89,1,Sandstorm/Dust_Storm,151,282
2025-09-09,HOSP_JED_02,Antibiotics,18.8,41.86,0,None,106,201
2025-09-10,HOSP_JED_02,Antibiotics,26.0,65.95,0,None,129,241
2025-09-11,HOSP_JED_02,Antibiotics,23.7,42.87,0,None,139,260
2025-09-12,HOSP_JED_02,Antibiotics,19.9,43.94,0,None,91,173
2025-09-13,HOSP_JED_02,Antibiotics,29.4,54.18,0,None,125,234
2025-09-14,HOSP_JED_02,Antibiotics,22.8,44.86,0,None,119,223
2025-09-15,HOSP_JED_02,Antibiotics,23.8,51.7,0,None,112,212
2025-09-16,HOSP_JED_02,Antibiotics,27.7,29.4,0,None,121,227
2025-09-17,HOSP_JED_02,Antibiotics,20.9,52.84,0,None,118,221
2025-09-18,HOSP_JED_02,Antibiotics,27.0,41.1,0,None,118,223
2025-09-19,HOSP_JED_02,Antibiotics,20.9,51.38,0,None,104,198
2025-09-20,HOSP_JED_02,Antibiotics,27.1,39.37,1,Sandstorm/Dust_Storm,123,233
2025-09-21,HOSP_JED_02,Antibiotics,24.5,55.25,0,None,102,191
2025-09-22,HOSP_JED_02,Antibiotics,19.7,61.58,0,None,122,230
2025-09-23,HOSP_JED_02,Antibiotics,21.2,44.67,0,None,107,200
2025-09-24,HOSP_JED_02,Antibiotics,19.3,54.03,1,Sandstorm/Dust_Storm,140,261
2025-09-25,HOSP_JED_02,Antibiotics,13.4,49.61,0,None,141,265
2025-09-26,HOSP_JED_02,Antibiotics,23.7,46.79,0,None,121,228
2025-09-27,HOSP_JED_02,Antibiotics,23.5,33.39,0,None,124,234
2025-09-28,HOSP_JED_02,Antibiotics,25.0,38.25,0,None,135,253
2025-09-29,HOSP_JED_02,Antibiotics,22.1,44.27,0,None,115,216
2025-09-30,HOSP_JED_02,Antibiotics,25.3,58.82,0,None,96,185
2025-10-01,HOSP_JED_02,Antibiotics,27.6,52.09,0,None,96,181
2025-10-02,HOSP_JED_02,Antibiotics,21.7,27.45,0,None,110,206
2025-10-03,HOSP_JED_02,Antibiotics,23.7,58.1,0,None,121,228
2025-10-04,HOSP_JED_02,Antibiotics,23.5,49.18,0,None,101,190
2025-10-05,HOSP_JED_02,Antibiotics,29.8,39.08,0,None,101,190
2025-10-06,HOSP_JED_02,Antibiotics,20.8,61.29,0,None,100,190
2025-10-07,HOSP_JED_02,Antibiotics,26.6,61.87,0,None,123,229
2025-10-08,HOSP_JED_02,Antibiotics,26.6,35.63,0,None,131,246
2025-10-09,HOSP_JED_02,Antibiotics,28.7,66.72,0,None,126,236
2025-10-10,HOSP_JED_02,Antibiotics,22.9,45.98,0,None,115,216
2025-10-11,HOSP_JED_02,Antibiotics,23.3,47.15,0,None,101,192
2025-10-12,HOSP_JED_02,Antibiotics,15.3,46.5,0,None,109,205
2025-10-13,HOSP_JED_02,Antibiotics,15.9,50.25,0,None,117,220
2025-10-14,HOSP_JED_02,Antibiotics,20.9,32.68,0,None,152,284
2025-10-15,HOSP_JED_02,Antibiotics,25.4,60.81,0,None,116,220
2025-10-16,HOSP_JED_02,Antibiotics,21.2,61.19,0,None,121,226
2025-10-17,HOSP_JED_02,Antibiotics,24.0,44.39,0,None,146,273
2025-10-18,HOSP_JED_02,Antibiotics,19.9,44.38,0,None,119,222
2025-10-19,HOSP_JED_02,Antibiotics,28.0,51.27,0,None,121,227
2025-10-20,HOSP_JED_02,Antibiotics,22.8,52.68,0,None,112,212
2025-10-21,HOSP_JED_02,Antibiotics,31.6,36.77,0,None,118,221
2025-10-22,HOSP_JED_02,Antibiotics,23.6,53.96,0,None,111,209
2025-10-23,HOSP_JED_02,Antibiotics,24.3,49.31,0,None,129,243
2025-10-24,HOSP_JED_02,Antibiotics,22.5,61.01,0,None,110,207
2025-10-25,HOSP_JED_02,Antibiotics,29.5,63.05,0,None,134,251
2025-10-26,HOSP_JED_02,Antibiotics,25.6,61.48,0,None,125,234
2025-10-27,HOSP_JED_02,Antibiotics,22.8,66.53,0,None,130,243
2025-10-28,HOSP_JED_02,Antibiotics,26.8,55.59,0,None,108,204
2025-10-29,HOSP_JED_02,Antibiotics,21.4,54.88,0,None,99,187
2025-10-30,HOSP_JED_02,Antibiotics,24.1,72.76,0,None,107,201
2025-10-31,HOSP_JED_02,Antibiotics,22.3,61.69,1,Sandstorm/Dust_Storm,164,304
2025-11-01,HOSP_JED_02,Antibiotics,24.3,76.01,0,None,150,280
2025-11-02,HOSP_JED_02,Antibiotics,25.0,52.31,0,None,132,248
2025-11-03,HOSP_JED_02,Antibiotics,26.3,55.02,0,None,142,266
2025-11-04,HOSP_JED_02,Antibiotics,22.3,78.29,0,None,154,288
2025-11-05,HOSP_JED_02,Antibiotics,27.6,64.69,0,None,137,257
2025-11-06,HOSP_JED_02,Antibiotics,20.3,69.35,0,None,166,309
2025-11-07,HOSP_JED_02,Antibiotics,24.0,88.3,0,None,142,264
2025-11-08,HOSP_JED_02,Antibiotics,23.2,76.47,0,None,155,289
2025-11-09,HOSP_JED_02,Antibiotics,17.1,60.5,0,None,140,261
2025-11-10,HOSP_JED_02,Antibiotics,30.4,61.43,0,None,145,271
2025-11-11,HOSP_JED_02,Antibiotics,24.2,92.46,0,None,152,282
2025-11-12,HOSP_JED_02,Antibiotics,26.3,66.22,0,None,128,241
2025-11-13,HOSP_JED_02,Antibiotics,25.8,62.86,0,None,147,274
2025-11-14,HOSP_JED_02,Antibiotics,21.8,70.44,0,None,137,255
2025-11-15,HOSP_JED_02,Antibiotics,23.3,74.61,0,None,134,252
2025-11-16,HOSP_JED_02,Antibiotics,30.3,68.32,0,None,133,248
2025-11-17,HOSP_JED_02,Antibiotics,21.2,94.44,0,None,164,306
2025-11-18,HOSP_JED_02,Antibiotics,22.3,81.09,0,None,136,255
2025-11-19,HOSP_JED_02,Antibiotics,22.8,61.44,0,None,152,282
2025-11-20,HOSP_JED_02,Antibiotics,18.7,80.7,0,None,150,279
2025-11-21,HOSP_JED_02,Antibiotics,24.9,70.65,0,None,135,255
2025-11-22,HOSP_JED_02,Antibiotics,27.4,68.69,0,None,152,284
2025-11-23,HOSP_JED_02,Antibiotics,28.8,74.5,0,None,145,270
2025-11-24,HOSP_JED_02,Antibiotics,21.7,53.77,0,None,156,291
2025-11-25,HOSP_JED_02,Antibiotics,16.8,80.62,0,None,148,276
2025-11-26,HOSP_JED_02,Antibiotics,26.0,85.42,0,None,140,262
2025-11-27,HOSP_JED_02,Antibiotics,20.7,71.86,0,None,152,283
2025-11-28,HOSP_JED_02,Antibiotics,16.7,85.29,0,None,127,240
2025-11-29,HOSP_JED_02,Antibiotics,23.5,89.36,1,Sandstorm/Dust_Storm,172,320
2025-11-30,HOSP_JED_02,Antibiotics,19.9,69.67,0,None,142,265
2025-12-01,HOSP_JED_02,Antibiotics,19.6,71.96,0,None,151,283
2025-12-02,HOSP_JED_02,Antibiotics,32.3,84.45,0,None,142,265
2025-12-03,HOSP_JED_02,Antibiotics,22.7,79.44,0,None,118,222
2025-12-04,HOSP_JED_02,Antibiotics,16.1,85.65,0,None,155,290
2025-12-05,HOSP_JED_02,Antibiotics,20.5,70.66,0,None,137,258
2025-12-06,HOSP_JED_02,Antibiotics,22.4,71.6,0,None,138,259
2025-12-07,HOSP_JED_02,Antibiotics,26.2,79.7,0,None,133,249
2025-12-08,HOSP_JED_02,Antibiotics,24.6,65.82,0,None,137,256
2025-12-09,HOSP_JED_02,Antibiotics,19.5,70.43,0,None,141,264
2025-12-10,HOSP_JED_02,Antibiotics,14.4,71.6,0,None,128,241
2025-12-11,HOSP_JED_02,Antibiotics,29.2,75.29,0,None,157,294
2025-12-12,HOSP_JED_02,Antibiotics,17.8,70.9,0,None,165,307
2025-12-13,HOSP_JED_02,Antibiotics,26.8,78.9,0,None,146,272
2025-12-14,HOSP_JED_02,Antibiotics,19.4,66.13,0,None,133,249
2025-12-15,HOSP_JED_02,Antibiotics,16.0,73.68,0,None,156,290
2025-12-16,HOSP_JED_02,Antibiotics,25.2,63.31,0,None,143,265
2025-12-17,HOSP_JED_02,Antibiotics,27.2,73.71,0,None,145,269
2025-12-18,HOSP_JED_02,Antibiotics,22.2,73.96,0,None,174,322
2025-12-19,HOSP_JED_02,Antibiotics,23.8,69.22,1,Sandstorm/Dust_Storm,183,339
2025-12-20,HOSP_JED_02,Antibiotics,19.0,90.23,0,None,141,265
2025-12-21,HOSP_JED_02,Antibiotics,25.8,70.59,0,None,139,261
2025-12-22,HOSP_JED_02,Antibiotics,21.4,88.39,0,None,125,234
2025-12-23,HOSP_JED_02,Antibiotics,25.2,68.33,0,None,149,277
2025-12-24,HOSP_JED_02,Antibiotics,21.8,62.15,0,None,139,259
2025-12-25,HOSP_JED_02,Antibiotics,21.5,80.26,0,None,155,289
2025-12-26,HOSP_JED_02,Antibiotics,24.3,68.61,0,None,134,252
2025-12-27,HOSP_JED_02,Antibiotics,21.6,67.85,0,None,149,279
2025-12-28,HOSP_JED_02,Antibiotics,28.1,83.48,0,None,151,281
2025-12-29,HOSP_JED_02,Antibiotics,23.7,75.57,0,None,142,262
2025-12-30,HOSP_JED_02,Antibiotics,27.7,82.6,0,None,136,255
2025-12-31,HOSP_JED_02,Antibiotics,24.3,67.08,0,None,125,236
2026-01-01,HOSP_JED_02,Antibiotics,28.0,80.47,0,None,142,265
2024-01-01,HOSP_JED_02,Inhalers,21.8,70.06,0,None,141,252
2024-01-02,HOSP_JED_02,Inhalers,21.5,65.58,0,None,144,260
2024-01-03,HOSP_JED_02,Inhalers,24.7,69.55,0,None,158,284
2024-01-04,HOSP_JED_02,Inhalers,25.2,64.74,0,None,149,267
2024-01-05,HOSP_JED_02,Inhalers,24.3,75.3,0,None,135,243
2024-01-06,HOSP_JED_02,Inhalers,16.0,65.62,0,None,139,250
2024-01-07,HOSP_JED_02,Inhalers,22.2,91.39,0,None,131,235
2024-01-08,HOSP_JED_02,Inhalers,23.9,90.5,0,None,139,251
2024-01-09,HOSP_JED_02,Inhalers,17.5,73.46,0,None,142,255
2024-01-10,HOSP_JED_02,Inhalers,28.5,62.29,0,None,157,282
2024-01-11,HOSP_JED_02,Inhalers,23.7,65.73,0,None,146,262
2024-01-12,HOSP_JED_02,Inhalers,30.6,93.55,0,None,146,263
2024-01-13,HOSP_JED_02,Inhalers,26.6,67.18,0,None,122,219
2024-01-14,HOSP_JED_02,Inhalers,20.8,69.95,0,None,141,252
2024-01-15,HOSP_JED_02,Inhalers,23.4,55.42,0,None,162,291
2024-01-16,HOSP_JED_02,Inhalers,15.5,57.67,0,None,150,271
2024-01-17,HOSP_JED_02,Inhalers,18.1,75.54,0,None,153,274
2024-01-18,HOSP_JED_02,Inhalers,14.4,66.12,0,None,147,263
2024-01-19,HOSP_JED_02,Inhalers,30.2,57.9,0,None,144,259
2024-01-20,HOSP_JED_02,Inhalers,10.5,76.47,0,None,131,236
2024-01-21,HOSP_JED_02,Inhalers,17.7,82.73,0,None,156,279
2024-01-22,HOSP_JED_02,Inhalers,20.3,74.06,0,None,140,252
2024-01-23,HOSP_JED_02,Inhalers,20.9,57.08,0,None,153,276
2024-01-24,HOSP_JED_02,Inhalers,26.2,77.5,0,None,150,270
2024-01-25,HOSP_JED_02,Inhalers,27.1,74.02,0,None,154,277
2024-01-26,HOSP_JED_02,Inhalers,23.8,74.26,0,None,152,274
2024-01-27,HOSP_JED_02,Inhalers,26.6,72.75,0,None,144,258
2024-01-28,HOSP_JED_02,Inhalers,27.3,65.5,0,None,153,274
2024-01-29,HOSP_JED_02,Inhalers,21.7,76.47,0,None,175,314
2024-01-30,HOSP_JED_02,Inhalers,28.1,83.49,0,None,150,271
2024-01-31,HOSP_JED_02,Inhalers,20.3,61.92,0,None,144,259
2024-02-01,HOSP_JED_02,Inhalers,21.6,72.46,0,None,151,271
2024-02-02,HOSP_JED_02,Inhalers,23.8,71.53,0,None,146,262
2024-02-03,HOSP_JED_02,Inhalers,22.9,80.06,0,None,136,243
2024-02-04,HOSP_JED_02,Inhalers,24.7,77.45,0,None,142,255
2024-02-05,HOSP_JED_02,Inhalers,27.8,78.87,0,None,144,258
2024-02-06,HOSP_JED_02,Inhalers,23.7,76.53,0,None,128,231
2024-02-07,HOSP_JED_02,Inhalers,23.9,80.28,0,None,141,254
2024-02-08,HOSP_JED_02,Inhalers,15.2,75.9,0,None,144,260
2024-02-09,HOSP_JED_02,Inhalers,21.0,82.54,0,None,129,233
2024-02-10,HOSP_JED_02,Inhalers,19.3,74.64,0,None,141,254
2024-02-11,HOSP_JED_02,Inhalers,21.4,59.14,0,None,153,273
2024-02-12,HOSP_JED_02,Inhalers,22.0,74.53,0,None,145,261
2024-02-13,HOSP_JED_02,Inhalers,24.3,72.27,0,None,130,233
2024-02-14,HOSP_JED_02,Inhalers,26.1,82.77,0,None,139,250
2024-02-15,HOSP_JED_02,Inhalers,15.3,69.75,0,None,146,264
2024-02-16,HOSP_JED_02,Inhalers,25.5,76.23,0,None,160,287
2024-02-17,HOSP_JED_02,Inhalers,23.5,79.23,0,None,117,211
2024-02-18,HOSP_JED_02,Inhalers,24.2,57.89,0,None,136,245
2024-02-19,HOSP_JED_02,Inhalers,27.1,83.69,0,None,136,244
2024-02-20,HOSP_JED_02,Inhalers,22.5,63.82,0,None,143,257
2024-02-21,HOSP_JED_02,Inhalers,24.3,59.5,0,None,135,243
2024-02-22,HOSP_JED_02,Inhalers,27.1,73.21,0,None,158,285
2024-02-23,HOSP_JED_02,Inhalers,28.8,82.24,0,None,155,278
2024-02-24,HOSP_JED_02,Inhalers,23.7,72.64,0,None,133,241
2024-02-25,HOSP_JED_02,Inhalers,27.5,95.26,0,None,137,247
2024-02-26,HOSP_JED_02,Inhalers,23.5,64.52,0,None,139,251
2024-02-27,HOSP_JED_02,Inhalers,23.6,66.53,0,None,157,284
2024-02-28,HOSP_JED_02,Inhalers,26.7,72.03,0,None,165,295
2024-02-29,HOSP_JED_02,Inhalers,21.1,75.68,0,None,146,263
2024-03-01,HOSP_JED_02,Inhalers,23.5,56.08,0,None,108,191
2024-03-02,HOSP_JED_02,Inhalers,25.2,38.62,0,None,132,236
2024-03-03,HOSP_JED_02,Inhalers,21.5,44.12,0,None,131,237
2024-03-04,HOSP_JED_02,Inhalers,27.7,38.86,0,None,129,229
2024-03-05,HOSP_JED_02,Inhalers,23.6,54.41,0,None,106,189
2024-03-06,HOSP_JED_02,Inhalers,27.7,70.81,0,None,117,211
2024-03-07,HOSP_JED_02,Inhalers,24.6,61.27,0,None,117,211
2024-03-08,HOSP_JED_02,Inhalers,23.5,40.91,0,None,117,207
2024-03-09,HOSP_JED_02,Inhalers,20.8,32.54,0,None,128,230
2024-03-10,HOSP_JED_02,Inhalers,27.1,40.46,0,None,119,214
2024-03-11,HOSP_JED_02,Inhalers,27.3,39.18,0,None,130,235
2024-03-12,HOSP_JED_02,Inhalers,22.9,56.95,0,None,112,201
2024-03-13,HOSP_JED_02,Inhalers,23.5,65.11,0,None,120,215
2024-03-14,HOSP_JED_02,Inhalers,25.6,34.85,0,None,129,230
2024-03-15,HOSP_JED_02,Inhalers,20.1,54.51,0,None,133,238
2024-03-16,HOSP_JED_02,Inhalers,23.5,26.26,0,None,131,235
2024-03-17,HOSP_JED_02,Inhalers,23.1,35.33,0,None,111,199
2024-03-18,HOSP_JED_02,Inhalers,21.9,48.32,0,None,121,218
2024-03-19,HOSP_JED_02,Inhalers,18.0,58.72,0,None,130,234
2024-03-20,HOSP_JED_02,Inhalers,25.6,55.26,0,None,111,201
2024-03-21,HOSP_JED_02,Inhalers,27.4,34.26,0,None,121,218
2024-03-22,HOSP_JED_02,Inhalers,23.4,51.29,0,None,112,204
2024-03-23,HOSP_JED_02,Inhalers,28.3,44.13,0,None,109,196
2024-03-24,HOSP_JED_02,Inhalers,21.0,50.36,0,None,123,220
2024-03-25,HOSP_JED_02,Inhalers,24.2,39.24,0,None,116,210
2024-03-26,HOSP_JED_02,Inhalers,24.5,60.29,0,None,118,210
2024-03-27,HOSP_JED_02,Inhalers,23.8,43.81,0,None,96,171
2024-03-28,HOSP_JED_02,Inhalers,22.4,50.63,0,None,103,184
2024-03-29,HOSP_JED_02,Inhalers,26.0,41.5,0,None,113,205
2024-03-30,HOSP_JED_02,Inhalers,25.7,67.76,0,None,115,207
2024-03-31,HOSP_JED_02,Inhalers,25.3,57.41,0,None,120,216
2024-04-01,HOSP_JED_02,Inhalers,33.2,40.57,0,None,120,216
2024-04-02,HOSP_JED_02,Inhalers,20.6,48.65,0,None,121,217
2024-04-03,HOSP_JED_02,Inhalers,22.6,56.36,0,None,111,197
2024-04-04,HOSP_JED_02,Inhalers,14.5,44.33,0,None,94,168
2024-04-05,HOSP_JED_02,Inhalers,17.4,28.56,0,None,119,215
2024-04-06,HOSP_JED_02,Inhalers,26.0,55.23,0,None,141,254
2024-04-07,HOSP_JED_02,Inhalers,21.8,49.33,0,None,103,186
2024-04-08,HOSP_JED_02,Inhalers,20.3,42.18,0,None,115,206
2024-04-09,HOSP_JED_02,Inhalers,16.5,62.74,0,None,110,197
2024-04-10,HOSP_JED_02,Inhalers,30.8,28.14,0,None,120,217
2024-04-11,HOSP_JED_02,Inhalers,20.8,47.31,0,None,119,213
2024-04-12,HOSP_JED_02,Inhalers,20.9,24.49,0,None,115,206
2024-04-13,HOSP_JED_02,Inhalers,23.5,57.16,0,None,113,205
2024-04-14,HOSP_JED_02,Inhalers,21.2,57.75,0,None,102,185
2024-04-15,HOSP_JED_02,Inhalers,20.0,51.73,0,None,122,218
2024-04-16,HOSP_JED_02,Inhalers,23.6,54.48,0,None,139,248
2024-04-17,HOSP_JED_02,Inhalers,19.5,71.45,0,None,109,197
2024-04-18,HOSP_JED_02,Inhalers,25.7,54.65,1,Sandstorm/Dust_Storm,152,312
2024-04-19,HOSP_JED_02,Inhalers,24.5,62.6,0,None,111,198
2024-04-20,HOSP_JED_02,Inhalers,17.7,51.89,0,None,122,217
2024-04-21,HOSP_JED_02,Inhalers,18.0,36.4,0,None,92,167
2024-04-22,HOSP_JED_02,Inhalers,21.5,35.37,0,None,125,223
2024-04-23,HOSP_JED_02,Inhalers,30.1,48.35,0,None,113,203
2024-04-24,HOSP_JED_02,Inhalers,21.7,57.44,0,None,122,219
2024-04-25,HOSP_JED_02,Inhalers,21.0,59.62,0,None,129,231
2024-04-26,HOSP_JED_02,Inhalers,20.0,47.39,0,None,120,217
2024-04-27,HOSP_JED_02,Inhalers,24.4,41.16,0,None,134,240
2024-04-28,HOSP_JED_02,Inhalers,25.5,50.12,0,None,116,207
2024-04-29,HOSP_JED_02,Inhalers,25.4,52.42,0,None,105,189
2024-04-30,HOSP_JED_02,Inhalers,19.3,42.92,0,None,117,211
2024-05-01,HOSP_JED_02,Inhalers,23.4,37.55,0,None,97,176
2024-05-02,HOSP_JED_02,Inhalers,23.9,56.01,0,None,116,210
2024-05-03,HOSP_JED_02,Inhalers,20.3,44.9,0,None,104,186
2024-05-04,HOSP_JED_02,Inhalers,24.3,58.95,0,None,107,192
2024-05-05,HOSP_JED_02,Inhalers,24.8,47.42,0,None,121,218
2024-05-06,HOSP_JED_02,Inhalers,18.6,73.67,0,None,111,200
2024-05-07,HOSP_JED_02,Inhalers,21.8,43.42,0,None,112,201
2024-05-08,HOSP_JED_02,Inhalers,19.7,42.6,0,None,111,199
2024-05-09,HOSP_JED_02,Inhalers,23.7,64.65,0,None,120,217
2024-05-10,HOSP_JED_02,Inhalers,33.1,72.38,0,None,133,238
2024-05-11,HOSP_JED_02,Inhalers,20.8,51.05,0,None,105,188
2024-05-12,HOSP_JED_02,Inhalers,17.0,49.58,0,None,89,160
2024-05-13,HOSP_JED_02,Inhalers,20.9,59.76,0,None,121,218
2024-05-14,HOSP_JED_02,Inhalers,23.8,58.86,0,None,109,197
2024-05-15,HOSP_JED_02,Inhalers,22.1,74.11,0,None,105,190
2024-05-16,HOSP_JED_02,Inhalers,22.6,44.1,0,None,121,217
2024-05-17,HOSP_JED_02,Inhalers,27.1,47.82,0,None,140,251
2024-05-18,HOSP_JED_02,Inhalers,13.9,63.18,0,None,116,207
2024-05-19,HOSP_JED_02,Inhalers,24.8,77.21,0,None,112,203
2024-05-20,HOSP_JED_02,Inhalers,25.9,48.08,0,None,124,224
2024-05-21,HOSP_JED_02,Inhalers,18.0,34.25,0,None,118,212
2024-05-22,HOSP_JED_02,Inhalers,23.0,59.62,0,None,103,185
2024-05-23,HOSP_JED_02,Inhalers,27.6,42.01,0,None,119,213
2024-05-24,HOSP_JED_02,Inhalers,22.5,50.91,0,None,119,215
2024-05-25,HOSP_JED_02,Inhalers,21.6,65.38,0,None,132,235
2024-05-26,HOSP_JED_02,Inhalers,22.3,36.78,0,None,107,192
2024-05-27,HOSP_JED_02,Inhalers,28.0,46.96,0,None,146,264
2024-05-28,HOSP_JED_02,Inhalers,23.4,45.48,0,None,112,200
2024-05-29,HOSP_JED_02,Inhalers,20.4,55.22,0,None,128,231
2024-05-30,HOSP_JED_02,Inhalers,20.5,46.88,0,None,108,193
2024-05-31,HOSP_JED_02,Inhalers,25.3,53.79,0,None,127,230
2024-06-01,HOSP_JED_02,Inhalers,35.2,40.46,0,None,119,214
2024-06-02,HOSP_JED_02,Inhalers,40.0,45.88,0,None,119,215
2024-06-03,HOSP_JED_02,Inhalers,41.2,48.39,0,None,132,238
2024-06-04,HOSP_JED_02,Inhalers,42.7,39.33,0,None,103,184
2024-06-05,HOSP_JED_02,Inhalers,37.9,65.13,0,None,107,192
2024-06-06,HOSP_JED_02,Inhalers,32.7,58.72,0,None,118,213
2024-06-07,HOSP_JED_02,Inhalers,33.3,53.01,1,Sandstorm/Dust_Storm,158,323
2024-06-08,HOSP_JED_02,Inhalers,32.7,33.85,0,None,125,225
2024-06-09,HOSP_JED_02,Inhalers,36.4,33.06,0,None,131,236
2024-06-10,HOSP_JED_02,Inhalers,37.4,51.77,0,None,124,222
2024-06-11,HOSP_JED_02,Inhalers,38.1,45.22,0,None,123,222
2024-06-12,HOSP_JED_02,Inhalers,37.3,53.52,0,None,110,196
2024-06-13,HOSP_JED_02,Inhalers,41.9,50.19,0,None,125,224
2024-06-14,HOSP_JED_02,Inhalers,41.1,41.78,0,None,108,195
2024-06-15,HOSP_JED_02,Inhalers,34.2,56.67,0,None,118,211
2024-06-16,HOSP_JED_02,Inhalers,41.9,66.08,0,None,131,237
2024-06-17,HOSP_JED_02,Inhalers,34.9,51.1,0,None,116,208
2024-06-18,HOSP_JED_02,Inhalers,39.4,57.66,0,None,97,175
2024-06-19,HOSP_JED_02,Inhalers,45.9,55.82,0,None,119,213
2024-06-20,HOSP_JED_02,Inhalers,32.5,51.65,0,None,117,211
2024-06-21,HOSP_JED_02,Inhalers,41.4,44.01,1,Heatwave,151,271
2024-06-22,HOSP_JED_02,Inhalers,43.0,46.26,0,None,121,216
2024-06-23,HOSP_JED_02,Inhalers,38.7,52.82,0,None,122,219
2024-06-24,HOSP_JED_02,Inhalers,40.2,43.51,0,None,122,219
2024-06-25,HOSP_JED_02,Inhalers,39.6,68.31,0,None,132,239
2024-06-26,HOSP_JED_02,Inhalers,49.0,37.94,0,None,112,201
2024-06-27,HOSP_JED_02,Inhalers,40.7,42.69,0,None,122,218
2024-06-28,HOSP_JED_02,Inhalers,38.6,50.73,0,None,118,209
2024-06-29,HOSP_JED_02,Inhalers,43.6,40.17,0,None,121,218
2024-06-30,HOSP_JED_02,Inhalers,41.2,41.9,0,None,116,210
2024-07-01,HOSP_JED_02,Inhalers,38.3,54.26,0,None,143,256
2024-07-02,HOSP_JED_02,Inhalers,38.2,52.42,0,None,128,229
2024-07-03,HOSP_JED_02,Inhalers,32.2,41.05,0,None,111,201
2024-07-04,HOSP_JED_02,Inhalers,30.0,50.96,0,None,97,175
2024-07-05,HOSP_JED_02,Inhalers,37.2,46.13,0,None,135,244
2024-07-06,HOSP_JED_02,Inhalers,35.7,49.51,0,None,140,252
2024-07-07,HOSP_JED_02,Inhalers,31.2,44.75,0,None,147,262
2024-07-08,HOSP_JED_02,Inhalers,38.3,60.95,0,None,109,195
2024-07-09,HOSP_JED_02,Inhalers,34.6,35.29,0,None,110,197
2024-07-10,HOSP_JED_02,Inhalers,31.5,45.87,0,None,119,212
2024-07-11,HOSP_JED_02,Inhalers,32.6,53.31,0,None,116,210
2024-07-12,HOSP_JED_02,Inhalers,32.8,71.14,0,None,125,224
2024-07-13,HOSP_JED_02,Inhalers,33.5,59.26,0,None,121,215
2024-07-14,HOSP_JED_02,Inhalers,37.5,59.44,1,Sandstorm/Dust_Storm,175,356
2024-07-15,HOSP_JED_02,Inhalers,35.8,37.0,0,None,98,177
2024-07-16,HOSP_JED_02,Inhalers,31.0,50.42,0,None,135,243
2024-07-17,HOSP_JED_02,Inhalers,41.3,66.06,0,None,120,216
2024-07-18,HOSP_JED_02,Inhalers,48.6,62.78,0,None,108,195
2024-07-19,HOSP_JED_02,Inhalers,37.2,57.26,0,None,124,221
2024-07-20,HOSP_JED_02,Inhalers,38.2,33.94,0,None,118,212
2024-07-21,HOSP_JED_02,Inhalers,36.9,60.27,0,None,108,194
2024-07-22,HOSP_JED_02,Inhalers,30.9,50.83,0,None,120,215
2024-07-23,HOSP_JED_02,Inhalers,35.4,49.39,0,None,112,202
2024-07-24,HOSP_JED_02,Inhalers,33.0,48.87,0,None,108,192
2024-07-25,HOSP_JED_02,Inhalers,37.5,42.02,0,None,130,233
2024-07-26,HOSP_JED_02,Inhalers,35.9,73.7,0,None,116,209
2024-07-27,HOSP_JED_02,Inhalers,40.4,60.66,0,None,115,206
2024-07-28,HOSP_JED_02,Inhalers,37.1,46.28,0,None,128,229
2024-07-29,HOSP_JED_02,Inhalers,36.6,61.56,0,None,132,239
2024-07-30,HOSP_JED_02,Inhalers,40.6,37.41,0,None,121,217
2024-07-31,HOSP_JED_02,Inhalers,37.0,65.8,0,None,104,187
2024-08-01,HOSP_JED_02,Inhalers,39.4,60.61,0,None,111,200
2024-08-02,HOSP_JED_02,Inhalers,32.1,47.25,0,None,104,186
2024-08-03,HOSP_JED_02,Inhalers,40.3,48.54,0,None,126,227
2024-08-04,HOSP_JED_02,Inhalers,39.5,53.89,0,None,140,251
2024-08-05,HOSP_JED_02,Inhalers,42.0,45.52,0,None,127,226
2024-08-06,HOSP_JED_02,Inhalers,32.7,53.39,0,None,127,228
2024-08-07,HOSP_JED_02,Inhalers,38.6,51.49,0,None,124,223
2024-08-08,HOSP_JED_02,Inhalers,40.7,51.68,0,None,135,243
2024-08-09,HOSP_JED_02,Inhalers,39.2,51.55,0,None,115,205
2024-08-10,HOSP_JED_02,Inhalers,39.3,52.42,0,None,122,218
2024-08-11,HOSP_JED_02,Inhalers,38.2,56.86,0,None,110,197
2024-08-12,HOSP_JED_02,Inhalers,42.7,48.64,0,None,108,194
2024-08-13,HOSP_JED_02,Inhalers,35.8,48.45,0,None,133,240
2024-08-14,HOSP_JED_02,Inhalers,20.1,50.33,0,None,130,234
2024-08-15,HOSP_JED_02,Inhalers,39.8,50.79,0,None,142,257
2024-08-16,HOSP_JED_02,Inhalers,37.7,58.09,0,None,123,221
2024-08-17,HOSP_JED_02,Inhalers,37.2,51.82,0,None,120,216
2024-08-18,HOSP_JED_02,Inhalers,35.1,34.49,0,None,128,230
2024-08-19,HOSP_JED_02,Inhalers,40.0,56.61,0,None,127,228
2024-08-20,HOSP_JED_02,Inhalers,34.5,35.32,0,None,110,198
2024-08-21,HOSP_JED_02,Inhalers,38.5,49.48,0,None,97,173
2024-08-22,HOSP_JED_02,Inhalers,35.1,60.0,0,None,107,191
2024-08-23,HOSP_JED_02,Inhalers,40.0,31.8,0,None,115,206
2024-08-24,HOSP_JED_02,Inhalers,37.7,44.39,0,None,135,242
2024-08-25,HOSP_JED_02,Inhalers,38.7,66.98,0,None,125,225
2024-08-26,HOSP_JED_02,Inhalers,34.5,56.35,0,None,118,213
2024-08-27,HOSP_JED_02,Inhalers,36.8,53.15,0,None,129,230
2024-08-28,HOSP_JED_02,Inhalers,40.7,34.24,0,None,128,230
2024-08-29,HOSP_JED_02,Inhalers,35.8,45.41,0,None,159,287
2024-08-30,HOSP_JED_02,Inhalers,38.3,56.22,0,None,110,198
2024-08-31,HOSP_JED_02,Inhalers,37.1,42.56,0,None,110,196
2024-09-01,HOSP_JED_02,Inhalers,21.5,52.5,0,None,123,222
2024-09-02,HOSP_JED_02,Inhalers,23.2,32.75,0,None,125,225
2024-09-03,HOSP_JED_02,Inhalers,17.3,36.58,0,None,131,236
2024-09-04,HOSP_JED_02,Inhalers,20.9,57.9,0,None,133,239
2024-09-05,HOSP_JED_02,Inhalers,18.5,66.36,0,None,114,205
2024-09-06,HOSP_JED_02,Inhalers,16.6,73.22,0,None,114,206
2024-09-07,HOSP_JED_02,Inhalers,26.7,47.65,0,None,120,217
2024-09-08,HOSP_JED_02,Inhalers,23.5,41.8,0,None,121,216
2024-09-09,HOSP_JED_02,Inhalers,24.7,67.82,0,None,101,181
2024-09-10,HOSP_JED_02,Inhalers,21.2,59.22,0,None,126,225
2024-09-11,HOSP_JED_02,Inhalers,10.7,45.44,0,None,110,197
2024-09-12,HOSP_JED_02,Inhalers,30.7,54.02,1,Sandstorm/Dust_Storm,172,351
2024-09-13,HOSP_JED_02,Inhalers,22.0,51.53,0,None,123,220
2024-09-14,HOSP_JED_02,Inhalers,23.7,57.53,0,None,111,199
2024-09-15,HOSP_JED_02,Inhalers,23.6,51.48,0,None,121,217
2024-09-16,HOSP_JED_02,Inhalers,25.2,41.88,0,None,108,193
2024-09-17,HOSP_JED_02,Inhalers,14.9,52.36,0,None,97,174
2024-09-18,HOSP_JED_02,Inhalers,25.6,56.11,0,None,123,221
2024-09-19,HOSP_JED_02,Inhalers,23.3,44.11,0,None,104,186
2024-09-20,HOSP_JED_02,Inhalers,27.9,63.71,0,None,121,216
2024-09-21,HOSP_JED_02,Inhalers,24.4,59.83,0,None,114,205
2024-09-22,HOSP_JED_02,Inhalers,25.8,46.9,0,None,136,245
2024-09-23,HOSP_JED_02,Inhalers,27.4,66.04,0,None,97,174
2024-09-24,HOSP_JED_02,Inhalers,19.8,68.85,0,None,119,214
2024-09-25,HOSP_JED_02,Inhalers,15.9,42.07,0,None,107,193
2024-09-26,HOSP_JED_02,Inhalers,18.4,54.27,0,None,102,183
2024-09-27,HOSP_JED_02,Inhalers,22.1,64.55,0,None,135,242
2024-09-28,HOSP_JED_02,Inhalers,24.0,54.42,0,None,137,246
2024-09-29,HOSP_JED_02,Inhalers,27.9,45.97,0,None,102,183
2024-09-30,HOSP_JED_02,Inhalers,18.9,51.16,0,None,107,192
2024-10-01,HOSP_JED_02,Inhalers,24.6,57.01,0,None,109,194
2024-10-02,HOSP_JED_02,Inhalers,19.5,42.39,0,None,90,162
2024-10-03,HOSP_JED_02,Inhalers,32.0,52.32,0,None,118,213
2024-10-04,HOSP_JED_02,Inhalers,21.9,47.26,0,None,120,217
2024-10-05,HOSP_JED_02,Inhalers,15.5,46.16,0,None,121,218
2024-10-06,HOSP_JED_02,Inhalers,18.8,54.86,0,None,142,255
2024-10-07,HOSP_JED_02,Inhalers,18.1,60.83,0,None,131,235
2024-10-08,HOSP_JED_02,Inhalers,28.6,39.86,0,None,129,232
2024-10-09,HOSP_JED_02,Inhalers,29.1,37.05,0,None,109,196
2024-10-10,HOSP_JED_02,Inhalers,27.5,45.43,0,None,163,293
2024-10-11,HOSP_JED_02,Inhalers,28.5,57.38,0,None,106,189
2024-10-12,HOSP_JED_02,Inhalers,21.3,46.06,0,None,117,211
2024-10-13,HOSP_JED_02,Inhalers,18.8,52.47,0,None,97,174
2024-10-14,HOSP_JED_02,Inhalers,25.2,43.54,0,None,112,202
2024-10-15,HOSP_JED_02,Inhalers,27.2,55.94,0,None,149,267
2024-10-16,HOSP_JED_02,Inhalers,23.2,37.72,0,None,125,224
2024-10-17,HOSP_JED_02,Inhalers,16.9,44.8,0,None,124,223
2024-10-18,HOSP_JED_02,Inhalers,29.1,28.53,0,None,115,207
2024-10-19,HOSP_JED_02,Inhalers,20.1,46.45,0,None,128,229
2024-10-20,HOSP_JED_02,Inhalers,22.6,46.44,0,None,121,218
2024-10-21,HOSP_JED_02,Inhalers,23.8,47.51,0,None,122,219
2024-10-22,HOSP_JED_02,Inhalers,23.0,47.58,0,None,96,172
2024-10-23,HOSP_JED_02,Inhalers,24.9,68.42,0,None,111,200
2024-10-24,HOSP_JED_02,Inhalers,15.4,42.03,0,None,104,188
2024-10-25,HOSP_JED_02,Inhalers,16.7,75.1,0,None,119,214
2024-10-26,HOSP_JED_02,Inhalers,18.4,52.32,0,None,146,262
2024-10-27,HOSP_JED_02,Inhalers,22.5,48.31,0,None,128,231
2024-10-28,HOSP_JED_02,Inhalers,20.0,46.44,0,None,125,221
2024-10-29,HOSP_JED_02,Inhalers,18.1,56.67,0,None,132,236
2024-10-30,HOSP_JED_02,Inhalers,20.5,60.87,0,None,109,194
2024-10-31,HOSP_JED_02,Inhalers,25.3,49.71,0,None,113,205
2024-11-01,HOSP_JED_02,Inhalers,23.9,76.74,0,None,163,293
2024-11-02,HOSP_JED_02,Inhalers,27.8,56.55,0,None,153,276
2024-11-03,HOSP_JED_02,Inhalers,24.6,84.45,0,None,151,271
2024-11-04,HOSP_JED_02,Inhalers,25.5,72.67,0,None,146,262
2024-11-05,HOSP_JED_02,Inhalers,30.2,81.84,0,None,145,261
2024-11-06,HOSP_JED_02,Inhalers,24.2,73.65,1,Sandstorm/Dust_Storm,172,348
2024-11-07,HOSP_JED_02,Inhalers,22.3,77.56,0,None,136,246
2024-11-08,HOSP_JED_02,Inhalers,23.9,69.34,0,None,158,284
2024-11-09,HOSP_JED_02,Inhalers,23.3,69.22,0,None,144,257
2024-11-10,HOSP_JED_02,Inhalers,20.0,76.09,0,None,139,250
2024-11-11,HOSP_JED_02,Inhalers,24.1,77.18,0,None,166,299
2024-11-12,HOSP_JED_02,Inhalers,17.9,84.34,0,None,155,279
2024-11-13,HOSP_JED_02,Inhalers,19.6,85.26,0,None,143,256
2024-11-14,HOSP_JED_02,Inhalers,26.6,70.1,0,None,173,311
2024-11-15,HOSP_JED_02,Inhalers,23.7,47.59,0,None,149,267
2024-11-16,HOSP_JED_02,Inhalers,19.2,84.0,0,None,135,242
2024-11-17,HOSP_JED_02,Inhalers,21.3,71.5,0,None,149,268
2024-11-18,HOSP_JED_02,Inhalers,20.5,77.27,0,None,173,310
2024-11-19,HOSP_JED_02,Inhalers,22.5,67.9,0,None,156,278
2024-11-20,HOSP_JED_02,Inhalers,30.4,88.8,0,None,143,257
2024-11-21,HOSP_JED_02,Inhalers,25.1,93.07,0,None,163,292
2024-11-22,HOSP_JED_02,Inhalers,30.2,85.16,0,None,157,282
2024-11-23,HOSP_JED_02,Inhalers,25.2,78.81,0,None,143,256
2024-11-24,HOSP_JED_02,Inhalers,19.9,84.82,0,None,148,266
2024-11-25,HOSP_JED_02,Inhalers,28.3,95.09,0,None,142,255
2024-11-26,HOSP_JED_02,Inhalers,19.9,80.14,0,None,144,259
2024-11-27,HOSP_JED_02,Inhalers,16.7,57.91,0,None,151,271
2024-11-28,HOSP_JED_02,Inhalers,25.6,63.38,0,None,136,245
2024-11-29,HOSP_JED_02,Inhalers,26.7,90.3,0,None,154,276
2024-11-30,HOSP_JED_02,Inhalers,29.3,75.59,0,None,152,273
2024-12-01,HOSP_JED_02,Inhalers,24.5,72.57,0,None,146,263
2024-12-02,HOSP_JED_02,Inhalers,21.4,73.58,0,None,139,251
2024-12-03,HOSP_JED_02,Inhalers,22.1,80.2,0,None,147,267
2024-12-04,HOSP_JED_02,Inhalers,21.7,65.24,0,None,163,294
2024-12-05,HOSP_JED_02,Inhalers,26.4,53.28,0,None,139,248
2024-12-06,HOSP_JED_02,Inhalers,20.7,90.69,0,None,146,261
2024-12-07,HOSP_JED_02,Inhalers,25.6,78.03,0,None,154,277
2024-12-08,HOSP_JED_02,Inhalers,27.1,72.65,0,None,126,226
2024-12-09,HOSP_JED_02,Inhalers,17.3,69.36,0,None,145,259
2024-12-10,HOSP_JED_02,Inhalers,25.3,75.97,0,None,136,244
2024-12-11,HOSP_JED_02,Inhalers,24.7,84.42,0,None,166,299
2024-12-12,HOSP_JED_02,Inhalers,21.0,73.31,0,None,140,252
2024-12-13,HOSP_JED_02,Inhalers,18.6,82.61,0,None,137,245
2024-12-14,HOSP_JED_02,Inhalers,27.0,73.46,0,None,141,254
2024-12-15,HOSP_JED_02,Inhalers,21.4,89.0,0,None,155,279
2024-12-16,HOSP_JED_02,Inhalers,24.9,82.51,0,None,141,253
2024-12-17,HOSP_JED_02,Inhalers,19.2,78.91,0,None,137,245
2024-12-18,HOSP_JED_02,Inhalers,19.3,87.86,0,None,155,277
2024-12-19,HOSP_JED_02,Inhalers,21.8,76.78,0,None,158,283
2024-12-20,HOSP_JED_02,Inhalers,26.4,62.36,0,None,142,256
2024-12-21,HOSP_JED_02,Inhalers,20.2,78.31,0,None,137,246
2024-12-22,HOSP_JED_02,Inhalers,23.7,74.8,0,None,126,225
2024-12-23,HOSP_JED_02,Inhalers,25.4,72.49,0,None,146,262
2024-12-24,HOSP_JED_02,Inhalers,23.3,67.9,1,Sandstorm/Dust_Storm,185,373
2024-12-25,HOSP_JED_02,Inhalers,30.3,68.95,0,None,156,282
2024-12-26,HOSP_JED_02,Inhalers,28.5,66.83,0,None,147,265
2024-12-27,HOSP_JED_02,Inhalers,20.0,86.36,0,None,139,249
2024-12-28,HOSP_JED_02,Inhalers,16.9,73.67,1,Sandstorm/Dust_Storm,186,375
2024-12-29,HOSP_JED_02,Inhalers,18.5,85.24,0,None,129,232
2024-12-30,HOSP_JED_02,Inhalers,24.6,65.1,0,None,148,267
2024-12-31,HOSP_JED_02,Inhalers,28.0,73.89,0,None,142,255
2025-01-01,HOSP_JED_02,Inhalers,21.4,61.57,0,None,140,251
2025-01-02,HOSP_JED_02,Inhalers,25.1,93.94,0,None,120,216
2025-01-03,HOSP_JED_02,Inhalers,23.6,71.26,0,None,147,266
2025-01-04,HOSP_JED_02,Inhalers,20.1,65.39,0,None,131,235
2025-01-05,HOSP_JED_02,Inhalers,15.7,76.93,0,None,132,237
2025-01-06,HOSP_JED_02,Inhalers,22.9,55.32,0,None,168,302
2025-01-07,HOSP_JED_02,Inhalers,21.9,66.35,0,None,133,240
2025-01-08,HOSP_JED_02,Inhalers,17.1,96.07,0,None,156,282
2025-01-09,HOSP_JED_02,Inhalers,26.9,76.68,0,None,127,229
2025-01-10,HOSP_JED_02,Inhalers,27.8,82.47,0,None,152,274
2025-01-11,HOSP_JED_02,Inhalers,22.6,78.59,0,None,152,274
2025-01-12,HOSP_JED_02,Inhalers,32.7,67.56,0,None,134,241
2025-01-13,HOSP_JED_02,Inhalers,24.3,97.46,0,None,155,278
2025-01-14,HOSP_JED_02,Inhalers,24.1,71.68,1,Sandstorm/Dust_Storm,201,402
2025-01-15,HOSP_JED_02,Inhalers,23.9,88.25,0,None,142,255
2025-01-16,HOSP_JED_02,Inhalers,21.2,77.43,0,None,172,310
2025-01-17,HOSP_JED_02,Inhalers,24.0,66.51,0,None,174,312
2025-01-18,HOSP_JED_02,Inhalers,24.5,90.24,0,None,128,228
2025-01-19,HOSP_JED_02,Inhalers,29.0,71.03,0,None,144,259
2025-01-20,HOSP_JED_02,Inhalers,20.1,78.19,0,None,171,307
2025-01-21,HOSP_JED_02,Inhalers,18.6,70.58,0,None,158,282
2025-01-22,HOSP_JED_02,Inhalers,17.8,95.98,0,None,134,240
2025-01-23,HOSP_JED_02,Inhalers,20.4,67.25,0,None,151,272
2025-01-24,HOSP_JED_02,Inhalers,27.1,61.28,0,None,138,248
2025-01-25,HOSP_JED_02,Inhalers,26.1,112.28,0,None,166,299
2025-01-26,HOSP_JED_02,Inhalers,19.5,74.74,0,None,135,243
2025-01-27,HOSP_JED_02,Inhalers,17.6,71.8,0,None,125,224
2025-01-28,HOSP_JED_02,Inhalers,21.9,68.89,0,None,156,282
2025-01-29,HOSP_JED_02,Inhalers,29.3,59.64,0,None,147,264
2025-01-30,HOSP_JED_02,Inhalers,22.4,77.51,0,None,131,234
2025-01-31,HOSP_JED_02,Inhalers,24.7,66.97,0,None,151,271
2025-02-01,HOSP_JED_02,Inhalers,20.9,74.21,0,None,143,256
2025-02-02,HOSP_JED_02,Inhalers,15.3,74.83,0,None,140,252
2025-02-03,HOSP_JED_02,Inhalers,19.9,73.2,0,None,147,265
2025-02-04,HOSP_JED_02,Inhalers,23.7,76.32,0,None,138,247
2025-02-05,HOSP_JED_02,Inhalers,17.8,80.88,0,None,130,234
2025-02-06,HOSP_JED_02,Inhalers,28.6,71.82,0,None,164,294
2025-02-07,HOSP_JED_02,Inhalers,23.8,78.54,0,None,156,279
2025-02-08,HOSP_JED_02,Inhalers,17.4,68.67,0,None,134,241
2025-02-09,HOSP_JED_02,Inhalers,17.1,86.07,0,None,159,287
2025-02-10,HOSP_JED_02,Inhalers,22.9,78.2,0,None,144,259
2025-02-11,HOSP_JED_02,Inhalers,20.7,65.87,0,None,137,246
2025-02-12,HOSP_JED_02,Inhalers,20.5,74.75,0,None,128,231
2025-02-13,HOSP_JED_02,Inhalers,16.6,72.79,0,None,143,258
2025-02-14,HOSP_JED_02,Inhalers,26.7,83.12,0,None,144,259
2025-02-15,HOSP_JED_02,Inhalers,21.8,89.38,0,None,128,229
2025-02-16,HOSP_JED_02,Inhalers,19.7,72.81,0,None,157,283
2025-02-17,HOSP_JED_02,Inhalers,22.2,88.45,0,None,141,254
2025-02-18,HOSP_JED_02,Inhalers,18.6,58.42,0,None,134,241
2025-02-19,HOSP_JED_02,Inhalers,28.8,71.91,1,Sandstorm/Dust_Storm,190,379
2025-02-20,HOSP_JED_02,Inhalers,18.8,77.29,0,None,124,225
2025-02-21,HOSP_JED_02,Inhalers,21.9,73.83,0,None,155,279
2025-02-22,HOSP_JED_02,Inhalers,26.8,65.69,0,None,141,255
2025-02-23,HOSP_JED_02,Inhalers,22.2,57.8,0,None,137,245
2025-02-24,HOSP_JED_02,Inhalers,26.5,76.13,0,None,135,243
2025-02-25,HOSP_JED_02,Inhalers,26.0,75.46,0,None,163,291
2025-02-26,HOSP_JED_02,Inhalers,19.0,88.48,0,None,152,274
2025-02-27,HOSP_JED_02,Inhalers,23.3,58.17,0,None,149,268
2025-02-28,HOSP_JED_02,Inhalers,26.5,80.55,0,None,166,298
2025-03-01,HOSP_JED_02,Inhalers,23.1,42.3,1,Sandstorm/Dust_Storm,155,318
2025-03-02,HOSP_JED_02,Inhalers,19.3,58.81,0,None,121,218
2025-03-03,HOSP_JED_02,Inhalers,22.8,70.88,0,None,126,226
2025-03-04,HOSP_JED_02,Inhalers,25.3,52.61,0,None,126,227
2025-03-05,HOSP_JED_02,Inhalers,16.6,54.11,0,None,104,186
2025-03-06,HOSP_JED_02,Inhalers,25.2,54.09,0,None,133,237
2025-03-07,HOSP_JED_02,Inhalers,23.2,57.3,0,None,119,214
2025-03-08,HOSP_JED_02,Inhalers,19.3,68.79,0,None,132,235
2025-03-09,HOSP_JED_02,Inhalers,24.2,52.91,0,None,121,218
2025-03-10,HOSP_JED_02,Inhalers,15.2,55.4,0,None,114,205
2025-03-11,HOSP_JED_02,Inhalers,24.0,71.17,0,None,119,213
2025-03-12,HOSP_JED_02,Inhalers,24.0,60.34,0,None,117,211
2025-03-13,HOSP_JED_02,Inhalers,26.0,65.01,0,None,114,203
2025-03-14,HOSP_JED_02,Inhalers,27.3,64.53,0,None,121,218
2025-03-15,HOSP_JED_02,Inhalers,29.7,62.45,0,None,121,217
2025-03-16,HOSP_JED_02,Inhalers,25.0,37.31,1,Sandstorm/Dust_Storm,154,316
2025-03-17,HOSP_JED_02,Inhalers,21.7,48.45,0,None,130,233
2025-03-18,HOSP_JED_02,Inhalers,22.0,39.45,0,None,105,190
2025-03-19,HOSP_JED_02,Inhalers,24.8,37.07,0,None,88,158
2025-03-20,HOSP_JED_02,Inhalers,17.4,48.22,0,None,113,202
2025-03-21,HOSP_JED_02,Inhalers,20.5,42.35,0,None,110,197
2025-03-22,HOSP_JED_02,Inhalers,20.4,46.2,0,None,112,201
2025-03-23,HOSP_JED_02,Inhalers,19.9,50.0,0,None,120,215
2025-03-24,HOSP_JED_02,Inhalers,30.0,60.67,0,None,136,243
2025-03-25,HOSP_JED_02,Inhalers,19.7,44.43,0,None,150,268
2025-03-26,HOSP_JED_02,Inhalers,23.9,41.48,0,None,118,213
2025-03-27,HOSP_JED_02,Inhalers,27.7,64.83,0,None,117,211
2025-03-28,HOSP_JED_02,Inhalers,19.6,49.29,0,None,119,213
2025-03-29,HOSP_JED_02,Inhalers,24.2,76.85,0,None,111,201
2025-03-30,HOSP_JED_02,Inhalers,27.0,36.29,0,None,100,179
2025-03-31,HOSP_JED_02,Inhalers,22.6,48.48,0,None,95,171
2025-04-01,HOSP_JED_02,Inhalers,24.6,50.49,0,None,104,187
2025-04-02,HOSP_JED_02,Inhalers,22.3,33.86,0,None,136,246
2025-04-03,HOSP_JED_02,Inhalers,19.4,55.74,0,None,117,208
2025-04-04,HOSP_JED_02,Inhalers,28.1,50.88,0,None,106,190
2025-04-05,HOSP_JED_02,Inhalers,23.3,50.05,0,None,129,233
2025-04-06,HOSP_JED_02,Inhalers,21.7,54.59,0,None,113,205
2025-04-07,HOSP_JED_02,Inhalers,20.9,59.43,0,None,114,206
2025-04-08,HOSP_JED_02,Inhalers,24.9,48.32,0,None,135,239
2025-04-09,HOSP_JED_02,Inhalers,16.6,45.58,0,None,119,213
2025-04-10,HOSP_JED_02,Inhalers,22.0,70.79,0,None,115,208
2025-04-11,HOSP_JED_02,Inhalers,15.4,65.04,0,None,139,249
2025-04-12,HOSP_JED_02,Inhalers,22.3,58.38,0,None,119,213
2025-04-13,HOSP_JED_02,Inhalers,28.0,56.78,0,None,123,220
2025-04-14,HOSP_JED_02,Inhalers,17.2,54.91,0,None,98,178
2025-04-15,HOSP_JED_02,Inhalers,24.6,40.55,0,None,121,219
2025-04-16,HOSP_JED_02,Inhalers,20.4,58.78,0,None,125,226
2025-04-17,HOSP_JED_02,Inhalers,22.7,55.4,0,None,145,261
2025-04-18,HOSP_JED_02,Inhalers,20.5,41.3,0,None,132,236
2025-04-19,HOSP_JED_02,Inhalers,21.0,53.77,0,None,101,181
2025-04-20,HOSP_JED_02,Inhalers,23.6,30.0,0,None,128,231
2025-04-21,HOSP_JED_02,Inhalers,27.0,58.49,0,None,141,253
2025-04-22,HOSP_JED_02,Inhalers,30.4,56.87,0,None,115,205
2025-04-23,HOSP_JED_02,Inhalers,22.1,48.13,0,None,109,198
2025-04-24,HOSP_JED_02,Inhalers,21.5,41.88,0,None,108,195
2025-04-25,HOSP_JED_02,Inhalers,20.9,47.92,0,None,128,231
2025-04-26,HOSP_JED_02,Inhalers,23.0,60.18,0,None,141,253
2025-04-27,HOSP_JED_02,Inhalers,20.5,48.18,0,None,115,204
2025-04-28,HOSP_JED_02,Inhalers,28.3,33.96,0,None,121,216
2025-04-29,HOSP_JED_02,Inhalers,27.1,45.42,0,None,105,189
2025-04-30,HOSP_JED_02,Inhalers,27.0,65.6,0,None,106,189
2025-05-01,HOSP_JED_02,Inhalers,25.1,38.08,1,Sandstorm/Dust_Storm,171,347
2025-05-02,HOSP_JED_02,Inhalers,15.9,35.13,0,None,118,214
2025-05-03,HOSP_JED_02,Inhalers,17.5,50.35,1,Sandstorm/Dust_Storm,169,342
2025-05-04,HOSP_JED_02,Inhalers,19.2,63.5,0,None,127,227
2025-05-05,HOSP_JED_02,Inhalers,19.3,61.67,0,None,128,229
2025-05-06,HOSP_JED_02,Inhalers,27.3,38.02,0,None,101,180
2025-05-07,HOSP_JED_02,Inhalers,24.1,37.06,0,None,109,196
2025-05-08,HOSP_JED_02,Inhalers,27.6,42.5,0,None,114,205
2025-05-09,HOSP_JED_02,Inhalers,21.1,65.71,0,None,105,189
2025-05-10,HOSP_JED_02,Inhalers,18.0,53.23,1,Sandstorm/Dust_Storm,155,319
2025-05-11,HOSP_JED_02,Inhalers,20.9,34.51,0,None,111,201
2025-05-12,HOSP_JED_02,Inhalers,28.1,31.98,0,None,106,189
2025-05-13,HOSP_JED_02,Inhalers,22.1,44.79,1,Sandstorm/Dust_Storm,153,314
2025-05-14,HOSP_JED_02,Inhalers,26.5,52.5,0,None,107,191
2025-05-15,HOSP_JED_02,Inhalers,29.6,55.84,0,None,141,255
2025-05-16,HOSP_JED_02,Inhalers,27.6,57.28,0,None,118,213
2025-05-17,HOSP_JED_02,Inhalers,22.4,44.79,0,None,120,214
2025-05-18,HOSP_JED_02,Inhalers,28.3,44.67,0,None,125,224
2025-05-19,HOSP_JED_02,Inhalers,25.1,30.29,0,None,122,219
2025-05-20,HOSP_JED_02,Inhalers,25.3,36.06,0,None,118,213
2025-05-21,HOSP_JED_02,Inhalers,22.4,54.76,0,None,105,188
2025-05-22,HOSP_JED_02,Inhalers,30.9,67.64,1,Sandstorm/Dust_Storm,173,352
2025-05-23,HOSP_JED_02,Inhalers,24.2,59.63,0,None,127,227
2025-05-24,HOSP_JED_02,Inhalers,21.8,51.97,1,Sandstorm/Dust_Storm,151,311
2025-05-25,HOSP_JED_02,Inhalers,29.6,50.22,0,None,129,233
2025-05-26,HOSP_JED_02,Inhalers,23.7,32.24,0,None,109,195
2025-05-27,HOSP_JED_02,Inhalers,28.0,64.41,0,None,115,208
2025-05-28,HOSP_JED_02,Inhalers,19.4,53.07,0,None,98,174
2025-05-29,HOSP_JED_02,Inhalers,18.1,54.35,0,None,121,218
2025-05-30,HOSP_JED_02,Inhalers,21.7,49.02,0,None,141,253
2025-05-31,HOSP_JED_02,Inhalers,24.1,61.91,0,None,122,220
2025-06-01,HOSP_JED_02,Inhalers,39.6,61.69,1,Sandstorm/Dust_Storm,160,328
2025-06-02,HOSP_JED_02,Inhalers,36.9,47.39,0,None,114,203
2025-06-03,HOSP_JED_02,Inhalers,46.1,37.61,0,None,119,214
2025-06-04,HOSP_JED_02,Inhalers,39.8,45.31,0,None,127,228
2025-06-05,HOSP_JED_02,Inhalers,36.7,42.95,0,None,106,190
2025-06-06,HOSP_JED_02,Inhalers,37.8,38.26,0,None,102,182
2025-06-07,HOSP_JED_02,Inhalers,34.3,28.41,0,None,131,235
2025-06-08,HOSP_JED_02,Inhalers,42.7,38.05,0,None,103,185
2025-06-09,HOSP_JED_02,Inhalers,34.7,55.47,0,None,121,221
2025-06-10,HOSP_JED_02,Inhalers,32.9,47.19,0,None,124,224
2025-06-11,HOSP_JED_02,Inhalers,33.8,46.98,0,None,138,248
2025-06-12,HOSP_JED_02,Inhalers,39.7,65.66,1,Sandstorm/Dust_Storm,162,330
2025-06-13,HOSP_JED_02,Inhalers,40.5,40.03,0,None,124,225
2025-06-14,HOSP_JED_02,Inhalers,29.9,34.59,0,None,109,196
2025-06-15,HOSP_JED_02,Inhalers,38.5,32.7,0,None,127,228
2025-06-16,HOSP_JED_02,Inhalers,39.7,49.18,0,None,106,192
2025-06-17,HOSP_JED_02,Inhalers,35.2,53.6,0,None,98,176
2025-06-18,HOSP_JED_02,Inhalers,32.9,39.2,0,None,137,246
2025-06-19,HOSP_JED_02,Inhalers,38.8,45.83,0,None,146,262
2025-06-20,HOSP_JED_02,Inhalers,36.0,35.52,0,None,115,208
2025-06-21,HOSP_JED_02,Inhalers,35.6,41.63,0,None,122,219
2025-06-22,HOSP_JED_02,Inhalers,36.2,57.9,0,None,114,206
2025-06-23,HOSP_JED_02,Inhalers,42.1,52.37,0,None,121,217
2025-06-24,HOSP_JED_02,Inhalers,28.2,46.22,0,None,124,223
2025-06-25,HOSP_JED_02,Inhalers,43.0,37.08,0,None,99,178
2025-06-26,HOSP_JED_02,Inhalers,36.5,60.61,0,None,134,243
2025-06-27,HOSP_JED_02,Inhalers,33.9,69.11,0,None,131,236
2025-06-28,HOSP_JED_02,Inhalers,43.7,52.93,0,None,117,209
2025-06-29,HOSP_JED_02,Inhalers,38.3,61.51,0,None,99,178
2025-06-30,HOSP_JED_02,Inhalers,39.6,42.06,0,None,93,166
2025-07-01,HOSP_JED_02,Inhalers,39.4,53.47,0,None,123,222
2025-07-02,HOSP_JED_02,Inhalers,38.0,40.83,0,None,118,212
2025-07-03,HOSP_JED_02,Inhalers,34.4,50.69,0,None,123,222
2025-07-04,HOSP_JED_02,Inhalers,30.7,54.3,0,None,142,257
2025-07-05,HOSP_JED_02,Inhalers,39.0,45.03,0,None,151,272
2025-07-06,HOSP_JED_02,Inhalers,35.9,50.18,0,None,121,217
2025-07-07,HOSP_JED_02,Inhalers,35.5,56.23,0,None,131,235
2025-07-08,HOSP_JED_02,Inhalers,40.5,55.8,0,None,121,217
2025-07-09,HOSP_JED_02,Inhalers,37.3,58.23,0,None,128,228
2025-07-10,HOSP_JED_02,Inhalers,41.4,43.43,0,None,134,241
2025-07-11,HOSP_JED_02,Inhalers,38.6,65.48,0,None,121,219
2025-07-12,HOSP_JED_02,Inhalers,37.5,40.2,0,None,116,208
2025-07-13,HOSP_JED_02,Inhalers,41.5,37.58,0,None,119,212
2025-07-14,HOSP_JED_02,Inhalers,38.2,26.98,0,None,135,242
2025-07-15,HOSP_JED_02,Inhalers,34.2,58.17,0,None,130,232
2025-07-16,HOSP_JED_02,Inhalers,44.1,47.16,0,None,116,209
2025-07-17,HOSP_JED_02,Inhalers,42.3,42.41,0,None,85,154
2025-07-18,HOSP_JED_02,Inhalers,40.0,54.39,0,None,127,227
2025-07-19,HOSP_JED_02,Inhalers,32.0,56.92,0,None,114,203
2025-07-20,HOSP_JED_02,Inhalers,34.3,55.88,0,None,124,224
2025-07-21,HOSP_JED_02,Inhalers,33.0,63.07,0,None,105,190
2025-07-22,HOSP_JED_02,Inhalers,36.8,60.29,0,None,121,217
2025-07-23,HOSP_JED_02,Inhalers,37.1,32.37,0,None,115,206
2025-07-24,HOSP_JED_02,Inhalers,35.7,65.88,0,None,117,210
2025-07-25,HOSP_JED_02,Inhalers,37.9,56.74,0,None,119,213
2025-07-26,HOSP_JED_02,Inhalers,41.1,49.76,0,None,126,227
2025-07-27,HOSP_JED_02,Inhalers,35.0,39.79,0,None,108,192
2025-07-28,HOSP_JED_02,Inhalers,35.4,35.62,0,None,129,232
2025-07-29,HOSP_JED_02,Inhalers,38.2,61.68,0,None,114,204
2025-07-30,HOSP_JED_02,Inhalers,35.6,36.89,0,None,127,227
2025-07-31,HOSP_JED_02,Inhalers,35.5,70.18,0,None,114,205
2025-08-01,HOSP_JED_02,Inhalers,39.3,30.87,0,None,120,216
2025-08-02,HOSP_JED_02,Inhalers,27.8,42.98,0,None,117,211
2025-08-03,HOSP_JED_02,Inhalers,33.8,29.8,1,Sandstorm/Dust_Storm,157,324
2025-08-04,HOSP_JED_02,Inhalers,38.8,33.3,0,None,123,222
2025-08-05,HOSP_JED_02,Inhalers,43.7,52.93,0,None,115,206
2025-08-06,HOSP_JED_02,Inhalers,39.8,53.72,0,None,130,232
2025-08-07,HOSP_JED_02,Inhalers,39.1,46.59,0,None,111,200
2025-08-08,HOSP_JED_02,Inhalers,36.6,34.12,0,None,121,217
2025-08-09,HOSP_JED_02,Inhalers,45.1,40.84,0,None,112,200
2025-08-10,HOSP_JED_02,Inhalers,34.0,46.78,0,None,123,221
2025-08-11,HOSP_JED_02,Inhalers,41.2,50.03,0,None,138,247
2025-08-12,HOSP_JED_02,Inhalers,34.6,64.77,0,None,114,203
2025-08-13,HOSP_JED_02,Inhalers,37.6,47.18,0,None,110,197
2025-08-14,HOSP_JED_02,Inhalers,42.3,52.51,0,None,115,207
2025-08-15,HOSP_JED_02,Inhalers,37.1,53.36,0,None,122,219
2025-08-16,HOSP_JED_02,Inhalers,41.6,47.78,1,Heatwave,143,257
2025-08-17,HOSP_JED_02,Inhalers,36.1,43.89,0,None,121,217
2025-08-18,HOSP_JED_02,Inhalers,37.8,48.33,0,None,101,182
2025-08-19,HOSP_JED_02,Inhalers,43.2,43.66,0,None,132,237
2025-08-20,HOSP_JED_02,Inhalers,38.8,36.69,0,None,122,218
2025-08-21,HOSP_JED_02,Inhalers,37.6,70.69,0,None,143,257
2025-08-22,HOSP_JED_02,Inhalers,34.0,36.84,0,None,118,211
2025-08-23,HOSP_JED_02,Inhalers,37.1,65.62,0,None,101,181
2025-08-24,HOSP_JED_02,Inhalers,39.5,49.82,0,None,114,204
2025-08-25,HOSP_JED_02,Inhalers,38.6,39.36,0,None,122,220
2025-08-26,HOSP_JED_02,Inhalers,36.5,43.14,1,Sandstorm/Dust_Storm,169,345
2025-08-27,HOSP_JED_02,Inhalers,37.8,40.5,0,None,118,213
2025-08-28,HOSP_JED_02,Inhalers,41.2,43.62,0,None,134,240
2025-08-29,HOSP_JED_02,Inhalers,39.4,38.32,0,None,127,228
2025-08-30,HOSP_JED_02,Inhalers,31.5,56.8,0,None,116,208
2025-08-31,HOSP_JED_02,Inhalers,41.6,70.22,0,None,132,237
2025-09-01,HOSP_JED_02,Inhalers,26.6,41.39,0,None,119,216
2025-09-02,HOSP_JED_02,Inhalers,21.5,52.2,0,None,119,213
2025-09-03,HOSP_JED_02,Inhalers,20.4,51.99,0,None,110,199
2025-09-04,HOSP_JED_02,Inhalers,25.5,57.61,0,None,130,234
2025-09-05,HOSP_JED_02,Inhalers,22.1,44.36,1,Sandstorm/Dust_Storm,145,300
2025-09-06,HOSP_JED_02,Inhalers,19.8,53.06,0,None,116,209
2025-09-07,HOSP_JED_02,Inhalers,26.8,43.1,0,None,111,199
2025-09-08,HOSP_JED_02,Inhalers,22.1,40.38,0,None,131,236
2025-09-09,HOSP_JED_02,Inhalers,20.7,57.54,0,None,95,172
2025-09-10,HOSP_JED_02,Inhalers,16.8,60.45,0,None,134,240
2025-09-11,HOSP_JED_02,Inhalers,17.6,58.76,0,None,113,205
2025-09-12,HOSP_JED_02,Inhalers,25.4,57.53,0,None,113,205
2025-09-13,HOSP_JED_02,Inhalers,26.5,44.3,0,None,97,175
2025-09-14,HOSP_JED_02,Inhalers,19.1,31.76,0,None,117,210
2025-09-15,HOSP_JED_02,Inhalers,20.4,28.63,1,Sandstorm/Dust_Storm,146,303
2025-09-16,HOSP_JED_02,Inhalers,21.9,46.53,0,None,117,210
2025-09-17,HOSP_JED_02,Inhalers,22.3,37.51,0,None,130,233
2025-09-18,HOSP_JED_02,Inhalers,26.9,75.22,0,None,134,239
2025-09-19,HOSP_JED_02,Inhalers,14.3,58.25,0,None,111,199
2025-09-20,HOSP_JED_02,Inhalers,23.3,48.19,0,None,130,234
2025-09-21,HOSP_JED_02,Inhalers,24.5,43.52,0,None,121,218
2025-09-22,HOSP_JED_02,Inhalers,31.3,63.02,0,None,137,247
2025-09-23,HOSP_JED_02,Inhalers,16.8,46.87,1,Sandstorm/Dust_Storm,134,282
2025-09-24,HOSP_JED_02,Inhalers,16.7,31.25,0,None,116,207
2025-09-25,HOSP_JED_02,Inhalers,14.8,45.64,0,None,125,223
2025-09-26,HOSP_JED_02,Inhalers,22.5,49.46,0,None,120,215
2025-09-27,HOSP_JED_02,Inhalers,25.7,36.75,0,None,130,234
2025-09-28,HOSP_JED_02,Inhalers,18.5,46.82,0,None,106,191
2025-09-29,HOSP_JED_02,Inhalers,25.4,65.65,0,None,97,175
2025-09-30,HOSP_JED_02,Inhalers,25.8,53.67,0,None,135,243
2025-10-01,HOSP_JED_02,Inhalers,20.0,73.78,0,None,133,238
2025-10-02,HOSP_JED_02,Inhalers,17.9,35.83,0,None,135,243
2025-10-03,HOSP_JED_02,Inhalers,22.7,39.84,0,None,119,213
2025-10-04,HOSP_JED_02,Inhalers,22.7,51.25,0,None,142,256
2025-10-05,HOSP_JED_02,Inhalers,23.4,38.29,0,None,147,264
2025-10-06,HOSP_JED_02,Inhalers,32.3,39.45,0,None,128,229
2025-10-07,HOSP_JED_02,Inhalers,20.3,49.0,0,None,131,235
2025-10-08,HOSP_JED_02,Inhalers,29.9,45.87,0,None,124,223
2025-10-09,HOSP_JED_02,Inhalers,17.0,24.27,0,None,133,241
2025-10-10,HOSP_JED_02,Inhalers,20.3,55.01,0,None,124,223
2025-10-11,HOSP_JED_02,Inhalers,26.3,54.58,0,None,124,225
2025-10-12,HOSP_JED_02,Inhalers,16.6,46.82,0,None,141,253
2025-10-13,HOSP_JED_02,Inhalers,21.4,50.14,0,None,129,233
2025-10-14,HOSP_JED_02,Inhalers,22.5,43.06,0,None,94,169
2025-10-15,HOSP_JED_02,Inhalers,21.7,45.49,0,None,102,180
2025-10-16,HOSP_JED_02,Inhalers,27.4,31.73,0,None,87,156
2025-10-17,HOSP_JED_02,Inhalers,20.8,51.19,0,None,131,236
2025-10-18,HOSP_JED_02,Inhalers,24.5,55.18,0,None,106,189
2025-10-19,HOSP_JED_02,Inhalers,31.0,43.46,0,None,104,186
2025-10-20,HOSP_JED_02,Inhalers,20.7,41.26,0,None,111,201
2025-10-21,HOSP_JED_02,Inhalers,22.2,49.46,0,None,123,221
2025-10-22,HOSP_JED_02,Inhalers,23.2,55.41,0,None,132,236
2025-10-23,HOSP_JED_02,Inhalers,23.4,41.62,0,None,116,208
2025-10-24,HOSP_JED_02,Inhalers,17.2,43.33,0,None,114,204
2025-10-25,HOSP_JED_02,Inhalers,18.9,41.15,0,None,108,194
2025-10-26,HOSP_JED_02,Inhalers,22.4,36.58,0,None,112,201
2025-10-27,HOSP_JED_02,Inhalers,25.7,58.9,0,None,108,196
2025-10-28,HOSP_JED_02,Inhalers,18.5,46.52,0,None,121,217
2025-10-29,HOSP_JED_02,Inhalers,24.7,56.24,0,None,120,217
2025-10-30,HOSP_JED_02,Inhalers,24.0,31.19,0,None,115,208
2025-10-31,HOSP_JED_02,Inhalers,19.6,61.88,1,Sandstorm/Dust_Storm,158,325
2025-11-01,HOSP_JED_02,Inhalers,20.3,94.15,0,None,145,261
2025-11-02,HOSP_JED_02,Inhalers,31.1,92.82,0,None,153,274
2025-11-03,HOSP_JED_02,Inhalers,19.5,94.34,0,None,148,266
2025-11-04,HOSP_JED_02,Inhalers,21.6,79.57,0,None,117,210
2025-11-05,HOSP_JED_02,Inhalers,20.0,72.1,0,None,165,296
2025-11-06,HOSP_JED_02,Inhalers,16.1,64.06,0,None,128,231
2025-11-07,HOSP_JED_02,Inhalers,27.1,88.1,0,None,137,245
2025-11-08,HOSP_JED_02,Inhalers,26.7,61.26,0,None,141,254
2025-11-09,HOSP_JED_02,Inhalers,25.1,74.7,0,None,143,257
2025-11-10,HOSP_JED_02,Inhalers,21.1,81.84,0,None,147,265
2025-11-11,HOSP_JED_02,Inhalers,21.1,58.43,0,None,127,230
2025-11-12,HOSP_JED_02,Inhalers,25.2,76.8,0,None,126,227
2025-11-13,HOSP_JED_02,Inhalers,26.0,66.34,0,None,131,235
2025-11-14,HOSP_JED_02,Inhalers,19.9,57.99,0,None,144,260
2025-11-15,HOSP_JED_02,Inhalers,14.3,75.7,0,None,145,260
2025-11-16,HOSP_JED_02,Inhalers,22.8,84.77,0,None,141,252
2025-11-17,HOSP_JED_02,Inhalers,23.5,70.19,0,None,133,239
2025-11-18,HOSP_JED_02,Inhalers,24.7,71.5,0,None,154,278
2025-11-19,HOSP_JED_02,Inhalers,20.6,75.3,0,None,126,225
2025-11-20,HOSP_JED_02,Inhalers,29.5,61.38,0,None,137,245
2025-11-21,HOSP_JED_02,Inhalers,23.2,78.1,0,None,139,250
2025-11-22,HOSP_JED_02,Inhalers,30.1,59.19,0,None,159,289
2025-11-23,HOSP_JED_02,Inhalers,24.4,66.27,0,None,161,289
2025-11-24,HOSP_JED_02,Inhalers,19.9,70.77,0,None,154,277
2025-11-25,HOSP_JED_02,Inhalers,23.9,79.82,0,None,150,271
2025-11-26,HOSP_JED_02,Inhalers,23.6,83.06,0,None,138,248
2025-11-27,HOSP_JED_02,Inhalers,18.6,73.07,0,None,143,257
2025-11-28,HOSP_JED_02,Inhalers,19.7,66.13,0,None,144,258
2025-11-29,HOSP_JED_02,Inhalers,24.1,76.59,0,None,139,251
2025-11-30,HOSP_JED_02,Inhalers,26.3,84.99,0,None,143,258
2025-12-01,HOSP_JED_02,Inhalers,30.7,80.62,0,None,115,206
2025-12-02,HOSP_JED_02,Inhalers,25.2,68.23,0,None,143,255
2025-12-03,HOSP_JED_02,Inhalers,21.4,75.81,0,None,142,255
2025-12-04,HOSP_JED_02,Inhalers,20.1,86.03,0,None,153,276
2025-12-05,HOSP_JED_02,Inhalers,16.4,78.4,0,None,139,252
2025-12-06,HOSP_JED_02,Inhalers,18.6,74.8,0,None,139,251
2025-12-07,HOSP_JED_02,Inhalers,21.9,68.97,1,Sandstorm/Dust_Storm,161,329
2025-12-08,HOSP_JED_02,Inhalers,24.8,92.58,1,Sandstorm/Dust_Storm,198,396
2025-12-09,HOSP_JED_02,Inhalers,12.0,88.02,0,None,134,241
2025-12-10,HOSP_JED_02,Inhalers,22.3,73.4,0,None,152,274
2025-12-11,HOSP_JED_02,Inhalers,23.4,81.66,1,Sandstorm/Dust_Storm,182,367
2025-12-12,HOSP_JED_02,Inhalers,23.7,65.2,0,None,135,243
2025-12-13,HOSP_JED_02,Inhalers,20.0,70.37,0,None,140,252
2025-12-14,HOSP_JED_02,Inhalers,24.7,65.09,0,None,142,255
2025-12-15,HOSP_JED_02,Inhalers,25.0,64.47,0,None,149,269
2025-12-16,HOSP_JED_02,Inhalers,20.5,45.15,0,None,143,258
2025-12-17,HOSP_JED_02,Inhalers,22.3,66.38,0,None,139,251
2025-12-18,HOSP_JED_02,Inhalers,26.1,83.08,0,None,127,229
2025-12-19,HOSP_JED_02,Inhalers,24.6,70.1,0,None,142,255
2025-12-20,HOSP_JED_02,Inhalers,19.6,78.46,0,None,130,235
2025-12-21,HOSP_JED_02,Inhalers,30.8,74.29,0,None,140,251
2025-12-22,HOSP_JED_02,Inhalers,26.0,88.46,0,None,132,238
2025-12-23,HOSP_JED_02,Inhalers,16.9,76.7,0,None,149,268
2025-12-24,HOSP_JED_02,Inhalers,18.5,77.27,0,None,139,249
2025-12-25,HOSP_JED_02,Inhalers,19.5,78.29,0,None,151,273
2025-12-26,HOSP_JED_02,Inhalers,25.5,80.1,0,None,150,271
2025-12-27,HOSP_JED_02,Inhalers,17.4,75.2,0,None,137,246
2025-12-28,HOSP_JED_02,Inhalers,19.4,77.38,0,None,140,251
2025-12-29,HOSP_JED_02,Inhalers,29.2,78.96,0,None,144,260
2025-12-30,HOSP_JED_02,Inhalers,18.0,72.31,0,None,144,256
2025-12-31,HOSP_JED_02,Inhalers,18.0,88.88,0,None,129,230
2026-01-01,HOSP_JED_02,Inhalers,29.8,77.18,0,None,130,234
2024-01-01,HOSP_JED_02,Insulin_Vials,10.0,79.22,0,None,142,55
2024-01-02,HOSP_JED_02,Insulin_Vials,21.9,60.73,0,None,148,59
2024-01-03,HOSP_JED_02,Insulin_Vials,17.9,58.18,0,None,163,66
2024-01-04,HOSP_JED_02,Insulin_Vials,19.3,77.93,0,None,142,56
2024-01-05,HOSP_JED_02,Insulin_Vials,23.4,94.85,0,None,149,59
2024-01-06,HOSP_JED_02,Insulin_Vials,18.9,75.7,0,None,141,56
2024-01-07,HOSP_JED_02,Insulin_Vials,19.3,78.17,0,None,153,61
2024-01-08,HOSP_JED_02,Insulin_Vials,26.4,66.76,0,None,121,49
2024-01-09,HOSP_JED_02,Insulin_Vials,25.8,80.24,0,None,135,54
2024-01-10,HOSP_JED_02,Insulin_Vials,27.7,87.83,0,None,164,67
2024-01-11,HOSP_JED_02,Insulin_Vials,22.9,81.22,0,None,156,62
2024-01-12,HOSP_JED_02,Insulin_Vials,15.4,62.41,0,None,121,47
2024-01-13,HOSP_JED_02,Insulin_Vials,31.3,84.04,0,None,129,52
2024-01-14,HOSP_JED_02,Insulin_Vials,17.7,68.17,0,None,155,63
2024-01-15,HOSP_JED_02,Insulin_Vials,22.0,78.46,0,None,141,56
2024-01-16,HOSP_JED_02,Insulin_Vials,25.0,54.63,0,None,155,62
2024-01-17,HOSP_JED_02,Insulin_Vials,20.2,77.97,0,None,136,54
2024-01-18,HOSP_JED_02,Insulin_Vials,22.8,80.49,0,None,161,65
2024-01-19,HOSP_JED_02,Insulin_Vials,20.8,74.35,0,None,156,61
2024-01-20,HOSP_JED_02,Insulin_Vials,18.3,71.33,0,None,138,54
2024-01-21,HOSP_JED_02,Insulin_Vials,18.2,55.68,0,None,158,63
2024-01-22,HOSP_JED_02,Insulin_Vials,26.9,65.05,0,None,140,56
2024-01-23,HOSP_JED_02,Insulin_Vials,18.4,61.92,0,None,122,47
2024-01-24,HOSP_JED_02,Insulin_Vials,22.3,82.81,0,None,152,62
2024-01-25,HOSP_JED_02,Insulin_Vials,23.9,76.02,0,None,145,57
2024-01-26,HOSP_JED_02,Insulin_Vials,24.9,65.29,0,None,149,60
2024-01-27,HOSP_JED_02,Insulin_Vials,25.5,86.1,0,None,153,60
2024-01-28,HOSP_JED_02,Insulin_Vials,28.5,85.34,0,None,113,44
2024-01-29,HOSP_JED_02,Insulin_Vials,20.3,74.89,0,None,150,60
2024-01-30,HOSP_JED_02,Insulin_Vials,20.4,61.89,0,None,147,60
2024-01-31,HOSP_JED_02,Insulin_Vials,22.4,59.8,0,None,163,66
2024-02-01,HOSP_JED_02,Insulin_Vials,17.5,79.23,0,None,150,60
2024-02-02,HOSP_JED_02,Insulin_Vials,25.0,70.31,1,Sandstorm/Dust_Storm,180,73
2024-02-03,HOSP_JED_02,Insulin_Vials,23.2,63.08,0,None,148,61
2024-02-04,HOSP_JED_02,Insulin_Vials,22.9,62.43,0,None,143,57
2024-02-05,HOSP_JED_02,Insulin_Vials,19.1,64.06,0,None,153,61
2024-02-06,HOSP_JED_02,Insulin_Vials,18.9,74.35,0,None,142,57
2024-02-07,HOSP_JED_02,Insulin_Vials,22.0,80.71,1,Sandstorm/Dust_Storm,151,59
2024-02-08,HOSP_JED_02,Insulin_Vials,18.8,71.87,0,None,127,49
2024-02-09,HOSP_JED_02,Insulin_Vials,24.7,80.32,0,None,154,62
2024-02-10,HOSP_JED_02,Insulin_Vials,24.2,81.19,0,None,136,55
2024-02-11,HOSP_JED_02,Insulin_Vials,26.4,73.91,0,None,138,56
2024-02-12,HOSP_JED_02,Insulin_Vials,20.0,69.2,1,Sandstorm/Dust_Storm,187,74
2024-02-13,HOSP_JED_02,Insulin_Vials,27.4,73.47,0,None,138,56
2024-02-14,HOSP_JED_02,Insulin_Vials,28.3,62.21,0,None,145,57
2024-02-15,HOSP_JED_02,Insulin_Vials,16.7,82.39,0,None,132,52
2024-02-16,HOSP_JED_02,Insulin_Vials,20.6,80.35,0,None,143,58
2024-02-17,HOSP_JED_02,Insulin_Vials,26.5,77.31,0,None,155,62
2024-02-18,HOSP_JED_02,Insulin_Vials,15.3,81.43,0,None,142,56
2024-02-19,HOSP_JED_02,Insulin_Vials,29.5,72.34,0,None,137,52
2024-02-20,HOSP_JED_02,Insulin_Vials,16.7,84.69,0,None,139,56
2024-02-21,HOSP_JED_02,Insulin_Vials,31.4,67.12,0,None,139,56
2024-02-22,HOSP_JED_02,Insulin_Vials,25.3,64.93,0,None,139,55
2024-02-23,HOSP_JED_02,Insulin_Vials,22.8,83.29,0,None,117,47
2024-02-24,HOSP_JED_02,Insulin_Vials,15.6,83.16,0,None,156,62
2024-02-25,HOSP_JED_02,Insulin_Vials,28.0,79.27,0,None,135,54
2024-02-26,HOSP_JED_02,Insulin_Vials,29.4,77.52,0,None,132,53
2024-02-27,HOSP_JED_02,Insulin_Vials,22.9,68.03,0,None,117,46
2024-02-28,HOSP_JED_02,Insulin_Vials,24.4,60.88,0,None,149,60
2024-02-29,HOSP_JED_02,Insulin_Vials,20.6,65.95,0,None,169,67
2024-03-01,HOSP_JED_02,Insulin_Vials,20.0,36.66,0,None,137,53
2024-03-02,HOSP_JED_02,Insulin_Vials,25.3,43.34,0,None,126,51
2024-03-03,HOSP_JED_02,Insulin_Vials,24.7,47.58,0,None,118,46
2024-03-04,HOSP_JED_02,Insulin_Vials,23.5,74.12,0,None,119,47
2024-03-05,HOSP_JED_02,Insulin_Vials,20.2,55.89,0,None,116,46
2024-03-06,HOSP_JED_02,Insulin_Vials,19.3,55.65,0,None,132,52
2024-03-07,HOSP_JED_02,Insulin_Vials,26.4,49.31,0,None,101,40
2024-03-08,HOSP_JED_02,Insulin_Vials,29.9,41.24,0,None,115,44
2024-03-09,HOSP_JED_02,Insulin_Vials,23.2,51.32,0,None,109,41
2024-03-10,HOSP_JED_02,Insulin_Vials,20.7,57.35,0,None,123,51
2024-03-11,HOSP_JED_02,Insulin_Vials,16.5,49.55,0,None,107,42
2024-03-12,HOSP_JED_02,Insulin_Vials,22.2,55.13,0,None,142,55
2024-03-13,HOSP_JED_02,Insulin_Vials,22.6,58.97,0,None,122,48
2024-03-14,HOSP_JED_02,Insulin_Vials,25.5,63.29,0,None,95,37
2024-03-15,HOSP_JED_02,Insulin_Vials,22.9,59.43,0,None,99,39
2024-03-16,HOSP_JED_02,Insulin_Vials,22.6,46.82,0,None,100,38
2024-03-17,HOSP_JED_02,Insulin_Vials,20.0,40.72,0,None,132,51
2024-03-18,HOSP_JED_02,Insulin_Vials,20.9,61.85,0,None,125,49
2024-03-19,HOSP_JED_02,Insulin_Vials,21.0,46.72,0,None,113,46
2024-03-20,HOSP_JED_02,Insulin_Vials,25.3,50.86,0,None,124,51
2024-03-21,HOSP_JED_02,Insulin_Vials,23.0,50.68,0,None,113,47
2024-03-22,HOSP_JED_02,Insulin_Vials,18.6,59.27,0,None,97,39
2024-03-23,HOSP_JED_02,Insulin_Vials,24.8,28.15,0,None,143,57
2024-03-24,HOSP_JED_02,Insulin_Vials,23.4,55.41,0,None,137,53
2024-03-25,HOSP_JED_02,Insulin_Vials,19.6,38.99,0,None,115,46
2024-03-26,HOSP_JED_02,Insulin_Vials,22.4,48.83,0,None,110,43
2024-03-27,HOSP_JED_02,Insulin_Vials,22.1,29.99,0,None,132,52
2024-03-28,HOSP_JED_02,Insulin_Vials,25.2,48.81,1,Sandstorm/Dust_Storm,155,61
2024-03-29,HOSP_JED_02,Insulin_Vials,17.6,62.63,0,None,129,50
2024-03-30,HOSP_JED_02,Insulin_Vials,21.1,46.48,0,None,127,49
2024-03-31,HOSP_JED_02,Insulin_Vials,18.1,50.75,0,None,112,43
2024-04-01,HOSP_JED_02,Insulin_Vials,19.3,36.62,0,None,132,52
2024-04-02,HOSP_JED_02,Insulin_Vials,19.2,63.02,0,None,113,45
2024-04-03,HOSP_JED_02,Insulin_Vials,25.5,62.49,0,None,116,44
2024-04-04,HOSP_JED_02,Insulin_Vials,18.5,38.87,0,None,120,46
2024-04-05,HOSP_JED_02,Insulin_Vials,24.5,40.07,0,None,119,46
2024-04-06,HOSP_JED_02,Insulin_Vials,18.4,53.44,0,None,127,52
2024-04-07,HOSP_JED_02,Insulin_Vials,24.1,62.45,0,None,129,50
2024-04-08,HOSP_JED_02,Insulin_Vials,25.0,51.11,0,None,120,48
2024-04-09,HOSP_JED_02,Insulin_Vials,23.8,35.34,0,None,114,45
2024-04-10,HOSP_JED_02,Insulin_Vials,18.8,43.45,0,None,113,45
2024-04-11,HOSP_JED_02,Insulin_Vials,22.8,47.36,0,None,116,47
2024-04-12,HOSP_JED_02,Insulin_Vials,24.5,61.61,0,None,108,42
2024-04-13,HOSP_JED_02,Insulin_Vials,21.8,52.02,0,None,129,51
2024-04-14,HOSP_JED_02,Insulin_Vials,24.7,67.31,0,None,124,50
2024-04-15,HOSP_JED_02,Insulin_Vials,26.1,46.9,0,None,119,47
2024-04-16,HOSP_JED_02,Insulin_Vials,20.3,55.9,0,None,123,50
2024-04-17,HOSP_JED_02,Insulin_Vials,27.2,47.92,0,None,108,42
2024-04-18,HOSP_JED_02,Insulin_Vials,22.8,38.22,0,None,120,48
2024-04-19,HOSP_JED_02,Insulin_Vials,24.9,55.97,0,None,108,42
2024-04-20,HOSP_JED_02,Insulin_Vials,21.1,56.15,0,None,114,45
2024-04-21,HOSP_JED_02,Insulin_Vials,19.3,59.11,0,None,98,38
2024-04-22,HOSP_JED_02,Insulin_Vials,23.4,54.09,0,None,119,47
2024-04-23,HOSP_JED_02,Insulin_Vials,14.7,51.29,0,None,127,50
2024-04-24,HOSP_JED_02,Insulin_Vials,23.0,52.43,1,Sandstorm/Dust_Storm,167,65
2024-04-25,HOSP_JED_02,Insulin_Vials,29.8,57.19,0,None,99,37
2024-04-26,HOSP_JED_02,Insulin_Vials,26.5,50.82,0,None,129,53
2024-04-27,HOSP_JED_02,Insulin_Vials,18.8,39.0,0,None,114,45
2024-04-28,HOSP_JED_02,Insulin_Vials,26.5,63.2,0,None,131,52
2024-04-29,HOSP_JED_02,Insulin_Vials,29.4,27.65,0,None,126,50
2024-04-30,HOSP_JED_02,Insulin_Vials,23.4,59.3,0,None,122,49
2024-05-01,HOSP_JED_02,Insulin_Vials,30.5,37.65,0,None,119,44
2024-05-02,HOSP_JED_02,Insulin_Vials,26.7,42.87,0,None,114,46
2024-05-03,HOSP_JED_02,Insulin_Vials,27.5,54.38,0,None,128,50
2024-05-04,HOSP_JED_02,Insulin_Vials,28.6,49.22,0,None,129,50
2024-05-05,HOSP_JED_02,Insulin_Vials,25.3,38.14,0,None,126,50
2024-05-06,HOSP_JED_02,Insulin_Vials,22.6,53.51,0,None,131,55
2024-05-07,HOSP_JED_02,Insulin_Vials,27.1,33.8,0,None,130,50
2024-05-08,HOSP_JED_02,Insulin_Vials,22.9,32.54,0,None,120,48
2024-05-09,HOSP_JED_02,Insulin_Vials,25.0,63.35,0,None,110,44
2024-05-10,HOSP_JED_02,Insulin_Vials,24.7,43.64,0,None,108,44
2024-05-11,HOSP_JED_02,Insulin_Vials,21.4,40.2,0,None,119,46
2024-05-12,HOSP_JED_02,Insulin_Vials,24.1,38.9,0,None,98,38
2024-05-13,HOSP_JED_02,Insulin_Vials,22.1,48.43,0,None,126,50
2024-05-14,HOSP_JED_02,Insulin_Vials,24.1,46.51,0,None,108,45
2024-05-15,HOSP_JED_02,Insulin_Vials,23.1,48.54,0,None,104,41
2024-05-16,HOSP_JED_02,Insulin_Vials,25.6,29.21,0,None,133,53
2024-05-17,HOSP_JED_02,Insulin_Vials,19.8,53.94,0,None,103,41
2024-05-18,HOSP_JED_02,Insulin_Vials,24.0,68.54,0,None,101,40
2024-05-19,HOSP_JED_02,Insulin_Vials,20.6,58.15,0,None,129,51
2024-05-20,HOSP_JED_02,Insulin_Vials,26.9,47.34,1,Sandstorm/Dust_Storm,158,64
2024-05-21,HOSP_JED_02,Insulin_Vials,18.7,39.13,0,None,121,46
2024-05-22,HOSP_JED_02,Insulin_Vials,25.7,41.46,0,None,136,53
2024-05-23,HOSP_JED_02,Insulin_Vials,28.3,51.94,0,None,107,42
2024-05-24,HOSP_JED_02,Insulin_Vials,19.8,51.76,0,None,125,50
2024-05-25,HOSP_JED_02,Insulin_Vials,24.2,55.18,0,None,102,42
2024-05-26,HOSP_JED_02,Insulin_Vials,19.3,49.09,0,None,104,42
2024-05-27,HOSP_JED_02,Insulin_Vials,31.5,45.09,0,None,126,49
2024-05-28,HOSP_JED_02,Insulin_Vials,23.7,60.46,1,Sandstorm/Dust_Storm,155,61
2024-05-29,HOSP_JED_02,Insulin_Vials,31.5,40.88,0,None,137,56
2024-05-30,HOSP_JED_02,Insulin_Vials,23.2,41.12,0,None,101,41
2024-05-31,HOSP_JED_02,Insulin_Vials,27.6,38.77,0,None,129,51
2024-06-01,HOSP_JED_02,Insulin_Vials,39.3,37.95,0,None,140,54
2024-06-02,HOSP_JED_02,Insulin_Vials,37.6,59.08,1,Sandstorm/Dust_Storm,170,69
2024-06-03,HOSP_JED_02,Insulin_Vials,45.2,39.71,1,Heatwave,170,68
2024-06-04,HOSP_JED_02,Insulin_Vials,34.7,48.83,0,None,135,54
2024-06-05,HOSP_JED_02,Insulin_Vials,42.5,37.61,0,None,112,45
2024-06-06,HOSP_JED_02,Insulin_Vials,36.5,50.55,0,None,118,47
2024-06-07,HOSP_JED_02,Insulin_Vials,36.3,34.15,0,None,137,55
2024-06-08,HOSP_JED_02,Insulin_Vials,37.9,48.43,0,None,129,51
2024-06-09,HOSP_JED_02,Insulin_Vials,34.1,39.88,0,None,114,46
2024-06-10,HOSP_JED_02,Insulin_Vials,37.4,58.1,0,None,113,46
2024-06-11,HOSP_JED_02,Insulin_Vials,31.3,54.4,0,None,111,44
2024-06-12,HOSP_JED_02,Insulin_Vials,34.1,55.39,0,None,119,45
2024-06-13,HOSP_JED_02,Insulin_Vials,27.6,38.81,0,None,113,44
2024-06-14,HOSP_JED_02,Insulin_Vials,41.5,53.12,0,None,120,48
2024-06-15,HOSP_JED_02,Insulin_Vials,37.2,60.23,0,None,96,38
2024-06-16,HOSP_JED_02,Insulin_Vials,42.5,37.1,0,None,133,52
2024-06-17,HOSP_JED_02,Insulin_Vials,34.2,43.44,0,None,127,51
2024-06-18,HOSP_JED_02,Insulin_Vials,41.1,50.86,0,None,127,51
2024-06-19,HOSP_JED_02,Insulin_Vials,45.6,37.83,0,None,115,46
2024-06-20,HOSP_JED_02,Insulin_Vials,45.0,52.17,0,None,136,55
2024-06-21,HOSP_JED_02,Insulin_Vials,38.1,49.93,0,None,124,50
2024-06-22,HOSP_JED_02,Insulin_Vials,35.9,50.84,0,None,121,49
2024-06-23,HOSP_JED_02,Insulin_Vials,41.8,56.59,0,None,125,49
2024-06-24,HOSP_JED_02,Insulin_Vials,34.8,42.37,0,None,124,51
2024-06-25,HOSP_JED_02,Insulin_Vials,39.3,47.65,0,None,132,53
2024-06-26,HOSP_JED_02,Insulin_Vials,38.1,47.34,0,None,112,45
2024-06-27,HOSP_JED_02,Insulin_Vials,35.3,50.27,1,Sandstorm/Dust_Storm,156,62
2024-06-28,HOSP_JED_02,Insulin_Vials,32.6,44.58,0,None,120,47
2024-06-29,HOSP_JED_02,Insulin_Vials,38.9,47.35,0,None,103,42
2024-06-30,HOSP_JED_02,Insulin_Vials,37.6,62.54,0,None,126,50
2024-07-01,HOSP_JED_02,Insulin_Vials,38.3,55.48,0,None,111,44
2024-07-02,HOSP_JED_02,Insulin_Vials,37.5,45.76,0,None,125,50
2024-07-03,HOSP_JED_02,Insulin_Vials,39.8,54.47,0,None,122,48
2024-07-04,HOSP_JED_02,Insulin_Vials,48.8,71.05,0,None,105,42
2024-07-05,HOSP_JED_02,Insulin_Vials,37.5,43.26,0,None,124,50
2024-07-06,HOSP_JED_02,Insulin_Vials,39.6,59.85,0,None,98,40
2024-07-07,HOSP_JED_02,Insulin_Vials,37.5,58.39,0,None,133,54
2024-07-08,HOSP_JED_02,Insulin_Vials,45.4,46.33,0,None,131,51
2024-07-09,HOSP_JED_02,Insulin_Vials,45.2,62.19,0,None,128,52
2024-07-10,HOSP_JED_02,Insulin_Vials,34.8,47.22,0,None,111,44
2024-07-11,HOSP_JED_02,Insulin_Vials,39.0,46.08,0,None,126,50
2024-07-12,HOSP_JED_02,Insulin_Vials,41.3,64.86,0,None,124,48
2024-07-13,HOSP_JED_02,Insulin_Vials,34.7,39.19,0,None,136,54
2024-07-14,HOSP_JED_02,Insulin_Vials,42.1,48.07,0,None,132,53
2024-07-15,HOSP_JED_02,Insulin_Vials,33.9,41.5,0,None,141,56
2024-07-16,HOSP_JED_02,Insulin_Vials,38.0,39.95,0,None,117,47
2024-07-17,HOSP_JED_02,Insulin_Vials,44.6,58.91,0,None,153,61
2024-07-18,HOSP_JED_02,Insulin_Vials,36.7,49.38,0,None,132,52
2024-07-19,HOSP_JED_02,Insulin_Vials,40.7,62.44,0,None,133,54
2024-07-20,HOSP_JED_02,Insulin_Vials,45.4,54.77,0,None,125,49
2024-07-21,HOSP_JED_02,Insulin_Vials,30.3,53.66,0,None,125,51
2024-07-22,HOSP_JED_02,Insulin_Vials,49.2,45.77,0,None,107,41
2024-07-23,HOSP_JED_02,Insulin_Vials,40.5,48.94,0,None,120,48
2024-07-24,HOSP_JED_02,Insulin_Vials,32.4,43.33,0,None,108,44
2024-07-25,HOSP_JED_02,Insulin_Vials,39.3,55.45,0,None,124,48
2024-07-26,HOSP_JED_02,Insulin_Vials,29.3,55.31,0,None,128,51
2024-07-27,HOSP_JED_02,Insulin_Vials,34.6,33.81,0,None,121,47
2024-07-28,HOSP_JED_02,Insulin_Vials,36.0,51.3,0,None,103,42
2024-07-29,HOSP_JED_02,Insulin_Vials,39.9,47.38,0,None,118,47
2024-07-30,HOSP_JED_02,Insulin_Vials,40.0,52.35,0,None,90,35
2024-07-31,HOSP_JED_02,Insulin_Vials,38.7,40.79,0,None,110,44
2024-08-01,HOSP_JED_02,Insulin_Vials,33.5,50.33,0,None,124,48
2024-08-02,HOSP_JED_02,Insulin_Vials,41.9,49.53,0,None,146,58
2024-08-03,HOSP_JED_02,Insulin_Vials,34.6,61.98,0,None,110,43
2024-08-04,HOSP_JED_02,Insulin_Vials,33.1,62.32,0,None,122,49
2024-08-05,HOSP_JED_02,Insulin_Vials,43.0,49.42,0,None,106,40
2024-08-06,HOSP_JED_02,Insulin_Vials,40.1,50.76,0,None,124,51
2024-08-07,HOSP_JED_02,Insulin_Vials,40.2,35.49,0,None,128,51
2024-08-08,HOSP_JED_02,Insulin_Vials,29.1,62.3,0,None,102,40
2024-08-09,HOSP_JED_02,Insulin_Vials,44.5,49.5,0,None,121,48
2024-08-10,HOSP_JED_02,Insulin_Vials,33.0,45.11,0,None,101,40
2024-08-11,HOSP_JED_02,Insulin_Vials,42.5,47.66,0,None,137,56
2024-08-12,HOSP_JED_02,Insulin_Vials,38.9,62.77,0,None,141,55
2024-08-13,HOSP_JED_02,Insulin_Vials,37.8,59.4,0,None,108,43
2024-08-14,HOSP_JED_02,Insulin_Vials,33.8,27.71,0,None,121,47
2024-08-15,HOSP_JED_02,Insulin_Vials,42.1,46.39,0,None,124,50
2024-08-16,HOSP_JED_02,Insulin_Vials,36.6,44.91,0,None,97,39
2024-08-17,HOSP_JED_02,Insulin_Vials,38.7,45.85,1,Sandstorm/Dust_Storm,146,57
2024-08-18,HOSP_JED_02,Insulin_Vials,38.2,50.99,0,None,136,54
2024-08-19,HOSP_JED_02,Insulin_Vials,40.7,38.08,0,None,112,43
2024-08-20,HOSP_JED_02,Insulin_Vials,40.5,51.93,0,None,106,44
2024-08-21,HOSP_JED_02,Insulin_Vials,39.7,60.61,0,None,119,46
2024-08-22,HOSP_JED_02,Insulin_Vials,35.6,64.45,0,None,135,53
2024-08-23,HOSP_JED_02,Insulin_Vials,37.3,33.2,0,None,117,46
2024-08-24,HOSP_JED_02,Insulin_Vials,40.7,72.17,0,None,115,45
2024-08-25,HOSP_JED_02,Insulin_Vials,36.6,78.26,0,None,110,45
2024-08-26,HOSP_JED_02,Insulin_Vials,36.1,50.08,0,None,108,43
2024-08-27,HOSP_JED_02,Insulin_Vials,42.3,58.03,0,None,107,42
2024-08-28,HOSP_JED_02,Insulin_Vials,43.8,55.7,0,None,129,51
2024-08-29,HOSP_JED_02,Insulin_Vials,35.9,30.57,0,None,121,47
2024-08-30,HOSP_JED_02,Insulin_Vials,39.7,58.84,0,None,136,53
2024-08-31,HOSP_JED_02,Insulin_Vials,41.8,49.47,1,Heatwave,155,61
2024-09-01,HOSP_JED_02,Insulin_Vials,21.0,62.29,0,None,121,48
2024-09-02,HOSP_JED_02,Insulin_Vials,25.2,60.16,0,None,121,47
2024-09-03,HOSP_JED_02,Insulin_Vials,28.5,45.24,0,None,107,44
2024-09-04,HOSP_JED_02,Insulin_Vials,29.6,46.64,0,None,121,48
2024-09-05,HOSP_JED_02,Insulin_Vials,26.0,47.79,0,None,122,48
2024-09-06,HOSP_JED_02,Insulin_Vials,22.5,62.65,0,None,111,44
2024-09-07,HOSP_JED_02,Insulin_Vials,27.3,55.46,0,None,136,53
2024-09-08,HOSP_JED_02,Insulin_Vials,22.1,54.23,0,None,144,58
2024-09-09,HOSP_JED_02,Insulin_Vials,26.2,37.38,0,None,95,38
2024-09-10,HOSP_JED_02,Insulin_Vials,27.2,44.74,0,None,122,47
2024-09-11,HOSP_JED_02,Insulin_Vials,20.9,41.66,0,None,122,50
2024-09-12,HOSP_JED_02,Insulin_Vials,34.8,56.88,0,None,137,55
2024-09-13,HOSP_JED_02,Insulin_Vials,21.2,52.42,0,None,110,45
2024-09-14,HOSP_JED_02,Insulin_Vials,21.8,36.54,1,Sandstorm/Dust_Storm,148,58
2024-09-15,HOSP_JED_02,Insulin_Vials,21.9,61.96,0,None,122,48
2024-09-16,HOSP_JED_02,Insulin_Vials,19.8,64.04,0,None,118,46
2024-09-17,HOSP_JED_02,Insulin_Vials,23.8,38.89,1,Sandstorm/Dust_Storm,160,63
2024-09-18,HOSP_JED_02,Insulin_Vials,24.0,42.5,0,None,127,51
2024-09-19,HOSP_JED_02,Insulin_Vials,25.0,49.37,0,None,120,46
2024-09-20,HOSP_JED_02,Insulin_Vials,19.4,54.41,1,Sandstorm/Dust_Storm,151,59
2024-09-21,HOSP_JED_02,Insulin_Vials,27.5,36.67,0,None,124,48
2024-09-22,HOSP_JED_02,Insulin_Vials,30.1,55.46,0,None,139,57
2024-09-23,HOSP_JED_02,Insulin_Vials,18.6,56.68,0,None,99,39
2024-09-24,HOSP_JED_02,Insulin_Vials,16.8,59.44,0,None,114,45
2024-09-25,HOSP_JED_02,Insulin_Vials,29.0,47.09,0,None,135,54
2024-09-26,HOSP_JED_02,Insulin_Vials,22.8,49.76,0,None,111,46
2024-09-27,HOSP_JED_02,Insulin_Vials,13.2,36.44,0,None,122,49
2024-09-28,HOSP_JED_02,Insulin_Vials,17.6,20.89,0,None,111,44
2024-09-29,HOSP_JED_02,Insulin_Vials,20.9,32.67,0,None,111,44
2024-09-30,HOSP_JED_02,Insulin_Vials,19.6,32.83,0,None,116,45
2024-10-01,HOSP_JED_02,Insulin_Vials,21.2,60.12,0,None,119,48
2024-10-02,HOSP_JED_02,Insulin_Vials,20.0,59.49,1,Sandstorm/Dust_Storm,139,56
2024-10-03,HOSP_JED_02,Insulin_Vials,27.7,42.7,1,Sandstorm/Dust_Storm,154,61
2024-10-04,HOSP_JED_02,Insulin_Vials,22.1,40.98,0,None,134,52
2024-10-05,HOSP_JED_02,Insulin_Vials,24.9,58.95,0,None,142,55
2024-10-06,HOSP_JED_02,Insulin_Vials,27.9,55.25,0,None,132,53
2024-10-07,HOSP_JED_02,Insulin_Vials,27.1,52.38,0,None,119,46
2024-10-08,HOSP_JED_02,Insulin_Vials,24.5,44.97,0,None,103,39
2024-10-09,HOSP_JED_02,Insulin_Vials,19.3,43.09,0,None,104,41
2024-10-10,HOSP_JED_02,Insulin_Vials,26.1,44.83,0,None,133,51
2024-10-11,HOSP_JED_02,Insulin_Vials,15.6,55.1,0,None,113,42
2024-10-12,HOSP_JED_02,Insulin_Vials,19.8,58.12,0,None,120,48
2024-10-13,HOSP_JED_02,Insulin_Vials,30.7,43.89,0,None,135,53
2024-10-14,HOSP_JED_02,Insulin_Vials,23.7,53.44,0,None,129,52
2024-10-15,HOSP_JED_02,Insulin_Vials,21.9,41.89,0,None,118,47
2024-10-16,HOSP_JED_02,Insulin_Vials,22.1,52.96,0,None,124,47
2024-10-17,HOSP_JED_02,Insulin_Vials,20.4,44.38,0,None,129,51
2024-10-18,HOSP_JED_02,Insulin_Vials,23.0,31.95,0,None,112,45
2024-10-19,HOSP_JED_02,Insulin_Vials,22.7,62.24,0,None,130,51
2024-10-20,HOSP_JED_02,Insulin_Vials,23.4,55.85,0,None,141,55
2024-10-21,HOSP_JED_02,Insulin_Vials,18.9,51.4,0,None,112,44
2024-10-22,HOSP_JED_02,Insulin_Vials,14.1,47.09,0,None,131,51
2024-10-23,HOSP_JED_02,Insulin_Vials,24.4,72.33,0,None,125,51
2024-10-24,HOSP_JED_02,Insulin_Vials,23.5,48.92,0,None,117,46
2024-10-25,HOSP_JED_02,Insulin_Vials,22.1,58.69,0,None,134,52
2024-10-26,HOSP_JED_02,Insulin_Vials,22.5,49.64,0,None,141,57
2024-10-27,HOSP_JED_02,Insulin_Vials,18.5,43.69,0,None,104,42
2024-10-28,HOSP_JED_02,Insulin_Vials,20.8,62.16,0,None,124,50
2024-10-29,HOSP_JED_02,Insulin_Vials,23.4,46.48,0,None,119,48
2024-10-30,HOSP_JED_02,Insulin_Vials,16.5,42.98,0,None,117,46
2024-10-31,HOSP_JED_02,Insulin_Vials,30.1,71.08,0,None,118,49
2024-11-01,HOSP_JED_02,Insulin_Vials,21.4,68.7,0,None,148,57
2024-11-02,HOSP_JED_02,Insulin_Vials,19.0,76.38,1,Sandstorm/Dust_Storm,172,68
2024-11-03,HOSP_JED_02,Insulin_Vials,19.3,96.25,0,None,138,55
2024-11-04,HOSP_JED_02,Insulin_Vials,22.2,75.1,0,None,134,54
2024-11-05,HOSP_JED_02,Insulin_Vials,28.3,73.75,0,None,140,55
2024-11-06,HOSP_JED_02,Insulin_Vials,25.9,61.48,0,None,126,50
2024-11-07,HOSP_JED_02,Insulin_Vials,22.5,83.07,0,None,140,55
2024-11-08,HOSP_JED_02,Insulin_Vials,14.4,99.65,0,None,137,53
2024-11-09,HOSP_JED_02,Insulin_Vials,24.0,69.56,0,None,152,60
2024-11-10,HOSP_JED_02,Insulin_Vials,28.1,77.53,0,None,155,62
2024-11-11,HOSP_JED_02,Insulin_Vials,25.5,76.63,0,None,151,60
2024-11-12,HOSP_JED_02,Insulin_Vials,25.9,61.29,0,None,147,59
2024-11-13,HOSP_JED_02,Insulin_Vials,23.1,92.46,0,None,145,57
2024-11-14,HOSP_JED_02,Insulin_Vials,22.5,81.32,0,None,150,60
2024-11-15,HOSP_JED_02,Insulin_Vials,18.4,86.14,0,None,145,59
2024-11-16,HOSP_JED_02,Insulin_Vials,15.0,68.89,0,None,136,53
2024-11-17,HOSP_JED_02,Insulin_Vials,25.7,62.66,0,None,136,54
2024-11-18,HOSP_JED_02,Insulin_Vials,23.1,91.25,0,None,132,52
2024-11-19,HOSP_JED_02,Insulin_Vials,20.2,64.83,0,None,141,55
2024-11-20,HOSP_JED_02,Insulin_Vials,19.6,84.4,0,None,153,62
2024-11-21,HOSP_JED_02,Insulin_Vials,22.6,61.8,0,None,156,62
2024-11-22,HOSP_JED_02,Insulin_Vials,13.6,78.68,0,None,139,55
2024-11-23,HOSP_JED_02,Insulin_Vials,21.2,57.89,0,None,149,60
2024-11-24,HOSP_JED_02,Insulin_Vials,22.0,79.55,0,None,126,50
2024-11-25,HOSP_JED_02,Insulin_Vials,25.9,86.38,0,None,158,63
2024-11-26,HOSP_JED_02,Insulin_Vials,17.5,71.31,0,None,149,59
2024-11-27,HOSP_JED_02,Insulin_Vials,19.4,62.08,0,None,160,65
2024-11-28,HOSP_JED_02,Insulin_Vials,27.8,67.64,0,None,154,61
2024-11-29,HOSP_JED_02,Insulin_Vials,25.2,60.58,0,None,143,59
2024-11-30,HOSP_JED_02,Insulin_Vials,25.4,75.83,0,None,128,50
2024-12-01,HOSP_JED_02,Insulin_Vials,23.8,64.69,0,None,151,59
2024-12-02,HOSP_JED_02,Insulin_Vials,20.1,64.66,0,None,154,62
2024-12-03,HOSP_JED_02,Insulin_Vials,18.4,67.71,0,None,156,63
2024-12-04,HOSP_JED_02,Insulin_Vials,20.3,83.51,0,None,126,49
2024-12-05,HOSP_JED_02,Insulin_Vials,19.0,72.92,1,Sandstorm/Dust_Storm,205,81
2024-12-06,HOSP_JED_02,Insulin_Vials,15.7,74.51,0,None,143,56
2024-12-07,HOSP_JED_02,Insulin_Vials,24.3,87.49,0,None,136,55
2024-12-08,HOSP_JED_02,Insulin_Vials,29.6,77.46,0,None,147,59
2024-12-09,HOSP_JED_02,Insulin_Vials,24.6,78.21,0,None,142,56
2024-12-10,HOSP_JED_02,Insulin_Vials,21.5,76.43,0,None,130,50
2024-12-11,HOSP_JED_02,Insulin_Vials,21.9,68.57,1,Sandstorm/Dust_Storm,193,77
2024-12-12,HOSP_JED_02,Insulin_Vials,24.4,84.92,0,None,151,59
2024-12-13,HOSP_JED_02,Insulin_Vials,19.4,66.53,0,None,138,53
2024-12-14,HOSP_JED_02,Insulin_Vials,24.6,60.37,1,Sandstorm/Dust_Storm,187,74
2024-12-15,HOSP_JED_02,Insulin_Vials,20.4,69.49,0,None,140,58
2024-12-16,HOSP_JED_02,Insulin_Vials,25.6,74.04,0,None,116,48
2024-12-17,HOSP_JED_02,Insulin_Vials,27.5,71.32,0,None,142,57
2024-12-18,HOSP_JED_02,Insulin_Vials,33.5,68.19,0,None,144,56
2024-12-19,HOSP_JED_02,Insulin_Vials,21.0,66.06,0,None,162,65
2024-12-20,HOSP_JED_02,Insulin_Vials,24.7,71.82,0,None,161,63
2024-12-21,HOSP_JED_02,Insulin_Vials,25.6,70.45,0,None,162,64
2024-12-22,HOSP_JED_02,Insulin_Vials,26.0,85.25,0,None,154,63
2024-12-23,HOSP_JED_02,Insulin_Vials,19.9,53.08,0,None,145,58
2024-12-24,HOSP_JED_02,Insulin_Vials,25.5,69.6,0,None,147,59
2024-12-25,HOSP_JED_02,Insulin_Vials,22.9,74.97,1,Sandstorm/Dust_Storm,179,70
2024-12-26,HOSP_JED_02,Insulin_Vials,26.1,78.01,0,None,161,64
2024-12-27,HOSP_JED_02,Insulin_Vials,16.9,83.75,0,None,139,55
2024-12-28,HOSP_JED_02,Insulin_Vials,18.5,68.14,0,None,140,56
2024-12-29,HOSP_JED_02,Insulin_Vials,25.1,83.24,0,None,137,56
2024-12-30,HOSP_JED_02,Insulin_Vials,24.5,87.88,0,None,163,64
2024-12-31,HOSP_JED_02,Insulin_Vials,24.4,94.65,0,None,139,55
2025-01-01,HOSP_JED_02,Insulin_Vials,20.0,63.25,0,None,141,56
2025-01-02,HOSP_JED_02,Insulin_Vials,30.6,77.0,0,None,140,56
2025-01-03,HOSP_JED_02,Insulin_Vials,21.8,71.79,0,None,136,56
2025-01-04,HOSP_JED_02,Insulin_Vials,25.3,69.85,0,None,151,62
2025-01-05,HOSP_JED_02,Insulin_Vials,27.7,80.72,0,None,139,56
2025-01-06,HOSP_JED_02,Insulin_Vials,18.3,68.49,1,Sandstorm/Dust_Storm,197,78
2025-01-07,HOSP_JED_02,Insulin_Vials,27.3,74.11,0,None,144,56
2025-01-08,HOSP_JED_02,Insulin_Vials,26.6,56.38,0,None,147,59
2025-01-09,HOSP_JED_02,Insulin_Vials,27.6,82.66,0,None,129,51
2025-01-10,HOSP_JED_02,Insulin_Vials,21.5,66.48,0,None,145,57
2025-01-11,HOSP_JED_02,Insulin_Vials,20.7,78.7,0,None,154,62
2025-01-12,HOSP_JED_02,Insulin_Vials,23.6,70.24,0,None,147,59
2025-01-13,HOSP_JED_02,Insulin_Vials,22.5,77.66,0,None,151,60
2025-01-14,HOSP_JED_02,Insulin_Vials,26.8,67.41,0,None,140,56
2025-01-15,HOSP_JED_02,Insulin_Vials,21.8,72.08,0,None,140,56
2025-01-16,HOSP_JED_02,Insulin_Vials,28.8,83.96,0,None,136,53
2025-01-17,HOSP_JED_02,Insulin_Vials,27.6,65.98,0,None,142,58
2025-01-18,HOSP_JED_02,Insulin_Vials,24.1,73.72,0,None,131,51
2025-01-19,HOSP_JED_02,Insulin_Vials,25.0,79.22,0,None,142,56
2025-01-20,HOSP_JED_02,Insulin_Vials,24.0,71.33,0,None,158,63
2025-01-21,HOSP_JED_02,Insulin_Vials,22.0,61.01,0,None,145,57
2025-01-22,HOSP_JED_02,Insulin_Vials,14.2,68.26,0,None,127,51
2025-01-23,HOSP_JED_02,Insulin_Vials,21.4,74.82,0,None,149,57
2025-01-24,HOSP_JED_02,Insulin_Vials,23.9,53.28,0,None,144,58
2025-01-25,HOSP_JED_02,Insulin_Vials,26.1,68.12,0,None,160,65
2025-01-26,HOSP_JED_02,Insulin_Vials,24.5,72.45,0,None,147,58
2025-01-27,HOSP_JED_02,Insulin_Vials,27.5,71.93,0,None,137,55
2025-01-28,HOSP_JED_02,Insulin_Vials,17.3,65.82,0,None,127,50
2025-01-29,HOSP_JED_02,Insulin_Vials,23.3,82.86,1,Sandstorm/Dust_Storm,197,80
2025-01-30,HOSP_JED_02,Insulin_Vials,25.5,77.13,0,None,135,54
2025-01-31,HOSP_JED_02,Insulin_Vials,33.0,80.08,0,None,142,56
2025-02-01,HOSP_JED_02,Insulin_Vials,19.2,84.73,0,None,151,61
2025-02-02,HOSP_JED_02,Insulin_Vials,22.0,72.64,0,None,160,63
2025-02-03,HOSP_JED_02,Insulin_Vials,27.9,70.41,0,None,142,56
2025-02-04,HOSP_JED_02,Insulin_Vials,21.0,87.77,0,None,156,62
2025-02-05,HOSP_JED_02,Insulin_Vials,26.1,55.24,0,None,166,65
2025-02-06,HOSP_JED_02,Insulin_Vials,25.8,77.05,0,None,141,56
2025-02-07,HOSP_JED_02,Insulin_Vials,17.6,81.11,0,None,158,63
2025-02-08,HOSP_JED_02,Insulin_Vials,26.2,66.2,0,None,156,61
2025-02-09,HOSP_JED_02,Insulin_Vials,22.9,81.43,0,None,152,60
2025-02-10,HOSP_JED_02,Insulin_Vials,23.2,58.18,0,None,144,58
2025-02-11,HOSP_JED_02,Insulin_Vials,30.2,73.12,0,None,150,60
2025-02-12,HOSP_JED_02,Insulin_Vials,21.6,73.23,0,None,157,62
2025-02-13,HOSP_JED_02,Insulin_Vials,22.0,76.99,0,None,133,52
2025-02-14,HOSP_JED_02,Insulin_Vials,20.1,69.26,0,None,162,63
2025-02-15,HOSP_JED_02,Insulin_Vials,23.2,63.3,0,None,135,55
2025-02-16,HOSP_JED_02,Insulin_Vials,25.2,63.66,0,None,129,50
2025-02-17,HOSP_JED_02,Insulin_Vials,29.3,72.58,0,None,138,57
2025-02-18,HOSP_JED_02,Insulin_Vials,20.6,85.6,0,None,141,57
2025-02-19,HOSP_JED_02,Insulin_Vials,22.7,82.68,0,None,146,57
2025-02-20,HOSP_JED_02,Insulin_Vials,15.1,75.88,0,None,135,54
2025-02-21,HOSP_JED_02,Insulin_Vials,23.1,70.65,0,None,171,68
2025-02-22,HOSP_JED_02,Insulin_Vials,23.1,62.97,0,None,128,52
2025-02-23,HOSP_JED_02,Insulin_Vials,19.3,79.01,0,None,137,54
2025-02-24,HOSP_JED_02,Insulin_Vials,25.6,56.46,0,None,150,60
2025-02-25,HOSP_JED_02,Insulin_Vials,19.0,83.96,0,None,127,51
2025-02-26,HOSP_JED_02,Insulin_Vials,25.1,84.04,0,None,137,54
2025-02-27,HOSP_JED_02,Insulin_Vials,23.7,54.37,1,Sandstorm/Dust_Storm,203,80
2025-02-28,HOSP_JED_02,Insulin_Vials,22.7,89.81,0,None,154,62
2025-03-01,HOSP_JED_02,Insulin_Vials,14.0,48.31,0,None,128,49
2025-03-02,HOSP_JED_02,Insulin_Vials,17.3,38.12,0,None,140,57
2025-03-03,HOSP_JED_02,Insulin_Vials,23.9,53.46,0,None,110,43
2025-03-04,HOSP_JED_02,Insulin_Vials,26.7,57.11,0,None,118,47
2025-03-05,HOSP_JED_02,Insulin_Vials,17.9,36.84,0,None,93,35
2025-03-06,HOSP_JED_02,Insulin_Vials,28.4,28.57,0,None,133,53
2025-03-07,HOSP_JED_02,Insulin_Vials,21.8,71.67,0,None,118,46
2025-03-08,HOSP_JED_02,Insulin_Vials,23.1,39.19,0,None,116,47
2025-03-09,HOSP_JED_02,Insulin_Vials,25.2,56.0,0,None,126,50
2025-03-10,HOSP_JED_02,Insulin_Vials,22.0,42.33,0,None,110,45
2025-03-11,HOSP_JED_02,Insulin_Vials,20.9,55.41,0,None,106,42
2025-03-12,HOSP_JED_02,Insulin_Vials,22.1,47.22,0,None,128,52
2025-03-13,HOSP_JED_02,Insulin_Vials,21.2,56.67,0,None,129,50
2025-03-14,HOSP_JED_02,Insulin_Vials,24.6,38.07,1,Sandstorm/Dust_Storm,135,53
2025-03-15,HOSP_JED_02,Insulin_Vials,25.0,55.22,0,None,115,44
2025-03-16,HOSP_JED_02,Insulin_Vials,23.8,45.97,0,None,115,47
2025-03-17,HOSP_JED_02,Insulin_Vials,24.0,42.16,0,None,136,53
2025-03-18,HOSP_JED_02,Insulin_Vials,22.0,54.26,0,None,111,44
2025-03-19,HOSP_JED_02,Insulin_Vials,23.9,44.86,0,None,115,44
2025-03-20,HOSP_JED_02,Insulin_Vials,18.7,54.15,0,None,138,54
2025-03-21,HOSP_JED_02,Insulin_Vials,21.8,53.24,0,None,107,43
2025-03-22,HOSP_JED_02,Insulin_Vials,26.8,43.85,0,None,111,45
2025-03-23,HOSP_JED_02,Insulin_Vials,28.0,58.45,0,None,103,39
2025-03-24,HOSP_JED_02,Insulin_Vials,29.6,36.52,1,Sandstorm/Dust_Storm,169,69
2025-03-25,HOSP_JED_02,Insulin_Vials,20.3,32.69,0,None,130,53
2025-03-26,HOSP_JED_02,Insulin_Vials,25.7,55.56,0,None,114,45
2025-03-27,HOSP_JED_02,Insulin_Vials,23.9,46.55,0,None,121,49
2025-03-28,HOSP_JED_02,Insulin_Vials,14.4,53.92,0,None,118,47
2025-03-29,HOSP_JED_02,Insulin_Vials,27.6,55.31,1,Sandstorm/Dust_Storm,161,62
2025-03-30,HOSP_JED_02,Insulin_Vials,21.5,45.98,1,Sandstorm/Dust_Storm,145,57
2025-03-31,HOSP_JED_02,Insulin_Vials,27.1,58.78,0,None,136,56
2025-04-01,HOSP_JED_02,Insulin_Vials,18.3,67.4,0,None,112,45
2025-04-02,HOSP_JED_02,Insulin_Vials,27.6,50.18,0,None,136,54
2025-04-03,HOSP_JED_02,Insulin_Vials,19.9,23.65,0,None,117,46
2025-04-04,HOSP_JED_02,Insulin_Vials,25.8,42.61,1,Sandstorm/Dust_Storm,128,51
2025-04-05,HOSP_JED_02,Insulin_Vials,28.5,45.14,0,None,116,45
2025-04-06,HOSP_JED_02,Insulin_Vials,20.4,35.45,0,None,127,50
2025-04-07,HOSP_JED_02,Insulin_Vials,28.3,41.93,0,None,134,54
2025-04-08,HOSP_JED_02,Insulin_Vials,18.9,51.36,0,None,105,41
2025-04-09,HOSP_JED_02,Insulin_Vials,22.2,42.52,1,Sandstorm/Dust_Storm,177,70
2025-04-10,HOSP_JED_02,Insulin_Vials,22.6,67.16,0,None,125,50
2025-04-11,HOSP_JED_02,Insulin_Vials,23.9,54.1,0,None,128,52
2025-04-12,HOSP_JED_02,Insulin_Vials,26.2,50.2,0,None,104,41
2025-04-13,HOSP_JED_02,Insulin_Vials,17.0,48.41,0,None,112,44
2025-04-14,HOSP_JED_02,Insulin_Vials,26.7,45.82,0,None,114,44
2025-04-15,HOSP_JED_02,Insulin_Vials,26.0,48.88,0,None,123,49
2025-04-16,HOSP_JED_02,Insulin_Vials,23.2,45.34,0,None,106,42
2025-04-17,HOSP_JED_02,Insulin_Vials,23.5,53.93,0,None,109,45
2025-04-18,HOSP_JED_02,Insulin_Vials,32.0,65.61,0,None,124,50
2025-04-19,HOSP_JED_02,Insulin_Vials,18.7,50.21,0,None,118,47
2025-04-20,HOSP_JED_02,Insulin_Vials,29.3,43.74,0,None,115,46
2025-04-21,HOSP_JED_02,Insulin_Vials,28.4,49.02,0,None,115,45
2025-04-22,HOSP_JED_02,Insulin_Vials,27.2,38.63,0,None,115,45
2025-04-23,HOSP_JED_02,Insulin_Vials,24.2,38.98,0,None,124,49
2025-04-24,HOSP_JED_02,Insulin_Vials,26.9,60.87,0,None,146,58
2025-04-25,HOSP_JED_02,Insulin_Vials,24.1,45.31,0,None,118,47
2025-04-26,HOSP_JED_02,Insulin_Vials,16.6,44.59,0,None,105,42
2025-04-27,HOSP_JED_02,Insulin_Vials,24.1,42.51,1,Sandstorm/Dust_Storm,164,66
2025-04-28,HOSP_JED_02,Insulin_Vials,23.2,48.7,0,None,115,46
2025-04-29,HOSP_JED_02,Insulin_Vials,28.1,53.43,0,None,107,44
2025-04-30,HOSP_JED_02,Insulin_Vials,18.2,60.02,0,None,118,46
2025-05-01,HOSP_JED_02,Insulin_Vials,15.1,57.89,0,None,120,48
2025-05-02,HOSP_JED_02,Insulin_Vials,22.0,46.89,0,None,115,46
2025-05-03,HOSP_JED_02,Insulin_Vials,26.0,49.54,0,None,135,54
2025-05-04,HOSP_JED_02,Insulin_Vials,19.7,47.05,0,None,125,50
2025-05-05,HOSP_JED_02,Insulin_Vials,18.9,66.7,0,None,122,48
2025-05-06,HOSP_JED_02,Insulin_Vials,23.1,52.85,0,None,122,48
2025-05-07,HOSP_JED_02,Insulin_Vials,18.1,51.18,0,None,117,47
2025-05-08,HOSP_JED_02,Insulin_Vials,22.3,46.8,0,None,139,54
2025-05-09,HOSP_JED_02,Insulin_Vials,24.1,35.56,0,None,104,41
2025-05-10,HOSP_JED_02,Insulin_Vials,22.2,60.0,0,None,110,43
2025-05-11,HOSP_JED_02,Insulin_Vials,22.9,37.45,0,None,101,40
2025-05-12,HOSP_JED_02,Insulin_Vials,24.1,32.24,0,None,130,54
2025-05-13,HOSP_JED_02,Insulin_Vials,22.1,41.19,0,None,125,49
2025-05-14,HOSP_JED_02,Insulin_Vials,20.8,52.44,0,None,127,49
2025-05-15,HOSP_JED_02,Insulin_Vials,15.8,52.72,0,None,127,50
2025-05-16,HOSP_JED_02,Insulin_Vials,21.0,47.25,0,None,122,49
2025-05-17,HOSP_JED_02,Insulin_Vials,20.7,51.15,0,None,129,53
2025-05-18,HOSP_JED_02,Insulin_Vials,21.7,53.52,0,None,119,47
2025-05-19,HOSP_JED_02,Insulin_Vials,21.8,54.95,0,None,112,46
2025-05-20,HOSP_JED_02,Insulin_Vials,21.5,34.6,0,None,121,48
2025-05-21,HOSP_JED_02,Insulin_Vials,24.5,48.7,0,None,116,45
2025-05-22,HOSP_JED_02,Insulin_Vials,22.7,71.74,0,None,117,47
2025-05-23,HOSP_JED_02,Insulin_Vials,19.7,49.96,0,None,123,48
2025-05-24,HOSP_JED_02,Insulin_Vials,23.9,67.6,0,None,109,44
2025-05-25,HOSP_JED_02,Insulin_Vials,22.5,51.78,0,None,95,38
2025-05-26,HOSP_JED_02,Insulin_Vials,19.4,42.19,0,None,123,50
2025-05-27,HOSP_JED_02,Insulin_Vials,26.9,63.84,0,None,116,46
2025-05-28,HOSP_JED_02,Insulin_Vials,14.8,49.95,0,None,111,45
2025-05-29,HOSP_JED_02,Insulin_Vials,23.4,44.21,0,None,142,56
2025-05-30,HOSP_JED_02,Insulin_Vials,20.1,54.71,0,None,110,43
2025-05-31,HOSP_JED_02,Insulin_Vials,29.2,54.52,0,None,125,50
2025-06-01,HOSP_JED_02,Insulin_Vials,40.0,61.3,0,None,114,45
2025-06-02,HOSP_JED_02,Insulin_Vials,41.6,46.34,0,None,133,55
2025-06-03,HOSP_JED_02,Insulin_Vials,39.0,33.46,0,None,115,45
2025-06-04,HOSP_JED_02,Insulin_Vials,38.3,62.39,0,None,92,36
2025-06-05,HOSP_JED_02,Insulin_Vials,34.5,40.94,0,None,115,45
2025-06-06,HOSP_JED_02,Insulin_Vials,40.8,59.62,0,None,108,41
2025-06-07,HOSP_JED_02,Insulin_Vials,35.3,52.19,0,None,111,45
2025-06-08,HOSP_JED_02,Insulin_Vials,34.1,49.97,0,None,122,48
2025-06-09,HOSP_JED_02,Insulin_Vials,40.0,38.29,0,None,107,43
2025-06-10,HOSP_JED_02,Insulin_Vials,34.7,58.23,0,None,115,45
2025-06-11,HOSP_JED_02,Insulin_Vials,34.1,42.98,0,None,111,45
2025-06-12,HOSP_JED_02,Insulin_Vials,39.7,32.45,0,None,109,43
2025-06-13,HOSP_JED_02,Insulin_Vials,41.2,57.62,0,None,125,49
2025-06-14,HOSP_JED_02,Insulin_Vials,36.2,59.09,1,Sandstorm/Dust_Storm,143,57
2025-06-15,HOSP_JED_02,Insulin_Vials,37.2,41.25,0,None,123,49
2025-06-16,HOSP_JED_02,Insulin_Vials,39.6,38.96,0,None,135,53
2025-06-17,HOSP_JED_02,Insulin_Vials,36.6,58.42,0,None,106,43
2025-06-18,HOSP_JED_02,Insulin_Vials,39.9,50.49,0,None,115,44
2025-06-19,HOSP_JED_02,Insulin_Vials,42.5,37.62,0,None,124,49
2025-06-20,HOSP_JED_02,Insulin_Vials,38.7,50.98,0,None,130,52
2025-06-21,HOSP_JED_02,Insulin_Vials,33.3,53.91,0,None,123,50
2025-06-22,HOSP_JED_02,Insulin_Vials,39.6,61.2,0,None,108,42
2025-06-23,HOSP_JED_02,Insulin_Vials,46.4,65.87,0,None,105,44
2025-06-24,HOSP_JED_02,Insulin_Vials,43.4,52.63,0,None,132,52
2025-06-25,HOSP_JED_02,Insulin_Vials,41.9,77.29,0,None,128,51
2025-06-26,HOSP_JED_02,Insulin_Vials,36.8,45.91,0,None,100,40
2025-06-27,HOSP_JED_02,Insulin_Vials,27.6,59.62,0,None,115,47
2025-06-28,HOSP_JED_02,Insulin_Vials,40.0,59.34,0,None,110,42
2025-06-29,HOSP_JED_02,Insulin_Vials,38.9,59.31,0,None,123,49
2025-06-30,HOSP_JED_02,Insulin_Vials,37.2,61.86,0,None,103,41
2025-07-01,HOSP_JED_02,Insulin_Vials,37.5,61.58,0,None,115,45
2025-07-02,HOSP_JED_02,Insulin_Vials,42.8,18.2,0,None,112,45
2025-07-03,HOSP_JED_02,Insulin_Vials,39.1,42.39,0,None,111,45
2025-07-04,HOSP_JED_02,Insulin_Vials,39.9,38.45,0,None,127,51
2025-07-05,HOSP_JED_02,Insulin_Vials,39.0,39.14,0,None,98,38
2025-07-06,HOSP_JED_02,Insulin_Vials,31.6,39.52,0,None,121,48
2025-07-07,HOSP_JED_02,Insulin_Vials,42.2,58.12,0,None,108,43
2025-07-08,HOSP_JED_02,Insulin_Vials,46.8,52.22,0,None,113,45
2025-07-09,HOSP_JED_02,Insulin_Vials,37.2,53.57,0,None,118,47
2025-07-10,HOSP_JED_02,Insulin_Vials,36.3,49.81,0,None,131,52
2025-07-11,HOSP_JED_02,Insulin_Vials,43.0,58.74,0,None,112,43
2025-07-12,HOSP_JED_02,Insulin_Vials,34.1,67.17,0,None,116,45
2025-07-13,HOSP_JED_02,Insulin_Vials,32.7,59.25,0,None,142,56
2025-07-14,HOSP_JED_02,Insulin_Vials,42.5,52.36,0,None,124,49
2025-07-15,HOSP_JED_02,Insulin_Vials,32.1,53.77,0,None,131,51
2025-07-16,HOSP_JED_02,Insulin_Vials,43.3,58.3,0,None,121,46
2025-07-17,HOSP_JED_02,Insulin_Vials,43.1,53.04,0,None,130,52
2025-07-18,HOSP_JED_02,Insulin_Vials,29.6,51.06,0,None,111,45
2025-07-19,HOSP_JED_02,Insulin_Vials,33.0,61.67,0,None,96,37
2025-07-20,HOSP_JED_02,Insulin_Vials,40.7,53.14,0,None,121,48
2025-07-21,HOSP_JED_02,Insulin_Vials,37.2,44.12,0,None,106,41
2025-07-22,HOSP_JED_02,Insulin_Vials,37.3,68.12,0,None,118,46
2025-07-23,HOSP_JED_02,Insulin_Vials,36.8,51.32,0,None,104,42
2025-07-24,HOSP_JED_02,Insulin_Vials,35.4,44.47,0,None,112,44
2025-07-25,HOSP_JED_02,Insulin_Vials,38.6,43.92,0,None,111,42
2025-07-26,HOSP_JED_02,Insulin_Vials,36.2,39.73,0,None,115,47
2025-07-27,HOSP_JED_02,Insulin_Vials,31.9,49.3,1,Sandstorm/Dust_Storm,142,57
2025-07-28,HOSP_JED_02,Insulin_Vials,43.7,66.61,0,None,117,45
2025-07-29,HOSP_JED_02,Insulin_Vials,40.7,35.39,0,None,128,52
2025-07-30,HOSP_JED_02,Insulin_Vials,44.1,58.82,0,None,113,45
2025-07-31,HOSP_JED_02,Insulin_Vials,40.5,34.59,1,Heatwave,146,57
2025-08-01,HOSP_JED_02,Insulin_Vials,33.8,59.01,0,None,117,45
2025-08-02,HOSP_JED_02,Insulin_Vials,33.6,36.48,0,None,118,46
2025-08-03,HOSP_JED_02,Insulin_Vials,34.8,62.31,0,None,109,44
2025-08-04,HOSP_JED_02,Insulin_Vials,42.7,67.42,0,None,113,44
2025-08-05,HOSP_JED_02,Insulin_Vials,31.9,54.58,0,None,109,43
2025-08-06,HOSP_JED_02,Insulin_Vials,33.6,62.62,0,None,129,50
2025-08-07,HOSP_JED_02,Insulin_Vials,41.4,41.24,0,None,123,49
2025-08-08,HOSP_JED_02,Insulin_Vials,33.4,56.23,0,None,96,38
2025-08-09,HOSP_JED_02,Insulin_Vials,38.2,48.64,0,None,109,42
2025-08-10,HOSP_JED_02,Insulin_Vials,34.9,55.67,0,None,113,45
2025-08-11,HOSP_JED_02,Insulin_Vials,45.1,53.1,0,None,128,51
2025-08-12,HOSP_JED_02,Insulin_Vials,37.1,47.94,0,None,129,51
2025-08-13,HOSP_JED_02,Insulin_Vials,34.5,57.3,0,None,121,48
2025-08-14,HOSP_JED_02,Insulin_Vials,40.3,58.36,0,None,124,50
2025-08-15,HOSP_JED_02,Insulin_Vials,45.2,59.87,0,None,107,42
2025-08-16,HOSP_JED_02,Insulin_Vials,39.0,66.39,0,None,128,50
2025-08-17,HOSP_JED_02,Insulin_Vials,35.9,42.36,0,None,114,44
2025-08-18,HOSP_JED_02,Insulin_Vials,27.6,41.3,0,None,123,49
2025-08-19,HOSP_JED_02,Insulin_Vials,32.6,36.38,0,None,128,50
2025-08-20,HOSP_JED_02,Insulin_Vials,40.0,55.95,0,None,109,43
2025-08-21,HOSP_JED_02,Insulin_Vials,43.6,49.38,0,None,108,44
2025-08-22,HOSP_JED_02,Insulin_Vials,34.0,48.99,0,None,118,47
2025-08-23,HOSP_JED_02,Insulin_Vials,38.4,56.12,0,None,107,42
2025-08-24,HOSP_JED_02,Insulin_Vials,33.5,43.26,0,None,148,60
2025-08-25,HOSP_JED_02,Insulin_Vials,40.8,62.4,0,None,116,47
2025-08-26,HOSP_JED_02,Insulin_Vials,35.9,38.71,1,Sandstorm/Dust_Storm,157,63
2025-08-27,HOSP_JED_02,Insulin_Vials,39.1,48.76,0,None,120,47
2025-08-28,HOSP_JED_02,Insulin_Vials,37.7,47.84,0,None,131,51
2025-08-29,HOSP_JED_02,Insulin_Vials,39.1,47.63,0,None,117,46
2025-08-30,HOSP_JED_02,Insulin_Vials,27.1,40.85,0,None,117,46
2025-08-31,HOSP_JED_02,Insulin_Vials,32.8,43.41,0,None,113,45
2025-09-01,HOSP_JED_02,Insulin_Vials,29.5,48.33,0,None,115,46
2025-09-02,HOSP_JED_02,Insulin_Vials,20.7,47.68,0,None,141,55
2025-09-03,HOSP_JED_02,Insulin_Vials,20.2,44.6,0,None,115,44
2025-09-04,HOSP_JED_02,Insulin_Vials,23.2,40.34,0,None,117,47
2025-09-05,HOSP_JED_02,Insulin_Vials,25.4,43.1,0,None,135,54
2025-09-06,HOSP_JED_02,Insulin_Vials,26.7,51.08,0,None,123,48
2025-09-07,HOSP_JED_02,Insulin_Vials,21.1,57.6,0,None,122,50
2025-09-08,HOSP_JED_02,Insulin_Vials,26.9,42.53,0,None,120,47
2025-09-09,HOSP_JED_02,Insulin_Vials,23.9,66.15,0,None,113,45
2025-09-10,HOSP_JED_02,Insulin_Vials,28.6,49.04,0,None,145,57
2025-09-11,HOSP_JED_02,Insulin_Vials,20.0,63.3,0,None,109,44
2025-09-12,HOSP_JED_02,Insulin_Vials,27.1,40.37,0,None,125,50
2025-09-13,HOSP_JED_02,Insulin_Vials,23.9,54.9,0,None,108,42
2025-09-14,HOSP_JED_02,Insulin_Vials,18.1,39.29,0,None,108,42
2025-09-15,HOSP_JED_02,Insulin_Vials,24.2,36.73,0,None,130,51
2025-09-16,HOSP_JED_02,Insulin_Vials,23.7,34.56,0,None,118,47
2025-09-17,HOSP_JED_02,Insulin_Vials,16.7,35.17,0,None,111,44
2025-09-18,HOSP_JED_02,Insulin_Vials,25.8,47.92,0,None,114,45
2025-09-19,HOSP_JED_02,Insulin_Vials,19.1,53.04,0,None,109,44
2025-09-20,HOSP_JED_02,Insulin_Vials,26.7,54.23,1,Sandstorm/Dust_Storm,156,63
2025-09-21,HOSP_JED_02,Insulin_Vials,25.7,59.85,0,None,121,46
2025-09-22,HOSP_JED_02,Insulin_Vials,25.7,33.34,0,None,109,44
2025-09-23,HOSP_JED_02,Insulin_Vials,30.9,40.94,0,None,107,42
2025-09-24,HOSP_JED_02,Insulin_Vials,20.5,37.77,0,None,108,42
2025-09-25,HOSP_JED_02,Insulin_Vials,23.7,43.15,0,None,128,48
2025-09-26,HOSP_JED_02,Insulin_Vials,15.7,57.12,0,None,103,40
2025-09-27,HOSP_JED_02,Insulin_Vials,18.0,29.54,0,None,105,43
2025-09-28,HOSP_JED_02,Insulin_Vials,18.0,53.23,0,None,113,43
2025-09-29,HOSP_JED_02,Insulin_Vials,21.0,58.77,0,None,117,46
2025-09-30,HOSP_JED_02,Insulin_Vials,27.4,41.85,0,None,110,44
2025-10-01,HOSP_JED_02,Insulin_Vials,32.4,74.95,0,None,116,46
2025-10-02,HOSP_JED_02,Insulin_Vials,18.7,52.24,0,None,135,53
2025-10-03,HOSP_JED_02,Insulin_Vials,33.9,70.93,0,None,128,52
2025-10-04,HOSP_JED_02,Insulin_Vials,18.6,42.54,0,None,106,40
2025-10-05,HOSP_JED_02,Insulin_Vials,21.3,39.56,0,None,119,49
2025-10-06,HOSP_JED_02,Insulin_Vials,22.4,37.96,0,None,88,34
2025-10-07,HOSP_JED_02,Insulin_Vials,21.1,63.2,0,None,125,48
2025-10-08,HOSP_JED_02,Insulin_Vials,21.0,46.13,0,None,106,43
2025-10-09,HOSP_JED_02,Insulin_Vials,20.8,56.71,0,None,125,50
2025-10-10,HOSP_JED_02,Insulin_Vials,22.5,47.9,0,None,108,42
2025-10-11,HOSP_JED_02,Insulin_Vials,22.6,34.3,0,None,119,47
2025-10-12,HOSP_JED_02,Insulin_Vials,32.7,33.47,0,None,125,48
2025-10-13,HOSP_JED_02,Insulin_Vials,19.7,55.11,0,None,110,45
2025-10-14,HOSP_JED_02,Insulin_Vials,26.1,49.01,0,None,122,48
2025-10-15,HOSP_JED_02,Insulin_Vials,26.7,58.73,0,None,97,38
2025-10-16,HOSP_JED_02,Insulin_Vials,17.4,44.54,0,None,112,44
2025-10-17,HOSP_JED_02,Insulin_Vials,23.1,46.19,0,None,114,45
2025-10-18,HOSP_JED_02,Insulin_Vials,26.4,51.82,0,None,126,51
2025-10-19,HOSP_JED_02,Insulin_Vials,22.7,52.56,0,None,109,41
2025-10-20,HOSP_JED_02,Insulin_Vials,28.6,39.59,0,None,110,43
2025-10-21,HOSP_JED_02,Insulin_Vials,25.3,45.9,0,None,124,49
2025-10-22,HOSP_JED_02,Insulin_Vials,19.7,48.93,0,None,105,40
2025-10-23,HOSP_JED_02,Insulin_Vials,23.3,53.27,0,None,130,50
2025-10-24,HOSP_JED_02,Insulin_Vials,19.6,55.37,0,None,121,48
2025-10-25,HOSP_JED_02,Insulin_Vials,19.6,63.78,0,None,112,45
2025-10-26,HOSP_JED_02,Insulin_Vials,14.1,37.17,0,None,133,52
2025-10-27,HOSP_JED_02,Insulin_Vials,19.8,59.31,0,None,94,37
2025-10-28,HOSP_JED_02,Insulin_Vials,20.2,47.35,0,None,114,48
2025-10-29,HOSP_JED_02,Insulin_Vials,17.2,47.53,0,None,104,41
2025-10-30,HOSP_JED_02,Insulin_Vials,14.6,51.89,0,None,138,54
2025-10-31,HOSP_JED_02,Insulin_Vials,26.6,67.73,0,None,116,46
2025-11-01,HOSP_JED_02,Insulin_Vials,26.3,89.5,0,None,140,56
2025-11-02,HOSP_JED_02,Insulin_Vials,24.7,70.23,0,None,140,55
2025-11-03,HOSP_JED_02,Insulin_Vials,20.3,70.6,0,None,142,55
2025-11-04,HOSP_JED_02,Insulin_Vials,24.1,68.58,0,None,149,58
2025-11-05,HOSP_JED_02,Insulin_Vials,24.2,75.47,0,None,136,52
2025-11-06,HOSP_JED_02,Insulin_Vials,22.5,69.7,0,None,133,51
2025-11-07,HOSP_JED_02,Insulin_Vials,24.0,75.84,0,None,141,55
2025-11-08,HOSP_JED_02,Insulin_Vials,18.4,78.22,0,None,161,63
2025-11-09,HOSP_JED_02,Insulin_Vials,25.3,68.24,0,None,135,55
2025-11-10,HOSP_JED_02,Insulin_Vials,19.8,69.93,0,None,135,53
2025-11-11,HOSP_JED_02,Insulin_Vials,18.7,74.86,0,None,156,62
2025-11-12,HOSP_JED_02,Insulin_Vials,20.1,95.7,0,None,155,61
2025-11-13,HOSP_JED_02,Insulin_Vials,22.4,73.22,0,None,141,58
2025-11-14,HOSP_JED_02,Insulin_Vials,19.5,77.47,0,None,154,61
2025-11-15,HOSP_JED_02,Insulin_Vials,27.1,96.29,0,None,161,64
2025-11-16,HOSP_JED_02,Insulin_Vials,21.4,78.62,0,None,142,55
2025-11-17,HOSP_JED_02,Insulin_Vials,25.8,77.42,0,None,141,55
2025-11-18,HOSP_JED_02,Insulin_Vials,25.7,86.37,0,None,146,57
2025-11-19,HOSP_JED_02,Insulin_Vials,26.3,74.93,0,None,154,61
2025-11-20,HOSP_JED_02,Insulin_Vials,27.2,68.54,0,None,133,53
2025-11-21,HOSP_JED_02,Insulin_Vials,21.2,73.68,0,None,151,62
2025-11-22,HOSP_JED_02,Insulin_Vials,18.2,73.4,0,None,140,56
2025-11-23,HOSP_JED_02,Insulin_Vials,33.4,75.58,0,None,144,57
2025-11-24,HOSP_JED_02,Insulin_Vials,23.3,97.07,0,None,137,54
2025-11-25,HOSP_JED_02,Insulin_Vials,21.1,62.61,0,None,151,60
2025-11-26,HOSP_JED_02,Insulin_Vials,26.2,79.67,0,None,130,52
2025-11-27,HOSP_JED_02,Insulin_Vials,19.3,78.37,0,None,139,54
2025-11-28,HOSP_JED_02,Insulin_Vials,21.7,76.59,0,None,153,61
2025-11-29,HOSP_JED_02,Insulin_Vials,22.8,65.84,0,None,137,53
2025-11-30,HOSP_JED_02,Insulin_Vials,24.1,80.62,0,None,145,58
2025-12-01,HOSP_JED_02,Insulin_Vials,18.8,75.52,0,None,164,65
2025-12-02,HOSP_JED_02,Insulin_Vials,31.2,94.68,0,None,137,54
2025-12-03,HOSP_JED_02,Insulin_Vials,22.0,88.34,0,None,147,57
2025-12-04,HOSP_JED_02,Insulin_Vials,15.5,90.88,0,None,149,59
2025-12-05,HOSP_JED_02,Insulin_Vials,27.8,64.25,0,None,148,60
2025-12-06,HOSP_JED_02,Insulin_Vials,22.8,65.02,0,None,158,63
2025-12-07,HOSP_JED_02,Insulin_Vials,28.7,74.81,0,None,150,61
2025-12-08,HOSP_JED_02,Insulin_Vials,18.3,68.58,0,None,147,58
2025-12-09,HOSP_JED_02,Insulin_Vials,26.1,81.54,0,None,144,59
2025-12-10,HOSP_JED_02,Insulin_Vials,31.0,64.6,0,None,141,55
2025-12-11,HOSP_JED_02,Insulin_Vials,23.2,66.39,0,None,123,47
2025-12-12,HOSP_JED_02,Insulin_Vials,25.7,86.71,0,None,139,54
2025-12-13,HOSP_JED_02,Insulin_Vials,23.6,86.56,0,None,132,53
2025-12-14,HOSP_JED_02,Insulin_Vials,22.6,71.56,0,None,145,57
2025-12-15,HOSP_JED_02,Insulin_Vials,16.5,78.47,0,None,163,66
2025-12-16,HOSP_JED_02,Insulin_Vials,24.3,88.9,0,None,124,51
2025-12-17,HOSP_JED_02,Insulin_Vials,19.5,87.38,0,None,126,49
2025-12-18,HOSP_JED_02,Insulin_Vials,23.5,73.78,0,None,166,65
2025-12-19,HOSP_JED_02,Insulin_Vials,23.9,75.24,0,None,151,60
2025-12-20,HOSP_JED_02,Insulin_Vials,19.6,83.61,0,None,135,54
2025-12-21,HOSP_JED_02,Insulin_Vials,19.9,57.44,0,None,131,51
2025-12-22,HOSP_JED_02,Insulin_Vials,25.4,75.44,0,None,147,58
2025-12-23,HOSP_JED_02,Insulin_Vials,27.0,88.1,0,None,128,51
2025-12-24,HOSP_JED_02,Insulin_Vials,28.2,64.04,0,None,139,54
2025-12-25,HOSP_JED_02,Insulin_Vials,22.6,62.38,0,None,150,58
2025-12-26,HOSP_JED_02,Insulin_Vials,30.5,65.87,0,None,154,64
2025-12-27,HOSP_JED_02,Insulin_Vials,19.8,73.12,0,None,164,65
2025-12-28,HOSP_JED_02,Insulin_Vials,24.6,60.78,0,None,144,57
2025-12-29,HOSP_JED_02,Insulin_Vials,21.5,59.88,0,None,163,64
2025-12-30,HOSP_JED_02,Insulin_Vials,29.6,87.28,0,None,134,55
2025-12-31,HOSP_JED_02,Insulin_Vials,18.0,78.48,0,None,152,60
2026-01-01,HOSP_JED_02,Insulin_Vials,21.2,75.3,0,None,130,51
2024-01-01,HOSP_JED_02,Painkillers,22.2,75.39,0,None,125,113
2024-01-02,HOSP_JED_02,Painkillers,21.6,64.4,0,None,137,123
2024-01-03,HOSP_JED_02,Painkillers,23.9,78.38,0,None,125,116
2024-01-04,HOSP_JED_02,Painkillers,20.9,77.31,0,None,158,142
2024-01-05,HOSP_JED_02,Painkillers,18.3,84.82,0,None,160,142
2024-01-06,HOSP_JED_02,Painkillers,29.6,75.26,0,None,133,120
2024-01-07,HOSP_JED_02,Painkillers,23.5,57.89,0,None,160,141
2024-01-08,HOSP_JED_02,Painkillers,20.1,83.49,0,None,148,132
2024-01-09,HOSP_JED_02,Painkillers,30.8,76.25,0,None,128,116
2024-01-10,HOSP_JED_02,Painkillers,15.1,64.0,0,None,164,146
2024-01-11,HOSP_JED_02,Painkillers,27.7,55.38,0,None,130,119
2024-01-12,HOSP_JED_02,Painkillers,22.7,75.57,0,None,138,124
2024-01-13,HOSP_JED_02,Painkillers,27.8,81.96,0,None,137,124
2024-01-14,HOSP_JED_02,Painkillers,26.4,64.53,0,None,137,123
2024-01-15,HOSP_JED_02,Painkillers,27.9,77.83,0,None,166,149
2024-01-16,HOSP_JED_02,Painkillers,27.0,81.1,0,None,142,129
2024-01-17,HOSP_JED_02,Painkillers,21.1,86.01,0,None,149,133
2024-01-18,HOSP_JED_02,Painkillers,17.9,72.93,0,None,149,135
2024-01-19,HOSP_JED_02,Painkillers,24.4,70.95,0,None,152,136
2024-01-20,HOSP_JED_02,Painkillers,26.8,76.53,0,None,150,136
2024-01-21,HOSP_JED_02,Painkillers,24.4,85.6,0,None,138,124
2024-01-22,HOSP_JED_02,Painkillers,22.1,81.3,0,None,160,142
2024-01-23,HOSP_JED_02,Painkillers,31.1,54.91,1,Sandstorm/Dust_Storm,186,163
2024-01-24,HOSP_JED_02,Painkillers,31.8,67.41,0,None,159,142
2024-01-25,HOSP_JED_02,Painkillers,27.4,102.43,0,None,151,133
2024-01-26,HOSP_JED_02,Painkillers,20.4,92.16,0,None,116,106
2024-01-27,HOSP_JED_02,Painkillers,30.1,79.81,0,None,176,155
2024-01-28,HOSP_JED_02,Painkillers,20.7,91.5,0,None,141,126
2024-01-29,HOSP_JED_02,Painkillers,20.5,64.64,0,None,155,139
2024-01-30,HOSP_JED_02,Painkillers,16.1,74.64,0,None,128,116
2024-01-31,HOSP_JED_02,Painkillers,22.2,77.44,0,None,164,145
2024-02-01,HOSP_JED_02,Painkillers,23.0,66.35,0,None,153,136
2024-02-02,HOSP_JED_02,Painkillers,24.1,94.34,0,None,153,138
2024-02-03,HOSP_JED_02,Painkillers,14.4,55.12,0,None,154,137
2024-02-04,HOSP_JED_02,Painkillers,25.1,49.07,0,None,151,136
2024-02-05,HOSP_JED_02,Painkillers,24.3,83.06,0,None,137,124
2024-02-06,HOSP_JED_02,Painkillers,28.4,81.98,1,Sandstorm/Dust_Storm,172,152
2024-02-07,HOSP_JED_02,Painkillers,22.8,64.78,0,None,154,136
2024-02-08,HOSP_JED_02,Painkillers,23.3,78.91,0,None,141,128
2024-02-09,HOSP_JED_02,Painkillers,18.3,59.19,0,None,162,144
2024-02-10,HOSP_JED_02,Painkillers,28.1,80.46,0,None,149,134
2024-02-11,HOSP_JED_02,Painkillers,19.4,79.86,0,None,155,139
2024-02-12,HOSP_JED_02,Painkillers,23.7,80.13,0,None,156,139
2024-02-13,HOSP_JED_02,Painkillers,18.8,82.43,0,None,136,124
2024-02-14,HOSP_JED_02,Painkillers,19.8,67.17,0,None,155,138
2024-02-15,HOSP_JED_02,Painkillers,18.0,88.04,0,None,128,118
2024-02-16,HOSP_JED_02,Painkillers,17.3,68.38,0,None,158,143
2024-02-17,HOSP_JED_02,Painkillers,20.0,58.77,0,None,133,120
2024-02-18,HOSP_JED_02,Painkillers,16.3,86.44,0,None,147,132
2024-02-19,HOSP_JED_02,Painkillers,19.0,83.93,0,None,139,128
2024-02-20,HOSP_JED_02,Painkillers,24.1,62.1,0,None,154,139
2024-02-21,HOSP_JED_02,Painkillers,18.0,68.02,1,Sandstorm/Dust_Storm,197,171
2024-02-22,HOSP_JED_02,Painkillers,23.2,89.62,0,None,144,132
2024-02-23,HOSP_JED_02,Painkillers,25.9,76.17,0,None,135,123
2024-02-24,HOSP_JED_02,Painkillers,25.2,80.1,0,None,158,142
2024-02-25,HOSP_JED_02,Painkillers,22.9,84.1,0,None,147,133
2024-02-26,HOSP_JED_02,Painkillers,21.4,82.25,0,None,140,124
2024-02-27,HOSP_JED_02,Painkillers,15.6,74.27,0,None,146,132
2024-02-28,HOSP_JED_02,Painkillers,26.6,80.04,0,None,126,115
2024-02-29,HOSP_JED_02,Painkillers,24.4,56.36,0,None,146,132
2024-03-01,HOSP_JED_02,Painkillers,16.3,61.63,0,None,113,90
2024-03-02,HOSP_JED_02,Painkillers,18.6,49.85,0,None,112,91
2024-03-03,HOSP_JED_02,Painkillers,28.5,58.03,0,None,112,88
2024-03-04,HOSP_JED_02,Painkillers,20.8,60.87,0,None,114,92
2024-03-05,HOSP_JED_02,Painkillers,21.9,46.31,1,Sandstorm/Dust_Storm,137,108
2024-03-06,HOSP_JED_02,Painkillers,20.0,43.43,0,None,142,113
2024-03-07,HOSP_JED_02,Painkillers,21.9,42.31,0,None,112,90
2024-03-08,HOSP_JED_02,Painkillers,18.5,50.86,0,None,135,107
2024-03-09,HOSP_JED_02,Painkillers,20.7,56.36,0,None,121,95
2024-03-10,HOSP_JED_02,Painkillers,24.9,37.54,0,None,142,114
2024-03-11,HOSP_JED_02,Painkillers,22.8,42.34,0,None,131,106
2024-03-12,HOSP_JED_02,Painkillers,29.7,38.21,0,None,124,98
2024-03-13,HOSP_JED_02,Painkillers,22.2,59.8,0,None,128,102
2024-03-14,HOSP_JED_02,Painkillers,18.9,55.83,0,None,113,90
2024-03-15,HOSP_JED_02,Painkillers,25.1,38.64,0,None,132,103
2024-03-16,HOSP_JED_02,Painkillers,26.0,49.75,1,Sandstorm/Dust_Storm,138,111
2024-03-17,HOSP_JED_02,Painkillers,29.1,48.36,0,None,117,94
2024-03-18,HOSP_JED_02,Painkillers,23.4,46.9,0,None,114,91
2024-03-19,HOSP_JED_02,Painkillers,20.7,46.97,0,None,119,94
2024-03-20,HOSP_JED_02,Painkillers,29.8,36.89,0,None,138,112
2024-03-21,HOSP_JED_02,Painkillers,23.2,69.49,0,None,109,87
2024-03-22,HOSP_JED_02,Painkillers,22.3,43.41,0,None,125,100
2024-03-23,HOSP_JED_02,Painkillers,19.6,52.26,0,None,96,77
2024-03-24,HOSP_JED_02,Painkillers,22.5,50.6,0,None,95,76
2024-03-25,HOSP_JED_02,Painkillers,25.2,48.27,0,None,121,98
2024-03-26,HOSP_JED_02,Painkillers,27.2,61.87,0,None,125,99
2024-03-27,HOSP_JED_02,Painkillers,24.5,33.6,0,None,115,89
2024-03-28,HOSP_JED_02,Painkillers,21.5,49.23,0,None,108,85
2024-03-29,HOSP_JED_02,Painkillers,20.6,49.47,0,None,104,85
2024-03-30,HOSP_JED_02,Painkillers,24.2,59.84,1,Sandstorm/Dust_Storm,191,152
2024-03-31,HOSP_JED_02,Painkillers,20.0,43.96,0,None,98,79
2024-04-01,HOSP_JED_02,Painkillers,26.3,57.75,0,None,145,115
2024-04-02,HOSP_JED_02,Painkillers,17.1,62.07,0,None,107,84
2024-04-03,HOSP_JED_02,Painkillers,30.5,68.26,0,None,103,83
2024-04-04,HOSP_JED_02,Painkillers,24.4,60.96,1,Sandstorm/Dust_Storm,174,141
2024-04-05,HOSP_JED_02,Painkillers,18.3,55.81,0,None,115,92
2024-04-06,HOSP_JED_02,Painkillers,27.6,61.14,0,None,119,95
2024-04-07,HOSP_JED_02,Painkillers,15.2,51.26,0,None,119,95
2024-04-08,HOSP_JED_02,Painkillers,22.1,50.54,0,None,105,83
2024-04-09,HOSP_JED_02,Painkillers,17.8,60.46,0,None,110,88
2024-04-10,HOSP_JED_02,Painkillers,24.0,47.54,0,None,138,111
2024-04-11,HOSP_JED_02,Painkillers,25.8,40.34,0,None,132,106
2024-04-12,HOSP_JED_02,Painkillers,24.9,52.38,0,None,128,103
2024-04-13,HOSP_JED_02,Painkillers,26.8,31.17,0,None,147,117
2024-04-14,HOSP_JED_02,Painkillers,21.3,63.99,0,None,117,95
2024-04-15,HOSP_JED_02,Painkillers,30.5,52.98,0,None,126,100
2024-04-16,HOSP_JED_02,Painkillers,27.1,41.87,0,None,112,90
2024-04-17,HOSP_JED_02,Painkillers,30.6,36.47,0,None,113,91
2024-04-18,HOSP_JED_02,Painkillers,21.5,68.39,0,None,118,93
2024-04-19,HOSP_JED_02,Painkillers,25.2,63.14,0,None,125,99
2024-04-20,HOSP_JED_02,Painkillers,16.0,54.77,0,None,112,88
2024-04-21,HOSP_JED_02,Painkillers,16.6,50.99,0,None,130,103
2024-04-22,HOSP_JED_02,Painkillers,22.7,36.59,0,None,110,89
2024-04-23,HOSP_JED_02,Painkillers,27.8,40.39,0,None,93,74
2024-04-24,HOSP_JED_02,Painkillers,29.0,57.37,0,None,145,116
2024-04-25,HOSP_JED_02,Painkillers,19.5,47.67,0,None,134,107
2024-04-26,HOSP_JED_02,Painkillers,19.2,63.88,0,None,101,82
2024-04-27,HOSP_JED_02,Painkillers,26.6,45.01,0,None,113,88
2024-04-28,HOSP_JED_02,Painkillers,27.3,41.96,0,None,109,84
2024-04-29,HOSP_JED_02,Painkillers,25.6,47.72,0,None,110,89
2024-04-30,HOSP_JED_02,Painkillers,31.9,54.91,0,None,123,97
2024-05-01,HOSP_JED_02,Painkillers,26.7,55.47,0,None,124,97
2024-05-02,HOSP_JED_02,Painkillers,23.8,43.49,0,None,110,88
2024-05-03,HOSP_JED_02,Painkillers,19.5,41.77,0,None,129,100
2024-05-04,HOSP_JED_02,Painkillers,28.6,41.92,0,None,135,109
2024-05-05,HOSP_JED_02,Painkillers,27.1,62.47,1,Sandstorm/Dust_Storm,164,131
2024-05-06,HOSP_JED_02,Painkillers,17.7,50.88,0,None,129,102
2024-05-07,HOSP_JED_02,Painkillers,24.1,52.33,0,None,115,93
2024-05-08,HOSP_JED_02,Painkillers,20.9,42.53,0,None,132,105
2024-05-09,HOSP_JED_02,Painkillers,20.6,54.69,0,None,119,94
2024-05-10,HOSP_JED_02,Painkillers,23.6,51.27,0,None,138,111
2024-05-11,HOSP_JED_02,Painkillers,20.6,46.72,0,None,102,80
2024-05-12,HOSP_JED_02,Painkillers,17.9,42.5,0,None,104,83
2024-05-13,HOSP_JED_02,Painkillers,24.4,54.41,0,None,124,98
2024-05-14,HOSP_JED_02,Painkillers,29.2,54.52,0,None,128,101
2024-05-15,HOSP_JED_02,Painkillers,20.2,39.16,0,None,133,107
2024-05-16,HOSP_JED_02,Painkillers,23.5,43.21,1,Sandstorm/Dust_Storm,151,119
2024-05-17,HOSP_JED_02,Painkillers,22.3,42.69,0,None,108,87
2024-05-18,HOSP_JED_02,Painkillers,23.6,40.88,0,None,124,100
2024-05-19,HOSP_JED_02,Painkillers,30.7,45.01,0,None,122,96
2024-05-20,HOSP_JED_02,Painkillers,23.7,56.66,0,None,127,101
2024-05-21,HOSP_JED_02,Painkillers,20.8,56.11,1,Sandstorm/Dust_Storm,155,124
2024-05-22,HOSP_JED_02,Painkillers,21.8,40.34,0,None,95,76
2024-05-23,HOSP_JED_02,Painkillers,17.8,45.16,0,None,119,94
2024-05-24,HOSP_JED_02,Painkillers,17.2,42.24,0,None,137,110
2024-05-25,HOSP_JED_02,Painkillers,22.9,53.64,0,None,157,126
2024-05-26,HOSP_JED_02,Painkillers,29.0,38.8,0,None,113,90
2024-05-27,HOSP_JED_02,Painkillers,15.8,63.44,0,None,116,95
2024-05-28,HOSP_JED_02,Painkillers,26.4,54.4,0,None,117,92
2024-05-29,HOSP_JED_02,Painkillers,25.4,53.85,0,None,126,101
2024-05-30,HOSP_JED_02,Painkillers,23.5,44.25,0,None,128,100
2024-05-31,HOSP_JED_02,Painkillers,29.0,56.02,0,None,110,88
2024-06-01,HOSP_JED_02,Painkillers,40.2,56.86,0,None,112,89
2024-06-02,HOSP_JED_02,Painkillers,37.3,36.96,0,None,119,93
2024-06-03,HOSP_JED_02,Painkillers,35.9,44.45,0,None,133,105
2024-06-04,HOSP_JED_02,Painkillers,38.8,44.57,0,None,129,103
2024-06-05,HOSP_JED_02,Painkillers,27.8,51.24,0,None,103,82
2024-06-06,HOSP_JED_02,Painkillers,39.4,45.18,0,None,137,110
2024-06-07,HOSP_JED_02,Painkillers,40.5,41.86,0,None,127,101
2024-06-08,HOSP_JED_02,Painkillers,43.2,70.75,0,None,121,96
2024-06-09,HOSP_JED_02,Painkillers,37.3,55.62,0,None,120,94
2024-06-10,HOSP_JED_02,Painkillers,35.8,25.43,0,None,123,98
2024-06-11,HOSP_JED_02,Painkillers,32.0,71.49,0,None,140,112
2024-06-12,HOSP_JED_02,Painkillers,41.2,35.98,0,None,126,99
2024-06-13,HOSP_JED_02,Painkillers,37.7,44.72,0,None,124,99
2024-06-14,HOSP_JED_02,Painkillers,37.9,45.49,0,None,109,86
2024-06-15,HOSP_JED_02,Painkillers,34.1,48.46,0,None,106,85
2024-06-16,HOSP_JED_02,Painkillers,41.5,50.33,0,None,120,95
2024-06-17,HOSP_JED_02,Painkillers,37.2,56.57,0,None,135,108
2024-06-18,HOSP_JED_02,Painkillers,40.2,41.19,0,None,95,76
2024-06-19,HOSP_JED_02,Painkillers,45.7,52.25,0,None,136,108
2024-06-20,HOSP_JED_02,Painkillers,40.8,44.94,0,None,108,86
2024-06-21,HOSP_JED_02,Painkillers,37.8,28.26,0,None,126,98
2024-06-22,HOSP_JED_02,Painkillers,42.9,53.23,0,None,125,98
2024-06-23,HOSP_JED_02,Painkillers,41.5,62.78,0,None,93,73
2024-06-24,HOSP_JED_02,Painkillers,39.2,47.13,1,Sandstorm/Dust_Storm,141,112
2024-06-25,HOSP_JED_02,Painkillers,37.9,51.52,0,None,107,86
2024-06-26,HOSP_JED_02,Painkillers,34.8,39.52,0,None,128,101
2024-06-27,HOSP_JED_02,Painkillers,45.1,42.27,1,Heatwave,160,127
2024-06-28,HOSP_JED_02,Painkillers,42.5,53.3,0,None,117,93
2024-06-29,HOSP_JED_02,Painkillers,30.1,59.12,0,None,119,95
2024-06-30,HOSP_JED_02,Painkillers,44.3,74.46,0,None,140,113
2024-07-01,HOSP_JED_02,Painkillers,37.2,47.31,0,None,122,98
2024-07-02,HOSP_JED_02,Painkillers,31.9,70.68,0,None,125,99
2024-07-03,HOSP_JED_02,Painkillers,41.1,26.33,0,None,114,89
2024-07-04,HOSP_JED_02,Painkillers,40.3,36.95,0,None,133,106
2024-07-05,HOSP_JED_02,Painkillers,42.8,49.81,0,None,113,92
2024-07-06,HOSP_JED_02,Painkillers,38.9,41.02,0,None,102,80
2024-07-07,HOSP_JED_02,Painkillers,39.4,49.51,0,None,110,88
2024-07-08,HOSP_JED_02,Painkillers,42.6,41.82,0,None,100,81
2024-07-09,HOSP_JED_02,Painkillers,34.7,63.24,0,None,108,86
2024-07-10,HOSP_JED_02,Painkillers,42.2,43.37,0,None,115,91
2024-07-11,HOSP_JED_02,Painkillers,41.5,36.91,0,None,130,104
2024-07-12,HOSP_JED_02,Painkillers,37.6,45.82,0,None,112,87
2024-07-13,HOSP_JED_02,Painkillers,42.2,61.64,1,Heatwave,159,128
2024-07-14,HOSP_JED_02,Painkillers,40.0,32.06,0,None,131,105
2024-07-15,HOSP_JED_02,Painkillers,34.3,65.52,0,None,124,100
2024-07-16,HOSP_JED_02,Painkillers,44.1,48.73,0,None,96,75
2024-07-17,HOSP_JED_02,Painkillers,35.4,38.97,0,None,119,95
2024-07-18,HOSP_JED_02,Painkillers,38.6,42.25,0,None,120,97
2024-07-19,HOSP_JED_02,Painkillers,40.0,48.34,0,None,123,98
2024-07-20,HOSP_JED_02,Painkillers,39.7,60.74,0,None,125,99
2024-07-21,HOSP_JED_02,Painkillers,36.6,38.29,0,None,119,94
2024-07-22,HOSP_JED_02,Painkillers,42.3,42.67,0,None,122,97
2024-07-23,HOSP_JED_02,Painkillers,39.2,23.27,0,None,126,99
2024-07-24,HOSP_JED_02,Painkillers,33.6,56.58,0,None,105,85
2024-07-25,HOSP_JED_02,Painkillers,31.1,38.52,0,None,146,118
2024-07-26,HOSP_JED_02,Painkillers,36.5,51.82,0,None,113,90
2024-07-27,HOSP_JED_02,Painkillers,38.8,55.63,0,None,90,71
2024-07-28,HOSP_JED_02,Painkillers,31.5,64.52,0,None,126,99
2024-07-29,HOSP_JED_02,Painkillers,37.9,48.77,1,Sandstorm/Dust_Storm,161,127
2024-07-30,HOSP_JED_02,Painkillers,37.8,48.72,0,None,105,84
2024-07-31,HOSP_JED_02,Painkillers,38.9,38.53,0,None,120,96
2024-08-01,HOSP_JED_02,Painkillers,44.8,43.9,0,None,101,80
2024-08-02,HOSP_JED_02,Painkillers,36.8,47.74,0,None,128,101
2024-08-03,HOSP_JED_02,Painkillers,36.9,58.81,0,None,131,106
2024-08-04,HOSP_JED_02,Painkillers,36.4,51.82,0,None,96,76
2024-08-05,HOSP_JED_02,Painkillers,34.9,40.7,0,None,131,103
2024-08-06,HOSP_JED_02,Painkillers,37.3,49.33,0,None,113,90
2024-08-07,HOSP_JED_02,Painkillers,33.5,43.33,0,None,107,86
2024-08-08,HOSP_JED_02,Painkillers,44.7,60.33,0,None,122,97
2024-08-09,HOSP_JED_02,Painkillers,37.7,49.19,0,None,122,97
2024-08-10,HOSP_JED_02,Painkillers,42.7,47.38,0,None,111,88
2024-08-11,HOSP_JED_02,Painkillers,39.9,42.34,0,None,110,87
2024-08-12,HOSP_JED_02,Painkillers,36.5,55.03,0,None,117,93
2024-08-13,HOSP_JED_02,Painkillers,37.6,60.46,1,Sandstorm/Dust_Storm,166,132
2024-08-14,HOSP_JED_02,Painkillers,40.8,65.79,0,None,134,107
2024-08-15,HOSP_JED_02,Painkillers,42.2,64.05,0,None,126,99
2024-08-16,HOSP_JED_02,Painkillers,33.4,65.07,0,None,119,94
2024-08-17,HOSP_JED_02,Painkillers,37.5,32.52,0,None,113,91
2024-08-18,HOSP_JED_02,Painkillers,35.5,51.92,0,None,119,96
2024-08-19,HOSP_JED_02,Painkillers,34.4,57.93,0,None,141,112
2024-08-20,HOSP_JED_02,Painkillers,39.2,36.83,0,None,119,96
2024-08-21,HOSP_JED_02,Painkillers,38.2,49.91,0,None,107,86
2024-08-22,HOSP_JED_02,Painkillers,41.9,52.84,0,None,121,98
2024-08-23,HOSP_JED_02,Painkillers,40.9,48.98,0,None,112,89
2024-08-24,HOSP_JED_02,Painkillers,34.3,48.91,0,None,109,88
2024-08-25,HOSP_JED_02,Painkillers,40.5,41.35,0,None,114,92
2024-08-26,HOSP_JED_02,Painkillers,36.8,46.73,0,None,116,93
2024-08-27,HOSP_JED_02,Painkillers,37.2,38.09,0,None,118,93
2024-08-28,HOSP_JED_02,Painkillers,38.4,55.21,0,None,113,90
2024-08-29,HOSP_JED_02,Painkillers,36.6,35.41,0,None,123,98
2024-08-30,HOSP_JED_02,Painkillers,41.2,51.55,0,None,136,109
2024-08-31,HOSP_JED_02,Painkillers,35.9,49.26,1,Sandstorm/Dust_Storm,156,124
2024-09-01,HOSP_JED_02,Painkillers,23.4,66.21,0,None,117,93
2024-09-02,HOSP_JED_02,Painkillers,14.5,62.86,0,None,136,108
2024-09-03,HOSP_JED_02,Painkillers,23.1,72.81,0,None,115,93
2024-09-04,HOSP_JED_02,Painkillers,21.9,28.15,0,None,117,93
2024-09-05,HOSP_JED_02,Painkillers,24.1,45.85,1,Sandstorm/Dust_Storm,159,127
2024-09-06,HOSP_JED_02,Painkillers,18.6,53.36,0,None,118,94
2024-09-07,HOSP_JED_02,Painkillers,19.7,52.01,0,None,115,92
2024-09-08,HOSP_JED_02,Painkillers,23.8,58.43,0,None,106,84
2024-09-09,HOSP_JED_02,Painkillers,23.1,33.93,0,None,106,86
2024-09-10,HOSP_JED_02,Painkillers,24.1,44.89,0,None,139,112
2024-09-11,HOSP_JED_02,Painkillers,20.5,51.68,0,None,95,75
2024-09-12,HOSP_JED_02,Painkillers,22.6,49.83,0,None,142,112
2024-09-13,HOSP_JED_02,Painkillers,19.3,39.39,0,None,137,111
2024-09-14,HOSP_JED_02,Painkillers,24.7,53.01,0,None,96,78
2024-09-15,HOSP_JED_02,Painkillers,22.5,54.01,0,None,117,93
2024-09-16,HOSP_JED_02,Painkillers,23.4,50.44,0,None,123,97
2024-09-17,HOSP_JED_02,Painkillers,18.8,46.3,0,None,111,89
2024-09-18,HOSP_JED_02,Painkillers,19.6,52.36,0,None,108,86
2024-09-19,HOSP_JED_02,Painkillers,24.7,42.88,0,None,132,106
2024-09-20,HOSP_JED_02,Painkillers,22.8,47.17,0,None,134,107
2024-09-21,HOSP_JED_02,Painkillers,29.2,49.91,0,None,142,113
2024-09-22,HOSP_JED_02,Painkillers,31.2,52.19,0,None,123,99
2024-09-23,HOSP_JED_02,Painkillers,20.6,69.88,1,Sandstorm/Dust_Storm,172,137
2024-09-24,HOSP_JED_02,Painkillers,23.3,52.13,1,Sandstorm/Dust_Storm,148,119
2024-09-25,HOSP_JED_02,Painkillers,20.9,45.47,0,None,126,102
2024-09-26,HOSP_JED_02,Painkillers,20.9,42.57,0,None,118,95
2024-09-27,HOSP_JED_02,Painkillers,16.0,58.33,0,None,140,112
2024-09-28,HOSP_JED_02,Painkillers,24.0,44.68,0,None,122,98
2024-09-29,HOSP_JED_02,Painkillers,21.2,58.95,0,None,101,80
2024-09-30,HOSP_JED_02,Painkillers,25.5,53.88,0,None,127,102
2024-10-01,HOSP_JED_02,Painkillers,28.7,58.3,0,None,117,93
2024-10-02,HOSP_JED_02,Painkillers,23.9,47.09,0,None,116,91
2024-10-03,HOSP_JED_02,Painkillers,20.9,59.22,0,None,121,97
2024-10-04,HOSP_JED_02,Painkillers,24.1,49.41,0,None,125,99
2024-10-05,HOSP_JED_02,Painkillers,18.3,54.07,0,None,111,89
2024-10-06,HOSP_JED_02,Painkillers,25.3,63.65,0,None,126,101
2024-10-07,HOSP_JED_02,Painkillers,23.8,49.62,1,Sandstorm/Dust_Storm,181,143
2024-10-08,HOSP_JED_02,Painkillers,25.7,52.6,0,None,123,99
2024-10-09,HOSP_JED_02,Painkillers,22.7,40.43,0,None,131,105
2024-10-10,HOSP_JED_02,Painkillers,26.9,36.99,0,None,119,93
2024-10-11,HOSP_JED_02,Painkillers,23.7,58.57,0,None,108,87
2024-10-12,HOSP_JED_02,Painkillers,28.3,59.24,0,None,106,85
2024-10-13,HOSP_JED_02,Painkillers,26.8,67.07,0,None,122,97
2024-10-14,HOSP_JED_02,Painkillers,22.9,49.92,1,Sandstorm/Dust_Storm,153,121
2024-10-15,HOSP_JED_02,Painkillers,27.4,50.35,0,None,134,105
2024-10-16,HOSP_JED_02,Painkillers,26.7,44.23,0,None,120,95
2024-10-17,HOSP_JED_02,Painkillers,23.6,50.32,0,None,106,85
2024-10-18,HOSP_JED_02,Painkillers,26.4,45.58,0,None,112,89
2024-10-19,HOSP_JED_02,Painkillers,27.5,42.71,0,None,100,80
2024-10-20,HOSP_JED_02,Painkillers,18.0,64.73,0,None,124,100
2024-10-21,HOSP_JED_02,Painkillers,20.9,69.14,0,None,120,94
2024-10-22,HOSP_JED_02,Painkillers,22.5,51.71,0,None,114,92
2024-10-23,HOSP_JED_02,Painkillers,25.8,42.53,0,None,119,93
2024-10-24,HOSP_JED_02,Painkillers,19.0,50.73,0,None,134,107
2024-10-25,HOSP_JED_02,Painkillers,23.7,44.95,0,None,104,83
2024-10-26,HOSP_JED_02,Painkillers,28.7,60.6,0,None,136,109
2024-10-27,HOSP_JED_02,Painkillers,20.3,36.45,0,None,143,113
2024-10-28,HOSP_JED_02,Painkillers,25.0,46.11,1,Sandstorm/Dust_Storm,170,135
2024-10-29,HOSP_JED_02,Painkillers,25.2,82.96,0,None,112,89
2024-10-30,HOSP_JED_02,Painkillers,26.2,69.74,0,None,121,98
2024-10-31,HOSP_JED_02,Painkillers,26.7,49.17,0,None,126,101
2024-11-01,HOSP_JED_02,Painkillers,24.4,66.32,0,None,160,143
2024-11-02,HOSP_JED_02,Painkillers,23.4,69.94,0,None,165,147
2024-11-03,HOSP_JED_02,Painkillers,26.9,74.19,0,None,161,143
2024-11-04,HOSP_JED_02,Painkillers,24.1,76.39,0,None,159,142
2024-11-05,HOSP_JED_02,Painkillers,29.9,77.97,0,None,144,130
2024-11-06,HOSP_JED_02,Painkillers,25.1,86.06,0,None,116,105
2024-11-07,HOSP_JED_02,Painkillers,24.4,67.77,0,None,141,128
2024-11-08,HOSP_JED_02,Painkillers,20.2,86.07,0,None,140,128
2024-11-09,HOSP_JED_02,Painkillers,29.4,76.56,0,None,131,118
2024-11-10,HOSP_JED_02,Painkillers,27.0,67.57,0,None,131,119
2024-11-11,HOSP_JED_02,Painkillers,23.1,77.97,0,None,135,122
2024-11-12,HOSP_JED_02,Painkillers,28.9,75.53,0,None,139,127
2024-11-13,HOSP_JED_02,Painkillers,22.3,68.05,0,None,140,126
2024-11-14,HOSP_JED_02,Painkillers,23.0,74.64,0,None,138,124
2024-11-15,HOSP_JED_02,Painkillers,21.1,70.72,0,None,162,145
2024-11-16,HOSP_JED_02,Painkillers,27.0,80.31,0,None,162,145
2024-11-17,HOSP_JED_02,Painkillers,22.0,70.28,0,None,155,138
2024-11-18,HOSP_JED_02,Painkillers,14.6,61.4,0,None,161,144
2024-11-19,HOSP_JED_02,Painkillers,17.2,87.69,0,None,166,150
2024-11-20,HOSP_JED_02,Painkillers,23.0,70.53,0,None,144,130
2024-11-21,HOSP_JED_02,Painkillers,28.8,61.43,0,None,161,145
2024-11-22,HOSP_JED_02,Painkillers,22.6,70.93,0,None,148,135
2024-11-23,HOSP_JED_02,Painkillers,13.5,85.83,0,None,156,141
2024-11-24,HOSP_JED_02,Painkillers,26.3,77.22,1,Sandstorm/Dust_Storm,202,178
2024-11-25,HOSP_JED_02,Painkillers,20.1,73.78,0,None,152,137
2024-11-26,HOSP_JED_02,Painkillers,29.7,89.75,0,None,138,124
2024-11-27,HOSP_JED_02,Painkillers,21.0,79.71,0,None,134,121
2024-11-28,HOSP_JED_02,Painkillers,25.0,67.09,1,Sandstorm/Dust_Storm,167,147
2024-11-29,HOSP_JED_02,Painkillers,20.7,89.4,1,Sandstorm/Dust_Storm,204,178
2024-11-30,HOSP_JED_02,Painkillers,26.1,102.1,0,None,138,125
2024-12-01,HOSP_JED_02,Painkillers,26.2,89.83,0,None,148,134
2024-12-02,HOSP_JED_02,Painkillers,24.4,83.15,0,None,160,142
2024-12-03,HOSP_JED_02,Painkillers,20.4,74.49,0,None,123,114
2024-12-04,HOSP_JED_02,Painkillers,15.7,87.55,0,None,149,131
2024-12-05,HOSP_JED_02,Painkillers,25.0,66.81,0,None,142,129
2024-12-06,HOSP_JED_02,Painkillers,25.4,74.84,0,None,144,129
2024-12-07,HOSP_JED_02,Painkillers,24.7,82.56,0,None,133,121
2024-12-08,HOSP_JED_02,Painkillers,21.6,93.72,0,None,142,129
2024-12-09,HOSP_JED_02,Painkillers,24.6,61.3,0,None,136,123
2024-12-10,HOSP_JED_02,Painkillers,18.2,72.33,0,None,122,111
2024-12-11,HOSP_JED_02,Painkillers,16.0,75.94,0,None,123,112
2024-12-12,HOSP_JED_02,Painkillers,23.4,77.26,0,None,148,132
2024-12-13,HOSP_JED_02,Painkillers,10.5,67.18,0,None,155,140
2024-12-14,HOSP_JED_02,Painkillers,20.4,85.56,0,None,145,133
2024-12-15,HOSP_JED_02,Painkillers,17.0,67.23,0,None,142,127
2024-12-16,HOSP_JED_02,Painkillers,24.7,80.48,0,None,127,116
2024-12-17,HOSP_JED_02,Painkillers,23.0,87.22,0,None,122,112
2024-12-18,HOSP_JED_02,Painkillers,33.6,80.75,0,None,139,127
2024-12-19,HOSP_JED_02,Painkillers,25.1,94.11,0,None,146,132
2024-12-20,HOSP_JED_02,Painkillers,23.0,75.34,0,None,129,118
2024-12-21,HOSP_JED_02,Painkillers,22.6,82.59,0,None,137,125
2024-12-22,HOSP_JED_02,Painkillers,25.4,73.19,1,Sandstorm/Dust_Storm,168,150
2024-12-23,HOSP_JED_02,Painkillers,23.7,80.41,0,None,126,116
2024-12-24,HOSP_JED_02,Painkillers,26.9,63.72,1,Sandstorm/Dust_Storm,174,155
2024-12-25,HOSP_JED_02,Painkillers,24.1,90.04,0,None,160,142
2024-12-26,HOSP_JED_02,Painkillers,25.8,76.79,0,None,140,125
2024-12-27,HOSP_JED_02,Painkillers,24.9,71.84,0,None,161,144
2024-12-28,HOSP_JED_02,Painkillers,22.2,74.8,0,None,149,132
2024-12-29,HOSP_JED_02,Painkillers,19.4,70.42,0,None,147,133
2024-12-30,HOSP_JED_02,Painkillers,20.9,77.2,0,None,104,100
2024-12-31,HOSP_JED_02,Painkillers,27.5,80.38,0,None,156,138
2025-01-01,HOSP_JED_02,Painkillers,18.8,52.31,1,Sandstorm/Dust_Storm,207,180
2025-01-02,HOSP_JED_02,Painkillers,17.7,75.16,0,None,140,129
2025-01-03,HOSP_JED_02,Painkillers,22.9,56.08,1,Sandstorm/Dust_Storm,180,157
2025-01-04,HOSP_JED_02,Painkillers,15.4,80.45,0,None,140,126
2025-01-05,HOSP_JED_02,Painkillers,18.5,74.57,0,None,148,132
2025-01-06,HOSP_JED_02,Painkillers,26.5,68.27,0,None,158,142
2025-01-07,HOSP_JED_02,Painkillers,26.6,72.68,0,None,136,123
2025-01-08,HOSP_JED_02,Painkillers,21.7,82.78,0,None,125,114
2025-01-09,HOSP_JED_02,Painkillers,19.9,66.78,0,None,145,131
2025-01-10,HOSP_JED_02,Painkillers,22.0,76.5,0,None,147,133
2025-01-11,HOSP_JED_02,Painkillers,23.5,98.8,1,Sandstorm/Dust_Storm,200,176
2025-01-12,HOSP_JED_02,Painkillers,29.8,79.8,0,None,134,122
2025-01-13,HOSP_JED_02,Painkillers,26.3,77.51,0,None,152,136
2025-01-14,HOSP_JED_02,Painkillers,23.1,95.27,0,None,147,133
2025-01-15,HOSP_JED_02,Painkillers,14.9,94.59,0,None,146,130
2025-01-16,HOSP_JED_02,Painkillers,27.0,71.56,0,None,151,135
2025-01-17,HOSP_JED_02,Painkillers,23.2,66.66,0,None,152,136
2025-01-18,HOSP_JED_02,Painkillers,25.5,92.68,0,None,146,132
2025-01-19,HOSP_JED_02,Painkillers,26.2,73.96,0,None,131,119
2025-01-20,HOSP_JED_02,Painkillers,22.4,72.37,0,None,130,119
2025-01-21,HOSP_JED_02,Painkillers,20.1,44.37,0,None,146,130
2025-01-22,HOSP_JED_02,Painkillers,19.5,61.08,0,None,147,133
2025-01-23,HOSP_JED_02,Painkillers,17.1,84.4,0,None,126,115
2025-01-24,HOSP_JED_02,Painkillers,20.7,70.18,0,None,141,128
2025-01-25,HOSP_JED_02,Painkillers,21.0,60.79,0,None,154,137
2025-01-26,HOSP_JED_02,Painkillers,24.0,82.08,0,None,151,135
2025-01-27,HOSP_JED_02,Painkillers,17.8,77.38,0,None,144,129
2025-01-28,HOSP_JED_02,Painkillers,20.4,71.85,0,None,136,125
2025-01-29,HOSP_JED_02,Painkillers,22.9,90.57,0,None,150,135
2025-01-30,HOSP_JED_02,Painkillers,24.0,74.71,0,None,141,128
2025-01-31,HOSP_JED_02,Painkillers,21.9,73.99,0,None,148,132
2025-02-01,HOSP_JED_02,Painkillers,17.8,83.48,0,None,141,127
2025-02-02,HOSP_JED_02,Painkillers,21.1,69.37,0,None,146,132
2025-02-03,HOSP_JED_02,Painkillers,24.0,59.26,0,None,159,142
2025-02-04,HOSP_JED_02,Painkillers,24.7,77.81,0,None,160,142
2025-02-05,HOSP_JED_02,Painkillers,28.1,68.76,0,None,141,127
2025-02-06,HOSP_JED_02,Painkillers,19.7,66.77,0,None,151,133
2025-02-07,HOSP_JED_02,Painkillers,25.9,69.76,0,None,146,132
2025-02-08,HOSP_JED_02,Painkillers,21.2,79.35,0,None,138,126
2025-02-09,HOSP_JED_02,Painkillers,21.0,93.48,0,None,124,115
2025-02-10,HOSP_JED_02,Painkillers,19.9,57.71,0,None,167,148
2025-02-11,HOSP_JED_02,Painkillers,23.2,78.35,0,None,133,122
2025-02-12,HOSP_JED_02,Painkillers,22.1,69.87,0,None,132,119
2025-02-13,HOSP_JED_02,Painkillers,25.6,66.64,0,None,147,133
2025-02-14,HOSP_JED_02,Painkillers,14.2,76.97,0,None,160,144
2025-02-15,HOSP_JED_02,Painkillers,22.3,61.17,0,None,141,128
2025-02-16,HOSP_JED_02,Painkillers,23.3,81.3,0,None,131,120
2025-02-17,HOSP_JED_02,Painkillers,29.5,64.76,0,None,140,126
2025-02-18,HOSP_JED_02,Painkillers,20.5,73.28,0,None,136,124
2025-02-19,HOSP_JED_02,Painkillers,22.6,77.59,0,None,120,111
2025-02-20,HOSP_JED_02,Painkillers,22.3,75.79,0,None,136,124
2025-02-21,HOSP_JED_02,Painkillers,24.7,51.97,0,None,154,139
2025-02-22,HOSP_JED_02,Painkillers,23.3,65.77,0,None,139,125
2025-02-23,HOSP_JED_02,Painkillers,28.2,84.75,0,None,168,149
2025-02-24,HOSP_JED_02,Painkillers,21.7,80.68,0,None,155,139
2025-02-25,HOSP_JED_02,Painkillers,22.7,83.21,0,None,143,129
2025-02-26,HOSP_JED_02,Painkillers,23.6,87.19,0,None,139,126
2025-02-27,HOSP_JED_02,Painkillers,18.0,94.16,0,None,159,141
2025-02-28,HOSP_JED_02,Painkillers,30.9,89.45,0,None,131,120
2025-03-01,HOSP_JED_02,Painkillers,25.0,46.52,0,None,126,99
2025-03-02,HOSP_JED_02,Painkillers,24.3,44.03,0,None,111,89
2025-03-03,HOSP_JED_02,Painkillers,27.6,49.4,0,None,126,101
2025-03-04,HOSP_JED_02,Painkillers,24.0,58.14,0,None,125,99
2025-03-05,HOSP_JED_02,Painkillers,15.1,39.35,0,None,110,89
2025-03-06,HOSP_JED_02,Painkillers,31.4,55.59,0,None,123,99
2025-03-07,HOSP_JED_02,Painkillers,21.9,53.69,0,None,124,100
2025-03-08,HOSP_JED_02,Painkillers,19.8,71.33,0,None,123,99
2025-03-09,HOSP_JED_02,Painkillers,25.2,60.75,0,None,131,106
2025-03-10,HOSP_JED_02,Painkillers,21.4,41.81,0,None,117,94
2025-03-11,HOSP_JED_02,Painkillers,23.4,57.33,0,None,117,95
2025-03-12,HOSP_JED_02,Painkillers,21.5,54.76,0,None,121,95
2025-03-13,HOSP_JED_02,Painkillers,21.6,63.04,0,None,111,89
2025-03-14,HOSP_JED_02,Painkillers,23.2,67.06,0,None,138,111
2025-03-15,HOSP_JED_02,Painkillers,15.0,54.86,0,None,108,87
2025-03-16,HOSP_JED_02,Painkillers,23.2,52.3,0,None,116,92
2025-03-17,HOSP_JED_02,Painkillers,25.5,51.15,0,None,118,94
2025-03-18,HOSP_JED_02,Painkillers,23.8,36.62,0,None,103,82
2025-03-19,HOSP_JED_02,Painkillers,24.7,53.38,0,None,124,100
2025-03-20,HOSP_JED_02,Painkillers,25.5,58.91,0,None,131,105
2025-03-21,HOSP_JED_02,Painkillers,21.3,58.66,0,None,133,107
2025-03-22,HOSP_JED_02,Painkillers,22.5,60.51,0,None,107,86
2025-03-23,HOSP_JED_02,Painkillers,22.9,62.25,0,None,120,96
2025-03-24,HOSP_JED_02,Painkillers,20.7,52.73,0,None,101,80
2025-03-25,HOSP_JED_02,Painkillers,28.5,52.06,0,None,113,90
2025-03-26,HOSP_JED_02,Painkillers,27.2,35.46,0,None,135,107
2025-03-27,HOSP_JED_02,Painkillers,20.6,48.2,0,None,121,96
2025-03-28,HOSP_JED_02,Painkillers,28.5,47.84,0,None,131,104
2025-03-29,HOSP_JED_02,Painkillers,22.2,44.1,0,None,117,92
2025-03-30,HOSP_JED_02,Painkillers,24.4,47.84,0,None,124,99
2025-03-31,HOSP_JED_02,Painkillers,21.0,51.92,0,None,101,80
2025-04-01,HOSP_JED_02,Painkillers,20.4,45.17,0,None,131,103
2025-04-02,HOSP_JED_02,Painkillers,31.0,57.21,1,Sandstorm/Dust_Storm,165,131
2025-04-03,HOSP_JED_02,Painkillers,26.2,52.58,0,None,116,93
2025-04-04,HOSP_JED_02,Painkillers,27.8,58.6,0,None,112,89
2025-04-05,HOSP_JED_02,Painkillers,22.4,53.01,0,None,93,74
2025-04-06,HOSP_JED_02,Painkillers,15.8,46.9,0,None,146,117
2025-04-07,HOSP_JED_02,Painkillers,22.2,60.4,0,None,119,94
2025-04-08,HOSP_JED_02,Painkillers,26.0,55.43,0,None,118,94
2025-04-09,HOSP_JED_02,Painkillers,23.0,40.02,0,None,129,105
2025-04-10,HOSP_JED_02,Painkillers,22.3,60.99,0,None,106,85
2025-04-11,HOSP_JED_02,Painkillers,19.1,68.47,0,None,122,98
2025-04-12,HOSP_JED_02,Painkillers,22.6,67.33,0,None,117,93
2025-04-13,HOSP_JED_02,Painkillers,24.7,48.69,0,None,110,87
2025-04-14,HOSP_JED_02,Painkillers,21.9,66.37,1,Sandstorm/Dust_Storm,173,136
2025-04-15,HOSP_JED_02,Painkillers,25.5,71.48,0,None,104,82
2025-04-16,HOSP_JED_02,Painkillers,21.1,54.7,1,Sandstorm/Dust_Storm,138,109
2025-04-17,HOSP_JED_02,Painkillers,26.3,42.54,0,None,105,85
2025-04-18,HOSP_JED_02,Painkillers,24.7,71.25,0,None,98,77
2025-04-19,HOSP_JED_02,Painkillers,26.4,57.27,0,None,135,107
2025-04-20,HOSP_JED_02,Painkillers,23.7,50.75,0,None,125,101
2025-04-21,HOSP_JED_02,Painkillers,25.6,53.71,0,None,112,89
2025-04-22,HOSP_JED_02,Painkillers,22.9,43.1,0,None,112,91
2025-04-23,HOSP_JED_02,Painkillers,25.3,56.23,1,Sandstorm/Dust_Storm,164,130
2025-04-24,HOSP_JED_02,Painkillers,28.6,47.52,0,None,108,85
2025-04-25,HOSP_JED_02,Painkillers,23.5,36.24,0,None,105,84
2025-04-26,HOSP_JED_02,Painkillers,19.8,45.89,0,None,125,98
2025-04-27,HOSP_JED_02,Painkillers,23.4,51.42,0,None,117,93
2025-04-28,HOSP_JED_02,Painkillers,20.2,59.33,0,None,126,100
2025-04-29,HOSP_JED_02,Painkillers,21.4,43.37,0,None,103,80
2025-04-30,HOSP_JED_02,Painkillers,25.5,46.03,0,None,111,89
2025-05-01,HOSP_JED_02,Painkillers,18.2,58.74,0,None,126,101
2025-05-02,HOSP_JED_02,Painkillers,22.2,51.69,0,None,101,79
2025-05-03,HOSP_JED_02,Painkillers,23.1,55.99,0,None,130,104
2025-05-04,HOSP_JED_02,Painkillers,28.6,53.26,0,None,115,91
2025-05-05,HOSP_JED_02,Painkillers,21.4,39.43,0,None,139,110
2025-05-06,HOSP_JED_02,Painkillers,21.4,42.81,0,None,116,92
2025-05-07,HOSP_JED_02,Painkillers,17.3,54.01,0,None,114,91
2025-05-08,HOSP_JED_02,Painkillers,16.9,37.86,0,None,91,72
2025-05-09,HOSP_JED_02,Painkillers,29.5,58.07,0,None,88,69
2025-05-10,HOSP_JED_02,Painkillers,22.1,52.23,0,None,118,93
2025-05-11,HOSP_JED_02,Painkillers,22.8,53.39,0,None,102,81
2025-05-12,HOSP_JED_02,Painkillers,29.2,41.64,0,None,129,101
2025-05-13,HOSP_JED_02,Painkillers,20.8,27.42,0,None,134,106
2025-05-14,HOSP_JED_02,Painkillers,23.0,59.28,0,None,116,92
2025-05-15,HOSP_JED_02,Painkillers,18.2,45.93,0,None,122,98
2025-05-16,HOSP_JED_02,Painkillers,23.0,64.87,0,None,119,96
2025-05-17,HOSP_JED_02,Painkillers,21.9,52.38,0,None,130,104
2025-05-18,HOSP_JED_02,Painkillers,21.0,65.21,0,None,114,92
2025-05-19,HOSP_JED_02,Painkillers,22.6,59.77,0,None,118,94
2025-05-20,HOSP_JED_02,Painkillers,22.9,60.0,0,None,124,100
2025-05-21,HOSP_JED_02,Painkillers,23.7,48.0,0,None,141,113
2025-05-22,HOSP_JED_02,Painkillers,28.0,40.63,0,None,124,100
2025-05-23,HOSP_JED_02,Painkillers,17.0,65.03,0,None,85,67
2025-05-24,HOSP_JED_02,Painkillers,24.9,69.13,0,None,114,89
2025-05-25,HOSP_JED_02,Painkillers,17.3,65.12,0,None,129,105
2025-05-26,HOSP_JED_02,Painkillers,18.0,55.33,0,None,141,112
2025-05-27,HOSP_JED_02,Painkillers,24.3,66.28,0,None,112,88
2025-05-28,HOSP_JED_02,Painkillers,23.9,65.99,0,None,115,93
2025-05-29,HOSP_JED_02,Painkillers,16.6,45.07,0,None,133,106
2025-05-30,HOSP_JED_02,Painkillers,23.1,43.83,0,None,125,99
2025-05-31,HOSP_JED_02,Painkillers,28.1,46.49,0,None,121,97
2025-06-01,HOSP_JED_02,Painkillers,31.4,52.19,0,None,117,93
2025-06-02,HOSP_JED_02,Painkillers,35.4,45.2,0,None,98,80
2025-06-03,HOSP_JED_02,Painkillers,38.1,48.87,0,None,90,73
2025-06-04,HOSP_JED_02,Painkillers,38.4,50.57,0,None,120,96
2025-06-05,HOSP_JED_02,Painkillers,40.6,39.15,0,None,118,93
2025-06-06,HOSP_JED_02,Painkillers,38.5,66.89,0,None,125,98
2025-06-07,HOSP_JED_02,Painkillers,41.0,38.96,0,None,137,108
2025-06-08,HOSP_JED_02,Painkillers,35.7,53.71,0,None,125,100
2025-06-09,HOSP_JED_02,Painkillers,40.4,53.88,0,None,129,104
2025-06-10,HOSP_JED_02,Painkillers,39.4,54.73,0,None,104,84
2025-06-11,HOSP_JED_02,Painkillers,29.4,52.88,0,None,137,110
2025-06-12,HOSP_JED_02,Painkillers,38.3,53.8,0,None,88,70
2025-06-13,HOSP_JED_02,Painkillers,42.5,58.86,0,None,127,102
2025-06-14,HOSP_JED_02,Painkillers,32.1,53.53,0,None,111,89
2025-06-15,HOSP_JED_02,Painkillers,34.5,63.56,1,Sandstorm/Dust_Storm,135,107
2025-06-16,HOSP_JED_02,Painkillers,39.8,53.74,0,None,105,84
2025-06-17,HOSP_JED_02,Painkillers,42.4,42.71,0,None,120,95
2025-06-18,HOSP_JED_02,Painkillers,34.1,65.19,1,Sandstorm/Dust_Storm,175,140
2025-06-19,HOSP_JED_02,Painkillers,35.0,53.96,0,None,96,77
2025-06-20,HOSP_JED_02,Painkillers,37.8,49.15,0,None,122,97
2025-06-21,HOSP_JED_02,Painkillers,38.7,42.46,0,None,120,95
2025-06-22,HOSP_JED_02,Painkillers,42.6,49.11,0,None,110,86
2025-06-23,HOSP_JED_02,Painkillers,34.4,50.39,1,Sandstorm/Dust_Storm,167,133
2025-06-24,HOSP_JED_02,Painkillers,35.9,56.98,0,None,99,79
2025-06-25,HOSP_JED_02,Painkillers,31.3,60.12,0,None,126,100
2025-06-26,HOSP_JED_02,Painkillers,36.6,48.68,0,None,105,84
2025-06-27,HOSP_JED_02,Painkillers,34.9,25.0,1,Sandstorm/Dust_Storm,166,133
2025-06-28,HOSP_JED_02,Painkillers,32.1,57.61,0,None,128,103
2025-06-29,HOSP_JED_02,Painkillers,36.3,45.73,0,None,117,93
2025-06-30,HOSP_JED_02,Painkillers,36.1,59.58,0,None,104,82
2025-07-01,HOSP_JED_02,Painkillers,34.4,63.5,0,None,128,103
2025-07-02,HOSP_JED_02,Painkillers,30.2,40.5,0,None,133,106
2025-07-03,HOSP_JED_02,Painkillers,39.3,51.58,0,None,114,91
2025-07-04,HOSP_JED_02,Painkillers,38.1,34.3,0,None,97,77
2025-07-05,HOSP_JED_02,Painkillers,31.4,41.57,0,None,126,100
2025-07-06,HOSP_JED_02,Painkillers,36.5,61.48,0,None,112,91
2025-07-07,HOSP_JED_02,Painkillers,39.9,42.49,0,None,140,111
2025-07-08,HOSP_JED_02,Painkillers,44.2,53.84,0,None,125,98
2025-07-09,HOSP_JED_02,Painkillers,32.8,26.44,0,None,106,83
2025-07-10,HOSP_JED_02,Painkillers,45.2,55.21,1,Heatwave,161,128
2025-07-11,HOSP_JED_02,Painkillers,38.1,61.88,1,Sandstorm/Dust_Storm,164,131
2025-07-12,HOSP_JED_02,Painkillers,35.0,51.89,0,None,140,112
2025-07-13,HOSP_JED_02,Painkillers,34.3,55.46,0,None,136,107
2025-07-14,HOSP_JED_02,Painkillers,32.5,48.09,0,None,92,72
2025-07-15,HOSP_JED_02,Painkillers,43.0,58.1,0,None,96,77
2025-07-16,HOSP_JED_02,Painkillers,39.5,45.08,0,None,124,99
2025-07-17,HOSP_JED_02,Painkillers,32.1,75.86,0,None,126,101
2025-07-18,HOSP_JED_02,Painkillers,39.5,44.92,0,None,107,85
2025-07-19,HOSP_JED_02,Painkillers,37.1,42.77,0,None,127,103
2025-07-20,HOSP_JED_02,Painkillers,33.6,43.88,0,None,135,108
2025-07-21,HOSP_JED_02,Painkillers,34.2,57.56,0,None,121,98
2025-07-22,HOSP_JED_02,Painkillers,36.3,52.7,0,None,104,82
2025-07-23,HOSP_JED_02,Painkillers,33.4,36.07,0,None,123,98
2025-07-24,HOSP_JED_02,Painkillers,42.6,49.71,0,None,135,108
2025-07-25,HOSP_JED_02,Painkillers,36.0,58.11,0,None,117,92
2025-07-26,HOSP_JED_02,Painkillers,39.0,55.07,0,None,109,86
2025-07-27,HOSP_JED_02,Painkillers,39.1,36.22,0,None,124,99
2025-07-28,HOSP_JED_02,Painkillers,41.9,49.57,0,None,111,89
2025-07-29,HOSP_JED_02,Painkillers,40.7,56.21,0,None,109,87
2025-07-30,HOSP_JED_02,Painkillers,40.6,67.19,0,None,132,105
2025-07-31,HOSP_JED_02,Painkillers,38.7,60.27,0,None,124,99
2025-08-01,HOSP_JED_02,Painkillers,32.2,46.83,0,None,119,93
2025-08-02,HOSP_JED_02,Painkillers,40.0,50.99,0,None,113,89
2025-08-03,HOSP_JED_02,Painkillers,38.6,43.97,0,None,132,103
2025-08-04,HOSP_JED_02,Painkillers,46.2,40.93,0,None,95,76
2025-08-05,HOSP_JED_02,Painkillers,36.9,42.96,0,None,108,87
2025-08-06,HOSP_JED_02,Painkillers,42.3,55.48,0,None,101,78
2025-08-07,HOSP_JED_02,Painkillers,32.2,58.75,0,None,107,86
2025-08-08,HOSP_JED_02,Painkillers,35.5,53.9,0,None,111,89
2025-08-09,HOSP_JED_02,Painkillers,34.5,60.05,0,None,114,91
2025-08-10,HOSP_JED_02,Painkillers,34.2,52.46,0,None,105,85
2025-08-11,HOSP_JED_02,Painkillers,32.9,39.18,0,None,126,99
2025-08-12,HOSP_JED_02,Painkillers,39.5,50.84,0,None,116,93
2025-08-13,HOSP_JED_02,Painkillers,43.1,72.02,0,None,144,115
2025-08-14,HOSP_JED_02,Painkillers,33.5,37.85,0,None,106,85
2025-08-15,HOSP_JED_02,Painkillers,44.1,61.41,0,None,110,88
2025-08-16,HOSP_JED_02,Painkillers,36.8,84.7,0,None,115,92
2025-08-17,HOSP_JED_02,Painkillers,39.7,42.63,0,None,111,88
2025-08-18,HOSP_JED_02,Painkillers,43.1,48.57,0,None,124,99
2025-08-19,HOSP_JED_02,Painkillers,36.7,39.74,0,None,102,81
2025-08-20,HOSP_JED_02,Painkillers,34.4,48.58,0,None,135,108
2025-08-21,HOSP_JED_02,Painkillers,36.5,30.21,0,None,95,76
2025-08-22,HOSP_JED_02,Painkillers,34.3,48.46,0,None,114,91
2025-08-23,HOSP_JED_02,Painkillers,39.7,35.37,0,None,129,102
2025-08-24,HOSP_JED_02,Painkillers,36.4,48.63,0,None,135,108
2025-08-25,HOSP_JED_02,Painkillers,41.3,59.22,0,None,117,94
2025-08-26,HOSP_JED_02,Painkillers,39.1,40.31,0,None,104,85
2025-08-27,HOSP_JED_02,Painkillers,36.2,36.84,0,None,127,103
2025-08-28,HOSP_JED_02,Painkillers,39.6,60.48,0,None,124,98
2025-08-29,HOSP_JED_02,Painkillers,38.3,54.86,0,None,109,86
2025-08-30,HOSP_JED_02,Painkillers,37.2,70.1,0,None,132,106
2025-08-31,HOSP_JED_02,Painkillers,34.8,54.86,0,None,123,98
2025-09-01,HOSP_JED_02,Painkillers,26.3,42.5,0,None,112,90
2025-09-02,HOSP_JED_02,Painkillers,17.8,39.91,0,None,109,86
2025-09-03,HOSP_JED_02,Painkillers,31.8,30.11,0,None,114,91
2025-09-04,HOSP_JED_02,Painkillers,23.7,36.66,0,None,122,97
2025-09-05,HOSP_JED_02,Painkillers,20.2,61.14,0,None,120,96
2025-09-06,HOSP_JED_02,Painkillers,22.6,38.04,0,None,130,104
2025-09-07,HOSP_JED_02,Painkillers,26.8,44.8,0,None,126,102
2025-09-08,HOSP_JED_02,Painkillers,18.6,52.86,0,None,122,96
2025-09-09,HOSP_JED_02,Painkillers,20.7,46.14,0,None,107,86
2025-09-10,HOSP_JED_02,Painkillers,25.1,46.51,0,None,135,107
2025-09-11,HOSP_JED_02,Painkillers,20.2,36.53,0,None,122,99
2025-09-12,HOSP_JED_02,Painkillers,29.6,44.02,0,None,104,83
2025-09-13,HOSP_JED_02,Painkillers,25.0,50.74,0,None,117,94
2025-09-14,HOSP_JED_02,Painkillers,23.4,44.35,1,Sandstorm/Dust_Storm,151,122
2025-09-15,HOSP_JED_02,Painkillers,25.7,45.23,0,None,120,95
2025-09-16,HOSP_JED_02,Painkillers,18.2,35.67,0,None,103,82
2025-09-17,HOSP_JED_02,Painkillers,19.7,43.13,0,None,133,106
2025-09-18,HOSP_JED_02,Painkillers,26.7,52.02,0,None,126,101
2025-09-19,HOSP_JED_02,Painkillers,24.8,56.08,0,None,129,104
2025-09-20,HOSP_JED_02,Painkillers,23.1,63.65,0,None,113,90
2025-09-21,HOSP_JED_02,Painkillers,16.9,38.6,0,None,127,100
2025-09-22,HOSP_JED_02,Painkillers,26.3,43.01,0,None,123,100
2025-09-23,HOSP_JED_02,Painkillers,21.5,57.99,0,None,137,108
2025-09-24,HOSP_JED_02,Painkillers,26.3,50.16,0,None,102,81
2025-09-25,HOSP_JED_02,Painkillers,21.5,50.43,0,None,83,66
2025-09-26,HOSP_JED_02,Painkillers,17.4,62.69,0,None,104,82
2025-09-27,HOSP_JED_02,Painkillers,31.1,57.64,0,None,132,104
2025-09-28,HOSP_JED_02,Painkillers,21.9,64.89,0,None,110,87
2025-09-29,HOSP_JED_02,Painkillers,22.6,43.82,0,None,110,89
2025-09-30,HOSP_JED_02,Painkillers,19.3,73.92,0,None,122,99
2025-10-01,HOSP_JED_02,Painkillers,26.2,64.31,0,None,121,96
2025-10-02,HOSP_JED_02,Painkillers,26.1,65.19,0,None,127,101
2025-10-03,HOSP_JED_02,Painkillers,15.4,63.04,0,None,111,89
2025-10-04,HOSP_JED_02,Painkillers,22.3,46.0,0,None,117,94
2025-10-05,HOSP_JED_02,Painkillers,26.8,42.92,0,None,97,76
2025-10-06,HOSP_JED_02,Painkillers,30.7,51.24,0,None,123,97
2025-10-07,HOSP_JED_02,Painkillers,21.6,66.68,1,Sandstorm/Dust_Storm,152,122
2025-10-08,HOSP_JED_02,Painkillers,28.3,56.46,0,None,108,87
2025-10-09,HOSP_JED_02,Painkillers,22.1,41.72,0,None,129,102
2025-10-10,HOSP_JED_02,Painkillers,25.1,40.02,0,None,122,98
2025-10-11,HOSP_JED_02,Painkillers,29.1,53.76,0,None,140,112
2025-10-12,HOSP_JED_02,Painkillers,28.7,64.0,0,None,130,103
2025-10-13,HOSP_JED_02,Painkillers,18.9,46.29,0,None,134,107
2025-10-14,HOSP_JED_02,Painkillers,17.7,26.47,0,None,102,82
2025-10-15,HOSP_JED_02,Painkillers,17.6,66.93,0,None,143,116
2025-10-16,HOSP_JED_02,Painkillers,21.8,34.24,0,None,117,92
2025-10-17,HOSP_JED_02,Painkillers,21.7,45.73,0,None,109,87
2025-10-18,HOSP_JED_02,Painkillers,21.5,44.85,0,None,112,89
2025-10-19,HOSP_JED_02,Painkillers,21.2,50.31,0,None,118,95
2025-10-20,HOSP_JED_02,Painkillers,26.5,61.67,0,None,109,86
2025-10-21,HOSP_JED_02,Painkillers,25.7,62.26,0,None,89,71
2025-10-22,HOSP_JED_02,Painkillers,20.0,43.45,0,None,98,77
2025-10-23,HOSP_JED_02,Painkillers,23.5,41.19,0,None,143,114
2025-10-24,HOSP_JED_02,Painkillers,25.2,28.77,0,None,131,104
2025-10-25,HOSP_JED_02,Painkillers,24.9,63.16,0,None,122,98
2025-10-26,HOSP_JED_02,Painkillers,20.6,50.43,0,None,107,86
2025-10-27,HOSP_JED_02,Painkillers,23.4,47.34,0,None,130,103
2025-10-28,HOSP_JED_02,Painkillers,23.2,45.91,0,None,112,89
2025-10-29,HOSP_JED_02,Painkillers,18.7,67.86,0,None,120,96
2025-10-30,HOSP_JED_02,Painkillers,16.3,67.41,0,None,132,105
2025-10-31,HOSP_JED_02,Painkillers,19.0,56.2,0,None,145,115
2025-11-01,HOSP_JED_02,Painkillers,20.0,72.68,0,None,142,127
2025-11-02,HOSP_JED_02,Painkillers,23.7,85.09,0,None,117,108
2025-11-03,HOSP_JED_02,Painkillers,30.6,74.53,1,Sandstorm/Dust_Storm,191,167
2025-11-04,HOSP_JED_02,Painkillers,23.2,89.37,0,None,133,122
2025-11-05,HOSP_JED_02,Painkillers,25.8,83.4,0,None,143,128
2025-11-06,HOSP_JED_02,Painkillers,28.5,88.75,0,None,145,132
2025-11-07,HOSP_JED_02,Painkillers,23.1,73.53,0,None,165,147
2025-11-08,HOSP_JED_02,Painkillers,26.3,81.1,0,None,139,124
2025-11-09,HOSP_JED_02,Painkillers,27.0,94.02,0,None,135,124
2025-11-10,HOSP_JED_02,Painkillers,23.3,74.49,0,None,142,127
2025-11-11,HOSP_JED_02,Painkillers,26.7,77.62,0,None,134,122
2025-11-12,HOSP_JED_02,Painkillers,19.1,61.23,0,None,127,116
2025-11-13,HOSP_JED_02,Painkillers,29.2,58.87,0,None,148,130
2025-11-14,HOSP_JED_02,Painkillers,26.1,75.03,0,None,161,142
2025-11-15,HOSP_JED_02,Painkillers,16.0,89.33,0,None,160,143
2025-11-16,HOSP_JED_02,Painkillers,21.2,60.64,0,None,147,133
2025-11-17,HOSP_JED_02,Painkillers,21.4,77.05,0,None,157,141
2025-11-18,HOSP_JED_02,Painkillers,22.8,68.3,0,None,161,145
2025-11-19,HOSP_JED_02,Painkillers,19.9,68.8,0,None,153,137
2025-11-20,HOSP_JED_02,Painkillers,23.8,101.34,0,None,145,133
2025-11-21,HOSP_JED_02,Painkillers,21.9,69.45,0,None,134,123
2025-11-22,HOSP_JED_02,Painkillers,27.7,71.56,0,None,141,128
2025-11-23,HOSP_JED_02,Painkillers,23.7,61.39,0,None,148,134
2025-11-24,HOSP_JED_02,Painkillers,22.9,77.43,0,None,129,118
2025-11-25,HOSP_JED_02,Painkillers,22.1,62.28,0,None,133,120
2025-11-26,HOSP_JED_02,Painkillers,22.8,98.25,0,None,154,139
2025-11-27,HOSP_JED_02,Painkillers,28.2,76.3,0,None,123,113
2025-11-28,HOSP_JED_02,Painkillers,17.4,64.54,0,None,125,115
2025-11-29,HOSP_JED_02,Painkillers,23.1,83.54,0,None,137,123
2025-11-30,HOSP_JED_02,Painkillers,25.5,71.59,0,None,139,125
2025-12-01,HOSP_JED_02,Painkillers,24.9,74.14,0,None,147,132
2025-12-02,HOSP_JED_02,Painkillers,31.0,63.7,0,None,151,134
2025-12-03,HOSP_JED_02,Painkillers,23.6,76.1,0,None,135,123
2025-12-04,HOSP_JED_02,Painkillers,21.9,75.38,0,None,167,146
2025-12-05,HOSP_JED_02,Painkillers,12.3,79.82,0,None,142,128
2025-12-06,HOSP_JED_02,Painkillers,27.9,79.85,0,None,141,128
2025-12-07,HOSP_JED_02,Painkillers,23.3,100.16,0,None,150,135
2025-12-08,HOSP_JED_02,Painkillers,25.5,83.09,0,None,154,139
2025-12-09,HOSP_JED_02,Painkillers,27.9,74.59,0,None,173,154
2025-12-10,HOSP_JED_02,Painkillers,19.2,77.56,1,Sandstorm/Dust_Storm,189,165
2025-12-11,HOSP_JED_02,Painkillers,24.7,87.64,0,None,147,131
2025-12-12,HOSP_JED_02,Painkillers,26.9,67.17,0,None,152,137
2025-12-13,HOSP_JED_02,Painkillers,21.8,78.63,0,None,141,127
2025-12-14,HOSP_JED_02,Painkillers,25.7,78.42,0,None,150,134
2025-12-15,HOSP_JED_02,Painkillers,23.1,76.34,0,None,148,132
2025-12-16,HOSP_JED_02,Painkillers,23.0,66.7,0,None,109,102
2025-12-17,HOSP_JED_02,Painkillers,22.6,85.37,0,None,155,137
2025-12-18,HOSP_JED_02,Painkillers,17.8,65.83,0,None,120,111
2025-12-19,HOSP_JED_02,Painkillers,23.6,65.95,0,None,145,130
2025-12-20,HOSP_JED_02,Painkillers,17.7,69.4,0,None,164,145
2025-12-21,HOSP_JED_02,Painkillers,25.1,72.41,1,Sandstorm/Dust_Storm,167,146
2025-12-22,HOSP_JED_02,Painkillers,18.4,74.2,0,None,162,143
2025-12-23,HOSP_JED_02,Painkillers,14.5,71.49,0,None,155,139
2025-12-24,HOSP_JED_02,Painkillers,29.6,71.22,0,None,160,143
2025-12-25,HOSP_JED_02,Painkillers,23.6,74.09,0,None,160,142
2025-12-26,HOSP_JED_02,Painkillers,18.5,73.65,0,None,159,141
2025-12-27,HOSP_JED_02,Painkillers,18.7,82.49,0,None,142,127
2025-12-28,HOSP_JED_02,Painkillers,22.4,69.76,0,None,152,137
2025-12-29,HOSP_JED_02,Painkillers,16.9,67.29,0,None,162,144
2025-12-30,HOSP_JED_02,Painkillers,19.2,85.43,0,None,171,152
2025-12-31,HOSP_JED_02,Painkillers,13.4,58.53,0,None,138,125
2026-01-01,HOSP_JED_02,Painkillers,22.0,77.55,0,None,151,135
2024-01-01,HOSP_DMM_03,N95_Masks,26.7,60.14,0,None,136,163
2024-01-02,HOSP_DMM_03,N95_Masks,26.5,76.62,0,None,142,170
2024-01-03,HOSP_DMM_03,N95_Masks,21.9,80.6,0,None,137,165
2024-01-04,HOSP_DMM_03,N95_Masks,22.9,64.15,0,None,149,177
2024-01-05,HOSP_DMM_03,N95_Masks,19.5,84.8,0,None,147,175
2024-01-06,HOSP_DMM_03,N95_Masks,25.9,60.21,1,Sandstorm/Dust_Storm,191,257
2024-01-07,HOSP_DMM_03,N95_Masks,19.4,68.72,0,None,137,164
2024-01-08,HOSP_DMM_03,N95_Masks,19.4,66.13,0,None,151,179
2024-01-09,HOSP_DMM_03,N95_Masks,24.7,75.98,0,None,141,169
2024-01-10,HOSP_DMM_03,N95_Masks,23.0,69.77,0,None,159,190
2024-01-11,HOSP_DMM_03,N95_Masks,21.7,89.09,0,None,138,164
2024-01-12,HOSP_DMM_03,N95_Masks,25.1,69.85,0,None,149,179
2024-01-13,HOSP_DMM_03,N95_Masks,17.5,84.95,0,None,162,192
2024-01-14,HOSP_DMM_03,N95_Masks,23.1,65.77,0,None,155,184
2024-01-15,HOSP_DMM_03,N95_Masks,19.4,88.22,0,None,135,159
2024-01-16,HOSP_DMM_03,N95_Masks,25.7,76.41,0,None,135,159
2024-01-17,HOSP_DMM_03,N95_Masks,28.5,76.07,0,None,152,183
2024-01-18,HOSP_DMM_03,N95_Masks,29.7,58.44,0,None,143,171
2024-01-19,HOSP_DMM_03,N95_Masks,29.5,82.67,0,None,124,149
2024-01-20,HOSP_DMM_03,N95_Masks,24.5,84.19,0,None,146,174
2024-01-21,HOSP_DMM_03,N95_Masks,26.5,70.38,0,None,137,165
2024-01-22,HOSP_DMM_03,N95_Masks,22.8,68.04,0,None,136,162
2024-01-23,HOSP_DMM_03,N95_Masks,25.5,73.99,0,None,161,194
2024-01-24,HOSP_DMM_03,N95_Masks,24.3,75.32,0,None,131,156
2024-01-25,HOSP_DMM_03,N95_Masks,16.5,56.23,0,None,135,163
2024-01-26,HOSP_DMM_03,N95_Masks,27.3,101.74,0,None,143,171
2024-01-27,HOSP_DMM_03,N95_Masks,20.1,79.68,0,None,141,170
2024-01-28,HOSP_DMM_03,N95_Masks,28.2,80.95,0,None,141,167
2024-01-29,HOSP_DMM_03,N95_Masks,20.9,76.98,0,None,160,193
2024-01-30,HOSP_DMM_03,N95_Masks,22.4,78.6,0,None,155,186
2024-01-31,HOSP_DMM_03,N95_Masks,26.2,79.38,0,None,158,189
2024-02-01,HOSP_DMM_03,N95_Masks,31.9,84.27,0,None,151,181
2024-02-02,HOSP_DMM_03,N95_Masks,28.4,85.44,0,None,148,175
2024-02-03,HOSP_DMM_03,N95_Masks,26.9,60.5,0,None,138,165
2024-02-04,HOSP_DMM_03,N95_Masks,17.8,70.98,0,None,135,161
2024-02-05,HOSP_DMM_03,N95_Masks,17.5,77.03,0,None,146,174
2024-02-06,HOSP_DMM_03,N95_Masks,24.6,79.97,0,None,162,193
2024-02-07,HOSP_DMM_03,N95_Masks,23.2,71.44,0,None,142,171
2024-02-08,HOSP_DMM_03,N95_Masks,22.6,73.51,0,None,160,192
2024-02-09,HOSP_DMM_03,N95_Masks,20.6,73.91,0,None,141,168
2024-02-10,HOSP_DMM_03,N95_Masks,21.4,68.36,0,None,136,164
2024-02-11,HOSP_DMM_03,N95_Masks,21.2,85.96,0,None,151,181
2024-02-12,HOSP_DMM_03,N95_Masks,26.5,60.36,0,None,123,147
2024-02-13,HOSP_DMM_03,N95_Masks,20.6,67.43,0,None,141,168
2024-02-14,HOSP_DMM_03,N95_Masks,16.2,91.93,0,None,165,198
2024-02-15,HOSP_DMM_03,N95_Masks,27.0,64.05,0,None,125,151
2024-02-16,HOSP_DMM_03,N95_Masks,25.5,85.83,0,None,130,155
2024-02-17,HOSP_DMM_03,N95_Masks,25.2,76.89,0,None,139,168
2024-02-18,HOSP_DMM_03,N95_Masks,16.9,66.15,0,None,142,171
2024-02-19,HOSP_DMM_03,N95_Masks,25.9,71.32,0,None,160,193
2024-02-20,HOSP_DMM_03,N95_Masks,28.4,72.22,0,None,134,159
2024-02-21,HOSP_DMM_03,N95_Masks,24.5,85.91,0,None,160,191
2024-02-22,HOSP_DMM_03,N95_Masks,18.5,85.09,0,None,148,176
2024-02-23,HOSP_DMM_03,N95_Masks,31.1,64.93,0,None,145,174
2024-02-24,HOSP_DMM_03,N95_Masks,28.3,57.53,0,None,145,173
2024-02-25,HOSP_DMM_03,N95_Masks,25.8,93.95,0,None,144,170
2024-02-26,HOSP_DMM_03,N95_Masks,22.9,71.98,0,None,135,162
2024-02-27,HOSP_DMM_03,N95_Masks,22.9,83.07,0,None,149,180
2024-02-28,HOSP_DMM_03,N95_Masks,18.5,96.91,0,None,141,168
2024-02-29,HOSP_DMM_03,N95_Masks,22.9,87.68,0,None,128,153
2024-03-01,HOSP_DMM_03,N95_Masks,26.5,30.93,0,None,127,152
2024-03-02,HOSP_DMM_03,N95_Masks,20.3,44.52,0,None,132,157
2024-03-03,HOSP_DMM_03,N95_Masks,19.2,55.0,1,Sandstorm/Dust_Storm,162,225
2024-03-04,HOSP_DMM_03,N95_Masks,32.6,63.46,0,None,112,133
2024-03-05,HOSP_DMM_03,N95_Masks,22.4,70.26,0,None,126,151
2024-03-06,HOSP_DMM_03,N95_Masks,16.3,54.47,0,None,126,150
2024-03-07,HOSP_DMM_03,N95_Masks,23.7,50.24,0,None,130,158
2024-03-08,HOSP_DMM_03,N95_Masks,22.5,34.11,0,None,143,169
2024-03-09,HOSP_DMM_03,N95_Masks,23.4,69.34,0,None,107,126
2024-03-10,HOSP_DMM_03,N95_Masks,24.1,43.86,0,None,136,165
2024-03-11,HOSP_DMM_03,N95_Masks,21.6,64.95,0,None,116,140
2024-03-12,HOSP_DMM_03,N95_Masks,26.8,58.42,0,None,124,147
2024-03-13,HOSP_DMM_03,N95_Masks,30.4,57.06,0,None,131,156
2024-03-14,HOSP_DMM_03,N95_Masks,23.2,60.11,1,Sandstorm/Dust_Storm,159,222
2024-03-15,HOSP_DMM_03,N95_Masks,27.0,52.61,0,None,106,126
2024-03-16,HOSP_DMM_03,N95_Masks,19.8,31.83,0,None,114,136
2024-03-17,HOSP_DMM_03,N95_Masks,21.8,39.53,0,None,148,177
2024-03-18,HOSP_DMM_03,N95_Masks,20.5,54.54,0,None,126,151
2024-03-19,HOSP_DMM_03,N95_Masks,18.4,45.02,0,None,129,155
2024-03-20,HOSP_DMM_03,N95_Masks,20.5,52.38,0,None,122,149
2024-03-21,HOSP_DMM_03,N95_Masks,22.1,35.84,0,None,116,139
2024-03-22,HOSP_DMM_03,N95_Masks,23.4,42.44,0,None,137,163
2024-03-23,HOSP_DMM_03,N95_Masks,18.2,52.12,0,None,123,147
2024-03-24,HOSP_DMM_03,N95_Masks,18.1,44.89,0,None,108,128
2024-03-25,HOSP_DMM_03,N95_Masks,17.4,61.34,0,None,149,179
2024-03-26,HOSP_DMM_03,N95_Masks,22.7,57.2,0,None,124,150
2024-03-27,HOSP_DMM_03,N95_Masks,27.0,48.66,0,None,133,159
2024-03-28,HOSP_DMM_03,N95_Masks,22.8,41.64,0,None,120,144
2024-03-29,HOSP_DMM_03,N95_Masks,19.0,66.29,0,None,108,128
2024-03-30,HOSP_DMM_03,N95_Masks,24.5,37.37,0,None,129,154
2024-03-31,HOSP_DMM_03,N95_Masks,23.5,45.64,0,None,134,160
2024-04-01,HOSP_DMM_03,N95_Masks,25.1,47.31,0,None,106,126
2024-04-02,HOSP_DMM_03,N95_Masks,19.0,55.87,0,None,136,163
2024-04-03,HOSP_DMM_03,N95_Masks,24.5,54.47,0,None,129,155
2024-04-04,HOSP_DMM_03,N95_Masks,18.3,57.81,0,None,120,144
2024-04-05,HOSP_DMM_03,N95_Masks,14.9,34.63,0,None,126,151
2024-04-06,HOSP_DMM_03,N95_Masks,21.7,48.16,0,None,144,171
2024-04-07,HOSP_DMM_03,N95_Masks,21.3,47.77,1,Sandstorm/Dust_Storm,164,225
2024-04-08,HOSP_DMM_03,N95_Masks,24.4,55.04,0,None,129,153
2024-04-09,HOSP_DMM_03,N95_Masks,22.9,55.32,0,None,115,137
2024-04-10,HOSP_DMM_03,N95_Masks,19.1,56.57,0,None,117,140
2024-04-11,HOSP_DMM_03,N95_Masks,16.6,50.56,0,None,131,158
2024-04-12,HOSP_DMM_03,N95_Masks,29.0,68.85,0,None,118,141
2024-04-13,HOSP_DMM_03,N95_Masks,18.1,33.72,0,None,123,149
2024-04-14,HOSP_DMM_03,N95_Masks,19.9,57.29,0,None,126,150
2024-04-15,HOSP_DMM_03,N95_Masks,24.1,56.84,0,None,130,154
2024-04-16,HOSP_DMM_03,N95_Masks,26.6,52.78,0,None,127,151
2024-04-17,HOSP_DMM_03,N95_Masks,26.0,48.73,0,None,151,183
2024-04-18,HOSP_DMM_03,N95_Masks,22.2,50.09,0,None,117,140
2024-04-19,HOSP_DMM_03,N95_Masks,24.0,56.37,0,None,132,157
2024-04-20,HOSP_DMM_03,N95_Masks,16.3,40.46,0,None,135,160
2024-04-21,HOSP_DMM_03,N95_Masks,26.0,51.49,1,Sandstorm/Dust_Storm,174,237
2024-04-22,HOSP_DMM_03,N95_Masks,25.8,30.7,0,None,127,152
2024-04-23,HOSP_DMM_03,N95_Masks,27.1,44.39,0,None,109,128
2024-04-24,HOSP_DMM_03,N95_Masks,29.3,52.59,0,None,125,148
2024-04-25,HOSP_DMM_03,N95_Masks,30.8,50.82,0,None,122,147
2024-04-26,HOSP_DMM_03,N95_Masks,24.0,48.51,0,None,94,112
2024-04-27,HOSP_DMM_03,N95_Masks,25.4,60.32,0,None,120,144
2024-04-28,HOSP_DMM_03,N95_Masks,25.5,52.49,0,None,134,160
2024-04-29,HOSP_DMM_03,N95_Masks,21.1,50.55,1,Sandstorm/Dust_Storm,152,212
2024-04-30,HOSP_DMM_03,N95_Masks,25.9,52.29,0,None,125,150
2024-05-01,HOSP_DMM_03,N95_Masks,19.3,52.92,0,None,126,150
2024-05-02,HOSP_DMM_03,N95_Masks,27.8,29.73,0,None,111,133
2024-05-03,HOSP_DMM_03,N95_Masks,19.3,37.25,0,None,123,145
2024-05-04,HOSP_DMM_03,N95_Masks,28.9,53.73,0,None,125,150
2024-05-05,HOSP_DMM_03,N95_Masks,17.0,34.0,0,None,124,149
2024-05-06,HOSP_DMM_03,N95_Masks,19.9,54.02,0,None,113,136
2024-05-07,HOSP_DMM_03,N95_Masks,29.1,59.57,0,None,133,158
2024-05-08,HOSP_DMM_03,N95_Masks,21.1,58.68,0,None,138,165
2024-05-09,HOSP_DMM_03,N95_Masks,22.9,32.54,0,None,138,166
2024-05-10,HOSP_DMM_03,N95_Masks,24.3,58.3,0,None,118,141
2024-05-11,HOSP_DMM_03,N95_Masks,25.1,32.84,0,None,109,131
2024-05-12,HOSP_DMM_03,N95_Masks,20.6,59.29,0,None,113,136
2024-05-13,HOSP_DMM_03,N95_Masks,20.0,49.62,0,None,117,140
2024-05-14,HOSP_DMM_03,N95_Masks,26.2,48.17,0,None,127,153
2024-05-15,HOSP_DMM_03,N95_Masks,21.3,33.81,0,None,142,171
2024-05-16,HOSP_DMM_03,N95_Masks,28.7,66.01,0,None,99,119
2024-05-17,HOSP_DMM_03,N95_Masks,18.6,53.45,1,Sandstorm/Dust_Storm,154,213
2024-05-18,HOSP_DMM_03,N95_Masks,21.8,41.26,0,None,112,135
2024-05-19,HOSP_DMM_03,N95_Masks,24.1,42.49,1,Sandstorm/Dust_Storm,121,175
2024-05-20,HOSP_DMM_03,N95_Masks,19.5,43.9,1,Sandstorm/Dust_Storm,152,213
2024-05-21,HOSP_DMM_03,N95_Masks,20.6,56.39,1,Sandstorm/Dust_Storm,148,206
2024-05-22,HOSP_DMM_03,N95_Masks,14.5,36.41,0,None,138,165
2024-05-23,HOSP_DMM_03,N95_Masks,22.8,36.25,0,None,123,148
2024-05-24,HOSP_DMM_03,N95_Masks,21.5,37.53,0,None,145,174
2024-05-25,HOSP_DMM_03,N95_Masks,30.4,44.9,0,None,121,146
2024-05-26,HOSP_DMM_03,N95_Masks,20.5,65.26,0,None,132,158
2024-05-27,HOSP_DMM_03,N95_Masks,22.5,46.59,0,None,123,147
2024-05-28,HOSP_DMM_03,N95_Masks,24.0,69.96,0,None,127,151
2024-05-29,HOSP_DMM_03,N95_Masks,29.0,43.43,0,None,120,144
2024-05-30,HOSP_DMM_03,N95_Masks,16.3,43.22,0,None,133,159
2024-05-31,HOSP_DMM_03,N95_Masks,28.2,37.72,0,None,115,137
2024-06-01,HOSP_DMM_03,N95_Masks,42.4,54.17,0,None,134,162
2024-06-02,HOSP_DMM_03,N95_Masks,38.9,61.8,0,None,126,151
2024-06-03,HOSP_DMM_03,N95_Masks,32.4,47.85,0,None,115,136
2024-06-04,HOSP_DMM_03,N95_Masks,35.2,41.78,0,None,112,135
2024-06-05,HOSP_DMM_03,N95_Masks,46.3,64.56,0,None,103,123
2024-06-06,HOSP_DMM_03,N95_Masks,38.9,42.25,1,Sandstorm/Dust_Storm,154,214
2024-06-07,HOSP_DMM_03,N95_Masks,35.5,45.9,0,None,129,155
2024-06-08,HOSP_DMM_03,N95_Masks,40.0,43.34,0,None,122,146
2024-06-09,HOSP_DMM_03,N95_Masks,35.5,66.84,0,None,103,123
2024-06-10,HOSP_DMM_03,N95_Masks,34.1,30.81,0,None,109,130
2024-06-11,HOSP_DMM_03,N95_Masks,36.3,47.56,0,None,105,125
2024-06-12,HOSP_DMM_03,N95_Masks,30.4,47.67,0,None,134,160
2024-06-13,HOSP_DMM_03,N95_Masks,37.7,48.39,0,None,132,161
2024-06-14,HOSP_DMM_03,N95_Masks,34.7,39.66,0,None,132,156
2024-06-15,HOSP_DMM_03,N95_Masks,44.8,44.41,0,None,124,149
2024-06-16,HOSP_DMM_03,N95_Masks,42.2,69.37,0,None,114,137
2024-06-17,HOSP_DMM_03,N95_Masks,44.7,43.86,0,None,137,164
2024-06-18,HOSP_DMM_03,N95_Masks,47.6,56.24,0,None,129,154
2024-06-19,HOSP_DMM_03,N95_Masks,39.5,55.91,0,None,136,163
2024-06-20,HOSP_DMM_03,N95_Masks,31.1,60.54,0,None,92,112
2024-06-21,HOSP_DMM_03,N95_Masks,41.8,30.93,0,None,121,144
2024-06-22,HOSP_DMM_03,N95_Masks,36.9,58.93,0,None,96,116
2024-06-23,HOSP_DMM_03,N95_Masks,40.5,54.16,0,None,134,160
2024-06-24,HOSP_DMM_03,N95_Masks,37.3,56.8,0,None,109,129
2024-06-25,HOSP_DMM_03,N95_Masks,40.4,40.12,1,Heatwave,158,187
2024-06-26,HOSP_DMM_03,N95_Masks,37.9,61.0,0,None,99,119
2024-06-27,HOSP_DMM_03,N95_Masks,38.0,61.9,0,None,109,128
2024-06-28,HOSP_DMM_03,N95_Masks,39.3,42.81,0,None,121,145
2024-06-29,HOSP_DMM_03,N95_Masks,43.7,61.58,0,None,107,129
2024-06-30,HOSP_DMM_03,N95_Masks,35.9,41.74,0,None,125,150
2024-07-01,HOSP_DMM_03,N95_Masks,30.3,69.99,0,None,112,135
2024-07-02,HOSP_DMM_03,N95_Masks,36.8,44.53,0,None,115,136
2024-07-03,HOSP_DMM_03,N95_Masks,48.8,64.57,0,None,114,137
2024-07-04,HOSP_DMM_03,N95_Masks,32.8,40.25,0,None,112,135
2024-07-05,HOSP_DMM_03,N95_Masks,35.1,81.93,0,None,133,159
2024-07-06,HOSP_DMM_03,N95_Masks,43.1,66.32,0,None,128,154
2024-07-07,HOSP_DMM_03,N95_Masks,35.1,48.11,0,None,114,137
2024-07-08,HOSP_DMM_03,N95_Masks,39.3,37.56,0,None,109,131
2024-07-09,HOSP_DMM_03,N95_Masks,47.4,51.77,0,None,149,177
2024-07-10,HOSP_DMM_03,N95_Masks,39.2,46.78,0,None,129,153
2024-07-11,HOSP_DMM_03,N95_Masks,38.5,44.46,0,None,126,150
2024-07-12,HOSP_DMM_03,N95_Masks,37.8,58.68,1,Sandstorm/Dust_Storm,170,234
2024-07-13,HOSP_DMM_03,N95_Masks,36.1,54.86,0,None,132,158
2024-07-14,HOSP_DMM_03,N95_Masks,38.8,45.54,0,None,119,142
2024-07-15,HOSP_DMM_03,N95_Masks,41.8,55.14,0,None,125,149
2024-07-16,HOSP_DMM_03,N95_Masks,42.0,40.9,0,None,123,148
2024-07-17,HOSP_DMM_03,N95_Masks,38.3,34.19,0,None,119,142
2024-07-18,HOSP_DMM_03,N95_Masks,42.0,53.28,0,None,117,140
2024-07-19,HOSP_DMM_03,N95_Masks,38.5,46.51,0,None,119,140
2024-07-20,HOSP_DMM_03,N95_Masks,29.6,42.96,0,None,117,140
2024-07-21,HOSP_DMM_03,N95_Masks,43.0,48.48,0,None,104,124
2024-07-22,HOSP_DMM_03,N95_Masks,31.6,50.96,0,None,105,126
2024-07-23,HOSP_DMM_03,N95_Masks,33.7,46.37,0,None,141,169
2024-07-24,HOSP_DMM_03,N95_Masks,36.7,43.01,0,None,129,154
2024-07-25,HOSP_DMM_03,N95_Masks,34.1,56.49,0,None,130,155
2024-07-26,HOSP_DMM_03,N95_Masks,36.8,36.42,0,None,103,123
2024-07-27,HOSP_DMM_03,N95_Masks,31.7,63.02,0,None,137,165
2024-07-28,HOSP_DMM_03,N95_Masks,35.0,46.31,0,None,111,133
2024-07-29,HOSP_DMM_03,N95_Masks,37.2,54.63,0,None,113,135
2024-07-30,HOSP_DMM_03,N95_Masks,38.1,49.33,0,None,119,144
2024-07-31,HOSP_DMM_03,N95_Masks,43.0,53.33,0,None,123,147
2024-08-01,HOSP_DMM_03,N95_Masks,42.2,34.31,0,None,133,161
2024-08-02,HOSP_DMM_03,N95_Masks,34.4,44.25,0,None,111,133
2024-08-03,HOSP_DMM_03,N95_Masks,35.3,34.38,0,None,137,163
2024-08-04,HOSP_DMM_03,N95_Masks,38.4,44.93,0,None,124,149
2024-08-05,HOSP_DMM_03,N95_Masks,33.1,38.84,0,None,136,164
2024-08-06,HOSP_DMM_03,N95_Masks,38.7,51.91,1,Sandstorm/Dust_Storm,165,229
2024-08-07,HOSP_DMM_03,N95_Masks,40.2,72.37,0,None,105,126
2024-08-08,HOSP_DMM_03,N95_Masks,37.5,57.73,0,None,127,151
2024-08-09,HOSP_DMM_03,N95_Masks,32.9,42.14,0,None,114,136
2024-08-10,HOSP_DMM_03,N95_Masks,39.7,55.52,0,None,113,135
2024-08-11,HOSP_DMM_03,N95_Masks,37.7,49.36,0,None,108,129
2024-08-12,HOSP_DMM_03,N95_Masks,45.4,81.32,0,None,122,145
2024-08-13,HOSP_DMM_03,N95_Masks,35.3,49.14,0,None,111,134
2024-08-14,HOSP_DMM_03,N95_Masks,38.8,37.66,0,None,109,132
2024-08-15,HOSP_DMM_03,N95_Masks,34.9,38.98,0,None,97,115
2024-08-16,HOSP_DMM_03,N95_Masks,33.0,41.7,0,None,141,170
2024-08-17,HOSP_DMM_03,N95_Masks,36.0,46.57,0,None,112,135
2024-08-18,HOSP_DMM_03,N95_Masks,38.7,45.66,0,None,125,151
2024-08-19,HOSP_DMM_03,N95_Masks,33.7,43.95,0,None,100,119
2024-08-20,HOSP_DMM_03,N95_Masks,40.4,51.88,0,None,147,175
2024-08-21,HOSP_DMM_03,N95_Masks,32.5,49.91,0,None,135,161
2024-08-22,HOSP_DMM_03,N95_Masks,28.6,43.52,0,None,105,126
2024-08-23,HOSP_DMM_03,N95_Masks,43.0,52.04,0,None,92,111
2024-08-24,HOSP_DMM_03,N95_Masks,40.6,42.57,0,None,120,143
2024-08-25,HOSP_DMM_03,N95_Masks,34.0,35.4,0,None,117,140
2024-08-26,HOSP_DMM_03,N95_Masks,38.0,57.19,0,None,119,142
2024-08-27,HOSP_DMM_03,N95_Masks,35.2,81.41,0,None,118,143
2024-08-28,HOSP_DMM_03,N95_Masks,42.6,48.99,0,None,114,137
2024-08-29,HOSP_DMM_03,N95_Masks,33.0,62.3,0,None,121,145
2024-08-30,HOSP_DMM_03,N95_Masks,39.3,60.23,0,None,98,116
2024-08-31,HOSP_DMM_03,N95_Masks,42.2,49.92,0,None,114,136
2024-09-01,HOSP_DMM_03,N95_Masks,26.6,50.47,0,None,149,179
2024-09-02,HOSP_DMM_03,N95_Masks,23.4,46.21,0,None,119,144
2024-09-03,HOSP_DMM_03,N95_Masks,12.6,60.65,0,None,106,127
2024-09-04,HOSP_DMM_03,N95_Masks,22.7,35.29,0,None,109,131
2024-09-05,HOSP_DMM_03,N95_Masks,23.0,43.53,0,None,121,145
2024-09-06,HOSP_DMM_03,N95_Masks,21.2,47.61,0,None,127,152
2024-09-07,HOSP_DMM_03,N95_Masks,21.6,50.47,0,None,129,154
2024-09-08,HOSP_DMM_03,N95_Masks,24.4,53.62,0,None,130,158
2024-09-09,HOSP_DMM_03,N95_Masks,25.8,34.3,0,None,109,131
2024-09-10,HOSP_DMM_03,N95_Masks,17.0,29.2,0,None,116,141
2024-09-11,HOSP_DMM_03,N95_Masks,26.3,37.27,0,None,125,149
2024-09-12,HOSP_DMM_03,N95_Masks,25.1,36.45,1,Sandstorm/Dust_Storm,171,236
2024-09-13,HOSP_DMM_03,N95_Masks,18.4,42.93,0,None,123,147
2024-09-14,HOSP_DMM_03,N95_Masks,17.9,49.29,0,None,98,117
2024-09-15,HOSP_DMM_03,N95_Masks,19.4,58.55,0,None,132,158
2024-09-16,HOSP_DMM_03,N95_Masks,24.3,46.73,0,None,101,122
2024-09-17,HOSP_DMM_03,N95_Masks,19.9,34.74,0,None,123,147
2024-09-18,HOSP_DMM_03,N95_Masks,30.2,48.67,0,None,109,133
2024-09-19,HOSP_DMM_03,N95_Masks,24.3,47.07,0,None,125,150
2024-09-20,HOSP_DMM_03,N95_Masks,20.5,67.12,0,None,130,155
2024-09-21,HOSP_DMM_03,N95_Masks,26.8,49.06,0,None,117,139
2024-09-22,HOSP_DMM_03,N95_Masks,22.9,40.96,0,None,138,164
2024-09-23,HOSP_DMM_03,N95_Masks,17.7,52.15,0,None,127,152
2024-09-24,HOSP_DMM_03,N95_Masks,18.8,50.06,0,None,130,156
2024-09-25,HOSP_DMM_03,N95_Masks,14.6,59.97,0,None,125,149
2024-09-26,HOSP_DMM_03,N95_Masks,17.7,47.55,0,None,119,145
2024-09-27,HOSP_DMM_03,N95_Masks,14.1,53.25,0,None,125,151
2024-09-28,HOSP_DMM_03,N95_Masks,21.6,55.69,0,None,138,165
2024-09-29,HOSP_DMM_03,N95_Masks,27.1,58.76,0,None,129,154
2024-09-30,HOSP_DMM_03,N95_Masks,25.9,46.8,0,None,123,148
2024-10-01,HOSP_DMM_03,N95_Masks,25.5,69.2,0,None,107,128
2024-10-02,HOSP_DMM_03,N95_Masks,20.2,33.19,0,None,152,182
2024-10-03,HOSP_DMM_03,N95_Masks,20.5,57.1,0,None,119,144
2024-10-04,HOSP_DMM_03,N95_Masks,24.7,45.96,0,None,104,124
2024-10-05,HOSP_DMM_03,N95_Masks,16.8,55.46,0,None,115,138
2024-10-06,HOSP_DMM_03,N95_Masks,23.2,38.94,0,None,115,136
2024-10-07,HOSP_DMM_03,N95_Masks,22.3,41.18,0,None,118,139
2024-10-08,HOSP_DMM_03,N95_Masks,21.1,42.15,0,None,118,141
2024-10-09,HOSP_DMM_03,N95_Masks,27.4,40.87,0,None,120,144
2024-10-10,HOSP_DMM_03,N95_Masks,26.7,39.07,0,None,116,140
2024-10-11,HOSP_DMM_03,N95_Masks,22.4,55.28,1,Sandstorm/Dust_Storm,178,243
2024-10-12,HOSP_DMM_03,N95_Masks,28.5,42.34,0,None,120,143
2024-10-13,HOSP_DMM_03,N95_Masks,24.0,59.91,0,None,126,152
2024-10-14,HOSP_DMM_03,N95_Masks,29.5,39.63,0,None,129,154
2024-10-15,HOSP_DMM_03,N95_Masks,24.0,60.29,0,None,127,152
2024-10-16,HOSP_DMM_03,N95_Masks,25.2,54.76,0,None,97,116
2024-10-17,HOSP_DMM_03,N95_Masks,18.9,37.06,0,None,132,159
2024-10-18,HOSP_DMM_03,N95_Masks,19.0,56.43,0,None,127,151
2024-10-19,HOSP_DMM_03,N95_Masks,15.2,59.8,0,None,104,125
2024-10-20,HOSP_DMM_03,N95_Masks,18.5,46.18,0,None,119,142
2024-10-21,HOSP_DMM_03,N95_Masks,18.9,40.17,0,None,117,139
2024-10-22,HOSP_DMM_03,N95_Masks,28.8,40.48,0,None,117,141
2024-10-23,HOSP_DMM_03,N95_Masks,17.2,46.28,0,None,113,136
2024-10-24,HOSP_DMM_03,N95_Masks,25.8,29.23,0,None,124,145
2024-10-25,HOSP_DMM_03,N95_Masks,27.1,62.98,0,None,129,155
2024-10-26,HOSP_DMM_03,N95_Masks,22.0,40.76,0,None,144,172
2024-10-27,HOSP_DMM_03,N95_Masks,23.5,54.11,0,None,130,156
2024-10-28,HOSP_DMM_03,N95_Masks,13.1,44.24,0,None,136,163
2024-10-29,HOSP_DMM_03,N95_Masks,25.8,51.14,0,None,125,150
2024-10-30,HOSP_DMM_03,N95_Masks,19.0,51.25,0,None,114,137
2024-10-31,HOSP_DMM_03,N95_Masks,17.6,69.09,0,None,117,140
2024-11-01,HOSP_DMM_03,N95_Masks,22.7,74.87,0,None,135,162
2024-11-02,HOSP_DMM_03,N95_Masks,21.2,70.06,0,None,130,157
2024-11-03,HOSP_DMM_03,N95_Masks,21.6,77.84,0,None,138,164
2024-11-04,HOSP_DMM_03,N95_Masks,22.7,74.49,0,None,160,190
2024-11-05,HOSP_DMM_03,N95_Masks,23.3,75.38,0,None,131,156
2024-11-06,HOSP_DMM_03,N95_Masks,24.2,70.48,0,None,141,168
2024-11-07,HOSP_DMM_03,N95_Masks,24.4,84.74,0,None,136,163
2024-11-08,HOSP_DMM_03,N95_Masks,21.4,68.35,0,None,155,186
2024-11-09,HOSP_DMM_03,N95_Masks,25.5,85.07,0,None,153,183
2024-11-10,HOSP_DMM_03,N95_Masks,30.0,71.79,0,None,145,172
2024-11-11,HOSP_DMM_03,N95_Masks,26.0,88.27,0,None,129,154
2024-11-12,HOSP_DMM_03,N95_Masks,25.6,92.04,0,None,161,194
2024-11-13,HOSP_DMM_03,N95_Masks,28.0,85.09,0,None,123,148
2024-11-14,HOSP_DMM_03,N95_Masks,16.1,54.4,0,None,139,168
2024-11-15,HOSP_DMM_03,N95_Masks,23.7,63.08,0,None,141,170
2024-11-16,HOSP_DMM_03,N95_Masks,25.1,92.92,0,None,136,163
2024-11-17,HOSP_DMM_03,N95_Masks,25.7,91.71,0,None,133,158
2024-11-18,HOSP_DMM_03,N95_Masks,22.0,63.2,0,None,148,178
2024-11-19,HOSP_DMM_03,N95_Masks,23.3,74.34,0,None,144,172
2024-11-20,HOSP_DMM_03,N95_Masks,22.8,75.86,0,None,139,166
2024-11-21,HOSP_DMM_03,N95_Masks,31.0,84.92,0,None,145,175
2024-11-22,HOSP_DMM_03,N95_Masks,30.1,60.95,0,None,146,176
2024-11-23,HOSP_DMM_03,N95_Masks,22.5,67.83,0,None,127,151
2024-11-24,HOSP_DMM_03,N95_Masks,23.8,73.36,0,None,150,180
2024-11-25,HOSP_DMM_03,N95_Masks,20.1,57.29,0,None,149,177
2024-11-26,HOSP_DMM_03,N95_Masks,20.8,76.14,0,None,159,191
2024-11-27,HOSP_DMM_03,N95_Masks,22.3,71.81,0,None,145,175
2024-11-28,HOSP_DMM_03,N95_Masks,28.2,73.28,0,None,127,152
2024-11-29,HOSP_DMM_03,N95_Masks,22.6,63.26,0,None,166,200
2024-11-30,HOSP_DMM_03,N95_Masks,27.8,75.85,0,None,163,195
2024-12-01,HOSP_DMM_03,N95_Masks,25.5,71.15,0,None,156,185
2024-12-02,HOSP_DMM_03,N95_Masks,21.7,80.58,0,None,155,185
2024-12-03,HOSP_DMM_03,N95_Masks,26.5,63.45,0,None,162,194
2024-12-04,HOSP_DMM_03,N95_Masks,26.6,78.28,0,None,155,185
2024-12-05,HOSP_DMM_03,N95_Masks,25.1,61.47,0,None,162,194
2024-12-06,HOSP_DMM_03,N95_Masks,23.2,82.53,0,None,139,166
2024-12-07,HOSP_DMM_03,N95_Masks,19.5,68.67,0,None,143,173
2024-12-08,HOSP_DMM_03,N95_Masks,23.4,82.78,0,None,159,190
2024-12-09,HOSP_DMM_03,N95_Masks,17.3,69.04,0,None,155,186
2024-12-10,HOSP_DMM_03,N95_Masks,23.8,75.45,0,None,158,190
2024-12-11,HOSP_DMM_03,N95_Masks,23.7,92.14,0,None,119,141
2024-12-12,HOSP_DMM_03,N95_Masks,25.3,68.32,0,None,154,186
2024-12-13,HOSP_DMM_03,N95_Masks,29.2,52.69,0,None,155,186
2024-12-14,HOSP_DMM_03,N95_Masks,24.7,68.41,0,None,143,171
2024-12-15,HOSP_DMM_03,N95_Masks,21.9,85.86,0,None,131,157
2024-12-16,HOSP_DMM_03,N95_Masks,25.6,75.43,0,None,128,154
2024-12-17,HOSP_DMM_03,N95_Masks,26.2,77.51,0,None,156,187
2024-12-18,HOSP_DMM_03,N95_Masks,20.6,73.49,0,None,146,174
2024-12-19,HOSP_DMM_03,N95_Masks,21.3,61.9,0,None,143,172
2024-12-20,HOSP_DMM_03,N95_Masks,19.7,70.53,0,None,135,162
2024-12-21,HOSP_DMM_03,N95_Masks,20.8,68.16,0,None,138,165
2024-12-22,HOSP_DMM_03,N95_Masks,21.3,82.39,0,None,136,163
2024-12-23,HOSP_DMM_03,N95_Masks,27.1,75.92,0,None,162,194
2024-12-24,HOSP_DMM_03,N95_Masks,20.8,73.18,0,None,146,173
2024-12-25,HOSP_DMM_03,N95_Masks,28.7,68.6,0,None,146,175
2024-12-26,HOSP_DMM_03,N95_Masks,16.9,65.83,0,None,160,190
2024-12-27,HOSP_DMM_03,N95_Masks,21.4,82.24,0,None,152,183
2024-12-28,HOSP_DMM_03,N95_Masks,17.5,84.79,0,None,114,134
2024-12-29,HOSP_DMM_03,N95_Masks,18.5,64.11,0,None,135,164
2024-12-30,HOSP_DMM_03,N95_Masks,20.7,76.7,1,Sandstorm/Dust_Storm,178,243
2024-12-31,HOSP_DMM_03,N95_Masks,29.9,64.63,0,None,138,164
2025-01-01,HOSP_DMM_03,N95_Masks,22.3,72.05,0,None,153,185
2025-01-02,HOSP_DMM_03,N95_Masks,25.0,74.29,0,None,135,163
2025-01-03,HOSP_DMM_03,N95_Masks,23.6,80.46,0,None,163,195
2025-01-04,HOSP_DMM_03,N95_Masks,29.5,76.03,0,None,144,173
2025-01-05,HOSP_DMM_03,N95_Masks,26.3,71.28,0,None,133,160
2025-01-06,HOSP_DMM_03,N95_Masks,24.5,90.2,0,None,149,179
2025-01-07,HOSP_DMM_03,N95_Masks,23.0,91.49,0,None,146,175
2025-01-08,HOSP_DMM_03,N95_Masks,16.0,73.3,0,None,140,167
2025-01-09,HOSP_DMM_03,N95_Masks,21.0,79.23,0,None,125,149
2025-01-10,HOSP_DMM_03,N95_Masks,17.9,82.96,0,None,170,203
2025-01-11,HOSP_DMM_03,N95_Masks,20.7,71.16,0,None,152,183
2025-01-12,HOSP_DMM_03,N95_Masks,22.2,102.97,0,None,147,176
2025-01-13,HOSP_DMM_03,N95_Masks,18.1,81.65,0,None,140,168
2025-01-14,HOSP_DMM_03,N95_Masks,20.4,69.11,0,None,174,209
2025-01-15,HOSP_DMM_03,N95_Masks,22.0,74.43,0,None,149,179
2025-01-16,HOSP_DMM_03,N95_Masks,18.8,94.4,1,Sandstorm/Dust_Storm,175,240
2025-01-17,HOSP_DMM_03,N95_Masks,29.7,80.81,0,None,136,163
2025-01-18,HOSP_DMM_03,N95_Masks,22.9,75.68,0,None,172,206
2025-01-19,HOSP_DMM_03,N95_Masks,22.0,52.9,0,None,161,194
2025-01-20,HOSP_DMM_03,N95_Masks,23.5,79.23,0,None,123,146
2025-01-21,HOSP_DMM_03,N95_Masks,19.0,71.58,1,Sandstorm/Dust_Storm,199,268
2025-01-22,HOSP_DMM_03,N95_Masks,21.9,68.64,0,None,146,174
2025-01-23,HOSP_DMM_03,N95_Masks,26.0,68.97,0,None,121,145
2025-01-24,HOSP_DMM_03,N95_Masks,26.9,78.23,0,None,123,147
2025-01-25,HOSP_DMM_03,N95_Masks,22.0,69.5,0,None,142,170
2025-01-26,HOSP_DMM_03,N95_Masks,20.8,71.79,0,None,146,173
2025-01-27,HOSP_DMM_03,N95_Masks,23.1,87.69,0,None,147,177
2025-01-28,HOSP_DMM_03,N95_Masks,21.8,74.28,0,None,114,136
2025-01-29,HOSP_DMM_03,N95_Masks,26.9,62.91,0,None,166,198
2025-01-30,HOSP_DMM_03,N95_Masks,23.4,86.38,0,None,157,188
2025-01-31,HOSP_DMM_03,N95_Masks,21.5,74.26,0,None,130,157
2025-02-01,HOSP_DMM_03,N95_Masks,18.3,68.9,0,None,158,190
2025-02-02,HOSP_DMM_03,N95_Masks,26.2,70.79,0,None,158,191
2025-02-03,HOSP_DMM_03,N95_Masks,26.0,84.49,0,None,151,180
2025-02-04,HOSP_DMM_03,N95_Masks,19.7,48.91,0,None,159,189
2025-02-05,HOSP_DMM_03,N95_Masks,17.3,85.99,0,None,154,185
2025-02-06,HOSP_DMM_03,N95_Masks,27.5,56.32,1,Sandstorm/Dust_Storm,174,240
2025-02-07,HOSP_DMM_03,N95_Masks,23.5,75.17,0,None,130,156
2025-02-08,HOSP_DMM_03,N95_Masks,22.7,59.96,0,None,143,171
2025-02-09,HOSP_DMM_03,N95_Masks,19.5,60.58,0,None,139,168
2025-02-10,HOSP_DMM_03,N95_Masks,24.6,79.24,0,None,164,196
2025-02-11,HOSP_DMM_03,N95_Masks,23.0,86.7,0,None,159,191
2025-02-12,HOSP_DMM_03,N95_Masks,19.0,77.2,0,None,135,161
2025-02-13,HOSP_DMM_03,N95_Masks,23.9,86.71,0,None,138,166
2025-02-14,HOSP_DMM_03,N95_Masks,19.3,67.98,0,None,144,171
2025-02-15,HOSP_DMM_03,N95_Masks,17.6,91.61,0,None,150,178
2025-02-16,HOSP_DMM_03,N95_Masks,22.5,70.86,0,None,135,161
2025-02-17,HOSP_DMM_03,N95_Masks,25.8,80.85,0,None,140,167
2025-02-18,HOSP_DMM_03,N95_Masks,28.4,72.93,0,None,143,171
2025-02-19,HOSP_DMM_03,N95_Masks,20.4,79.49,0,None,148,178
2025-02-20,HOSP_DMM_03,N95_Masks,17.0,90.65,0,None,143,171
2025-02-21,HOSP_DMM_03,N95_Masks,21.1,66.28,0,None,156,187
2025-02-22,HOSP_DMM_03,N95_Masks,14.4,78.16,1,Sandstorm/Dust_Storm,186,252
2025-02-23,HOSP_DMM_03,N95_Masks,22.7,79.24,0,None,137,163
2025-02-24,HOSP_DMM_03,N95_Masks,19.7,55.02,0,None,153,182
2025-02-25,HOSP_DMM_03,N95_Masks,17.4,80.39,0,None,155,185
2025-02-26,HOSP_DMM_03,N95_Masks,19.6,74.06,0,None,165,198
2025-02-27,HOSP_DMM_03,N95_Masks,23.7,72.41,0,None,146,176
2025-02-28,HOSP_DMM_03,N95_Masks,27.0,80.24,0,None,126,151
2025-03-01,HOSP_DMM_03,N95_Masks,17.5,58.01,1,Sandstorm/Dust_Storm,158,219
2025-03-02,HOSP_DMM_03,N95_Masks,21.3,56.64,0,None,109,131
2025-03-03,HOSP_DMM_03,N95_Masks,28.0,43.51,0,None,131,157
2025-03-04,HOSP_DMM_03,N95_Masks,29.1,56.19,0,None,113,135
2025-03-05,HOSP_DMM_03,N95_Masks,18.6,36.89,0,None,142,171
2025-03-06,HOSP_DMM_03,N95_Masks,27.8,50.88,0,None,107,128
2025-03-07,HOSP_DMM_03,N95_Masks,23.7,36.76,0,None,113,136
2025-03-08,HOSP_DMM_03,N95_Masks,17.4,31.77,0,None,114,136
2025-03-09,HOSP_DMM_03,N95_Masks,20.4,43.44,0,None,117,140
2025-03-10,HOSP_DMM_03,N95_Masks,22.4,50.05,0,None,114,135
2025-03-11,HOSP_DMM_03,N95_Masks,19.1,44.88,0,None,101,119
2025-03-12,HOSP_DMM_03,N95_Masks,25.9,56.66,0,None,133,159
2025-03-13,HOSP_DMM_03,N95_Masks,20.8,70.21,0,None,99,117
2025-03-14,HOSP_DMM_03,N95_Masks,26.8,51.09,0,None,123,149
2025-03-15,HOSP_DMM_03,N95_Masks,25.7,57.18,0,None,136,164
2025-03-16,HOSP_DMM_03,N95_Masks,28.6,56.13,0,None,117,141
2025-03-17,HOSP_DMM_03,N95_Masks,24.8,52.62,0,None,122,145
2025-03-18,HOSP_DMM_03,N95_Masks,18.2,62.41,0,None,120,143
2025-03-19,HOSP_DMM_03,N95_Masks,21.9,64.97,0,None,141,169
2025-03-20,HOSP_DMM_03,N95_Masks,18.8,63.49,0,None,126,151
2025-03-21,HOSP_DMM_03,N95_Masks,24.4,44.01,0,None,118,142
2025-03-22,HOSP_DMM_03,N95_Masks,23.8,59.45,0,None,139,168
2025-03-23,HOSP_DMM_03,N95_Masks,30.5,59.45,0,None,132,158
2025-03-24,HOSP_DMM_03,N95_Masks,25.0,53.69,0,None,113,136
2025-03-25,HOSP_DMM_03,N95_Masks,30.5,57.74,0,None,135,161
2025-03-26,HOSP_DMM_03,N95_Masks,17.0,27.36,0,None,120,144
2025-03-27,HOSP_DMM_03,N95_Masks,27.0,54.91,0,None,132,159
2025-03-28,HOSP_DMM_03,N95_Masks,23.3,48.89,0,None,112,135
2025-03-29,HOSP_DMM_03,N95_Masks,26.5,50.38,1,Sandstorm/Dust_Storm,161,225
2025-03-30,HOSP_DMM_03,N95_Masks,21.3,45.31,0,None,111,134
2025-03-31,HOSP_DMM_03,N95_Masks,24.2,56.06,0,None,111,133
2025-04-01,HOSP_DMM_03,N95_Masks,20.4,47.96,0,None,122,146
2025-04-02,HOSP_DMM_03,N95_Masks,30.1,37.88,0,None,124,148
2025-04-03,HOSP_DMM_03,N95_Masks,21.4,39.82,0,None,120,144
2025-04-04,HOSP_DMM_03,N95_Masks,19.9,44.52,0,None,128,154
2025-04-05,HOSP_DMM_03,N95_Masks,25.8,46.7,0,None,109,131
2025-04-06,HOSP_DMM_03,N95_Masks,18.6,58.77,0,None,121,146
2025-04-07,HOSP_DMM_03,N95_Masks,24.5,69.47,0,None,126,150
2025-04-08,HOSP_DMM_03,N95_Masks,16.8,38.56,0,None,109,131
2025-04-09,HOSP_DMM_03,N95_Masks,26.0,52.17,0,None,129,153
2025-04-10,HOSP_DMM_03,N95_Masks,19.9,52.53,0,None,118,143
2025-04-11,HOSP_DMM_03,N95_Masks,15.4,48.79,0,None,115,138
2025-04-12,HOSP_DMM_03,N95_Masks,23.8,45.78,0,None,109,130
2025-04-13,HOSP_DMM_03,N95_Masks,26.4,56.05,0,None,131,156
2025-04-14,HOSP_DMM_03,N95_Masks,20.8,40.71,0,None,122,146
2025-04-15,HOSP_DMM_03,N95_Masks,17.6,39.36,0,None,122,147
2025-04-16,HOSP_DMM_03,N95_Masks,24.2,61.58,0,None,107,127
2025-04-17,HOSP_DMM_03,N95_Masks,17.9,48.59,0,None,107,128
2025-04-18,HOSP_DMM_03,N95_Masks,26.0,54.15,0,None,115,136
2025-04-19,HOSP_DMM_03,N95_Masks,16.0,51.63,0,None,111,134
2025-04-20,HOSP_DMM_03,N95_Masks,24.4,43.77,0,None,121,144
2025-04-21,HOSP_DMM_03,N95_Masks,17.5,49.17,0,None,145,171
2025-04-22,HOSP_DMM_03,N95_Masks,23.2,27.76,0,None,126,151
2025-04-23,HOSP_DMM_03,N95_Masks,25.6,42.8,0,None,112,134
2025-04-24,HOSP_DMM_03,N95_Masks,27.1,39.93,0,None,113,135
2025-04-25,HOSP_DMM_03,N95_Masks,25.0,56.27,0,None,115,136
2025-04-26,HOSP_DMM_03,N95_Masks,23.4,43.17,0,None,116,138
2025-04-27,HOSP_DMM_03,N95_Masks,15.7,51.43,0,None,129,154
2025-04-28,HOSP_DMM_03,N95_Masks,26.3,67.53,0,None,120,143
2025-04-29,HOSP_DMM_03,N95_Masks,24.3,55.03,0,None,112,134
2025-04-30,HOSP_DMM_03,N95_Masks,23.8,52.1,0,None,121,145
2025-05-01,HOSP_DMM_03,N95_Masks,24.9,54.23,0,None,134,160
2025-05-02,HOSP_DMM_03,N95_Masks,19.8,68.94,0,None,129,154
2025-05-03,HOSP_DMM_03,N95_Masks,23.5,55.74,0,None,110,130
2025-05-04,HOSP_DMM_03,N95_Masks,22.7,54.91,0,None,114,136
2025-05-05,HOSP_DMM_03,N95_Masks,22.5,43.33,0,None,135,162
2025-05-06,HOSP_DMM_03,N95_Masks,27.7,56.88,0,None,120,145
2025-05-07,HOSP_DMM_03,N95_Masks,17.1,56.93,0,None,136,163
2025-05-08,HOSP_DMM_03,N95_Masks,25.3,49.31,0,None,118,141
2025-05-09,HOSP_DMM_03,N95_Masks,26.1,32.24,0,None,123,146
2025-05-10,HOSP_DMM_03,N95_Masks,20.9,45.57,0,None,122,146
2025-05-11,HOSP_DMM_03,N95_Masks,24.9,35.73,0,None,132,157
2025-05-12,HOSP_DMM_03,N95_Masks,18.8,73.21,0,None,124,148
2025-05-13,HOSP_DMM_03,N95_Masks,21.8,52.47,0,None,119,144
2025-05-14,HOSP_DMM_03,N95_Masks,19.0,58.07,0,None,141,169
2025-05-15,HOSP_DMM_03,N95_Masks,22.1,48.39,0,None,116,138
2025-05-16,HOSP_DMM_03,N95_Masks,11.7,62.43,1,Sandstorm/Dust_Storm,167,229
2025-05-17,HOSP_DMM_03,N95_Masks,27.1,44.36,0,None,125,149
2025-05-18,HOSP_DMM_03,N95_Masks,27.8,43.76,1,Sandstorm/Dust_Storm,141,201
2025-05-19,HOSP_DMM_03,N95_Masks,26.3,57.99,0,None,110,129
2025-05-20,HOSP_DMM_03,N95_Masks,19.9,34.01,0,None,115,138
2025-05-21,HOSP_DMM_03,N95_Masks,23.0,42.16,0,None,126,151
2025-05-22,HOSP_DMM_03,N95_Masks,24.4,53.17,0,None,123,147
2025-05-23,HOSP_DMM_03,N95_Masks,26.5,53.4,0,None,104,122
2025-05-24,HOSP_DMM_03,N95_Masks,19.8,45.59,0,None,124,148
2025-05-25,HOSP_DMM_03,N95_Masks,22.3,50.32,0,None,129,156
2025-05-26,HOSP_DMM_03,N95_Masks,22.3,57.71,0,None,122,146
2025-05-27,HOSP_DMM_03,N95_Masks,28.3,55.57,0,None,138,165
2025-05-28,HOSP_DMM_03,N95_Masks,25.2,44.66,1,Sandstorm/Dust_Storm,155,217
2025-05-29,HOSP_DMM_03,N95_Masks,30.3,60.74,0,None,118,142
2025-05-30,HOSP_DMM_03,N95_Masks,20.1,51.52,0,None,120,145
2025-05-31,HOSP_DMM_03,N95_Masks,22.7,60.35,0,None,96,117
2025-06-01,HOSP_DMM_03,N95_Masks,39.4,53.62,0,None,106,127
2025-06-02,HOSP_DMM_03,N95_Masks,39.7,60.6,0,None,113,133
2025-06-03,HOSP_DMM_03,N95_Masks,40.9,54.79,0,None,129,153
2025-06-04,HOSP_DMM_03,N95_Masks,35.8,75.14,0,None,144,173
2025-06-05,HOSP_DMM_03,N95_Masks,33.6,52.73,0,None,130,154
2025-06-06,HOSP_DMM_03,N95_Masks,38.2,65.45,0,None,124,149
2025-06-07,HOSP_DMM_03,N95_Masks,43.3,67.78,1,Heatwave,200,240
2025-06-08,HOSP_DMM_03,N95_Masks,34.2,59.66,0,None,128,152
2025-06-09,HOSP_DMM_03,N95_Masks,32.7,64.73,0,None,119,144
2025-06-10,HOSP_DMM_03,N95_Masks,40.2,24.46,0,None,112,135
2025-06-11,HOSP_DMM_03,N95_Masks,43.8,46.79,0,None,119,142
2025-06-12,HOSP_DMM_03,N95_Masks,36.2,65.81,0,None,132,157
2025-06-13,HOSP_DMM_03,N95_Masks,39.4,55.21,0,None,108,129
2025-06-14,HOSP_DMM_03,N95_Masks,38.3,49.15,0,None,120,143
2025-06-15,HOSP_DMM_03,N95_Masks,38.0,59.04,0,None,120,145
2025-06-16,HOSP_DMM_03,N95_Masks,32.7,64.14,0,None,101,120
2025-06-17,HOSP_DMM_03,N95_Masks,40.2,47.51,0,None,129,155
2025-06-18,HOSP_DMM_03,N95_Masks,36.9,49.71,0,None,107,128
2025-06-19,HOSP_DMM_03,N95_Masks,37.2,43.5,0,None,122,146
2025-06-20,HOSP_DMM_03,N95_Masks,38.7,54.47,0,None,125,151
2025-06-21,HOSP_DMM_03,N95_Masks,46.3,56.71,0,None,116,138
2025-06-22,HOSP_DMM_03,N95_Masks,42.4,67.52,0,None,130,154
2025-06-23,HOSP_DMM_03,N95_Masks,42.0,60.94,0,None,122,146
2025-06-24,HOSP_DMM_03,N95_Masks,42.3,50.44,0,None,118,139
2025-06-25,HOSP_DMM_03,N95_Masks,41.1,49.31,0,None,122,145
2025-06-26,HOSP_DMM_03,N95_Masks,37.1,44.71,0,None,134,161
2025-06-27,HOSP_DMM_03,N95_Masks,43.0,49.33,0,None,105,127
2025-06-28,HOSP_DMM_03,N95_Masks,36.3,31.81,0,None,100,119
2025-06-29,HOSP_DMM_03,N95_Masks,39.1,57.4,0,None,133,158
2025-06-30,HOSP_DMM_03,N95_Masks,33.8,57.0,1,Sandstorm/Dust_Storm,163,226
2025-07-01,HOSP_DMM_03,N95_Masks,42.4,57.09,0,None,114,136
2025-07-02,HOSP_DMM_03,N95_Masks,32.5,37.28,0,None,112,133
2025-07-03,HOSP_DMM_03,N95_Masks,33.4,47.88,0,None,121,145
2025-07-04,HOSP_DMM_03,N95_Masks,37.3,40.36,0,None,122,146
2025-07-05,HOSP_DMM_03,N95_Masks,36.9,69.25,0,None,103,124
2025-07-06,HOSP_DMM_03,N95_Masks,32.3,50.43,0,None,123,147
2025-07-07,HOSP_DMM_03,N95_Masks,34.1,33.89,0,None,133,157
2025-07-08,HOSP_DMM_03,N95_Masks,32.1,64.19,0,None,123,147
2025-07-09,HOSP_DMM_03,N95_Masks,42.3,71.68,0,None,134,160
2025-07-10,HOSP_DMM_03,N95_Masks,42.1,26.72,0,None,118,141
2025-07-11,HOSP_DMM_03,N95_Masks,33.9,50.93,1,Sandstorm/Dust_Storm,146,206
2025-07-12,HOSP_DMM_03,N95_Masks,35.6,70.37,0,None,125,149
2025-07-13,HOSP_DMM_03,N95_Masks,43.6,55.38,0,None,98,116
2025-07-14,HOSP_DMM_03,N95_Masks,36.2,54.06,0,None,106,128
2025-07-15,HOSP_DMM_03,N95_Masks,38.6,48.16,0,None,126,152
2025-07-16,HOSP_DMM_03,N95_Masks,45.6,52.53,0,None,121,145
2025-07-17,HOSP_DMM_03,N95_Masks,39.3,67.36,0,None,109,131
2025-07-18,HOSP_DMM_03,N95_Masks,35.1,36.85,0,None,138,163
2025-07-19,HOSP_DMM_03,N95_Masks,39.4,45.54,1,Sandstorm/Dust_Storm,164,226
2025-07-20,HOSP_DMM_03,N95_Masks,37.1,40.43,0,None,124,147
2025-07-21,HOSP_DMM_03,N95_Masks,43.8,56.52,0,None,98,117
2025-07-22,HOSP_DMM_03,N95_Masks,32.3,50.18,0,None,148,178
2025-07-23,HOSP_DMM_03,N95_Masks,47.7,39.86,0,None,118,140
2025-07-24,HOSP_DMM_03,N95_Masks,37.7,50.99,0,None,114,137
2025-07-25,HOSP_DMM_03,N95_Masks,43.9,64.54,0,None,130,156
2025-07-26,HOSP_DMM_03,N95_Masks,44.4,48.34,0,None,128,153
2025-07-27,HOSP_DMM_03,N95_Masks,40.0,44.3,0,None,123,149
2025-07-28,HOSP_DMM_03,N95_Masks,34.4,33.27,0,None,124,149
2025-07-29,HOSP_DMM_03,N95_Masks,41.3,44.43,0,None,89,107
2025-07-30,HOSP_DMM_03,N95_Masks,41.7,34.31,1,Heatwave,138,165
2025-07-31,HOSP_DMM_03,N95_Masks,38.5,57.25,0,None,123,147
2025-08-01,HOSP_DMM_03,N95_Masks,44.2,45.21,0,None,128,154
2025-08-02,HOSP_DMM_03,N95_Masks,42.2,55.53,0,None,131,157
2025-08-03,HOSP_DMM_03,N95_Masks,37.6,52.44,0,None,130,157
2025-08-04,HOSP_DMM_03,N95_Masks,42.8,65.45,0,None,128,151
2025-08-05,HOSP_DMM_03,N95_Masks,38.3,54.6,0,None,125,151
2025-08-06,HOSP_DMM_03,N95_Masks,39.2,52.87,1,Sandstorm/Dust_Storm,151,210
2025-08-07,HOSP_DMM_03,N95_Masks,37.7,59.03,1,Sandstorm/Dust_Storm,172,236
2025-08-08,HOSP_DMM_03,N95_Masks,40.3,52.14,0,None,105,125
2025-08-09,HOSP_DMM_03,N95_Masks,35.4,50.05,0,None,109,130
2025-08-10,HOSP_DMM_03,N95_Masks,35.5,43.02,0,None,128,151
2025-08-11,HOSP_DMM_03,N95_Masks,41.2,42.28,0,None,132,158
2025-08-12,HOSP_DMM_03,N95_Masks,35.5,38.14,0,None,111,133
2025-08-13,HOSP_DMM_03,N95_Masks,35.1,47.47,0,None,123,148
2025-08-14,HOSP_DMM_03,N95_Masks,41.8,50.59,0,None,104,126
2025-08-15,HOSP_DMM_03,N95_Masks,36.8,62.31,0,None,108,129
2025-08-16,HOSP_DMM_03,N95_Masks,37.8,62.67,0,None,95,116
2025-08-17,HOSP_DMM_03,N95_Masks,37.7,46.49,0,None,128,154
2025-08-18,HOSP_DMM_03,N95_Masks,42.7,35.02,1,Heatwave,158,190
2025-08-19,HOSP_DMM_03,N95_Masks,39.7,37.4,0,None,135,163
2025-08-20,HOSP_DMM_03,N95_Masks,36.2,45.69,0,None,140,169
2025-08-21,HOSP_DMM_03,N95_Masks,41.3,52.55,0,None,131,158
2025-08-22,HOSP_DMM_03,N95_Masks,41.3,36.27,0,None,106,127
2025-08-23,HOSP_DMM_03,N95_Masks,37.3,37.8,0,None,117,138
2025-08-24,HOSP_DMM_03,N95_Masks,39.3,43.24,0,None,119,142
2025-08-25,HOSP_DMM_03,N95_Masks,38.7,53.56,0,None,124,149
2025-08-26,HOSP_DMM_03,N95_Masks,36.5,56.99,0,None,118,140
2025-08-27,HOSP_DMM_03,N95_Masks,35.6,72.44,0,None,111,132
2025-08-28,HOSP_DMM_03,N95_Masks,40.8,55.42,0,None,118,140
2025-08-29,HOSP_DMM_03,N95_Masks,35.1,59.77,0,None,146,174
2025-08-30,HOSP_DMM_03,N95_Masks,35.7,65.02,0,None,107,127
2025-08-31,HOSP_DMM_03,N95_Masks,34.9,59.24,0,None,113,137
2025-09-01,HOSP_DMM_03,N95_Masks,16.6,44.98,0,None,115,138
2025-09-02,HOSP_DMM_03,N95_Masks,20.3,61.04,0,None,98,119
2025-09-03,HOSP_DMM_03,N95_Masks,20.6,42.89,0,None,113,134
2025-09-04,HOSP_DMM_03,N95_Masks,20.6,47.8,0,None,118,142
2025-09-05,HOSP_DMM_03,N95_Masks,21.8,49.15,0,None,104,123
2025-09-06,HOSP_DMM_03,N95_Masks,24.9,47.67,0,None,126,152
2025-09-07,HOSP_DMM_03,N95_Masks,25.0,36.2,0,None,117,138
2025-09-08,HOSP_DMM_03,N95_Masks,20.6,46.88,0,None,94,112
2025-09-09,HOSP_DMM_03,N95_Masks,22.2,66.71,0,None,142,170
2025-09-10,HOSP_DMM_03,N95_Masks,27.9,50.96,0,None,104,124
2025-09-11,HOSP_DMM_03,N95_Masks,25.2,40.89,0,None,138,164
2025-09-12,HOSP_DMM_03,N95_Masks,23.4,43.66,0,None,121,142
2025-09-13,HOSP_DMM_03,N95_Masks,25.4,46.26,0,None,130,155
2025-09-14,HOSP_DMM_03,N95_Masks,21.8,34.32,0,None,148,176
2025-09-15,HOSP_DMM_03,N95_Masks,18.6,43.06,0,None,120,141
2025-09-16,HOSP_DMM_03,N95_Masks,26.2,58.73,0,None,114,136
2025-09-17,HOSP_DMM_03,N95_Masks,17.7,39.1,0,None,86,104
2025-09-18,HOSP_DMM_03,N95_Masks,28.4,61.64,0,None,117,141
2025-09-19,HOSP_DMM_03,N95_Masks,22.8,53.91,0,None,115,138
2025-09-20,HOSP_DMM_03,N95_Masks,16.6,40.57,0,None,120,145
2025-09-21,HOSP_DMM_03,N95_Masks,24.2,48.84,1,Sandstorm/Dust_Storm,155,215
2025-09-22,HOSP_DMM_03,N95_Masks,24.9,38.99,0,None,115,138
2025-09-23,HOSP_DMM_03,N95_Masks,19.7,50.78,0,None,123,148
2025-09-24,HOSP_DMM_03,N95_Masks,21.2,59.75,0,None,120,146
2025-09-25,HOSP_DMM_03,N95_Masks,24.4,45.41,0,None,119,143
2025-09-26,HOSP_DMM_03,N95_Masks,19.8,54.28,0,None,130,155
2025-09-27,HOSP_DMM_03,N95_Masks,18.6,59.25,0,None,129,152
2025-09-28,HOSP_DMM_03,N95_Masks,28.2,58.68,0,None,126,150
2025-09-29,HOSP_DMM_03,N95_Masks,18.7,49.36,0,None,113,136
2025-09-30,HOSP_DMM_03,N95_Masks,17.5,62.62,0,None,115,136
2025-10-01,HOSP_DMM_03,N95_Masks,25.8,49.19,0,None,108,129
2025-10-02,HOSP_DMM_03,N95_Masks,22.3,42.95,0,None,121,143
2025-10-03,HOSP_DMM_03,N95_Masks,21.7,50.16,1,Sandstorm/Dust_Storm,160,222
2025-10-04,HOSP_DMM_03,N95_Masks,20.1,47.14,1,Sandstorm/Dust_Storm,147,206
2025-10-05,HOSP_DMM_03,N95_Masks,21.9,30.85,0,None,134,160
2025-10-06,HOSP_DMM_03,N95_Masks,19.9,58.56,0,None,132,158
2025-10-07,HOSP_DMM_03,N95_Masks,18.3,49.27,0,None,133,158
2025-10-08,HOSP_DMM_03,N95_Masks,24.4,51.79,0,None,119,142
2025-10-09,HOSP_DMM_03,N95_Masks,25.5,68.12,0,None,108,130
2025-10-10,HOSP_DMM_03,N95_Masks,20.0,49.47,0,None,120,144
2025-10-11,HOSP_DMM_03,N95_Masks,24.7,36.37,0,None,103,124
2025-10-12,HOSP_DMM_03,N95_Masks,24.4,43.55,0,None,127,152
2025-10-13,HOSP_DMM_03,N95_Masks,20.6,38.66,0,None,128,154
2025-10-14,HOSP_DMM_03,N95_Masks,17.3,46.09,0,None,117,140
2025-10-15,HOSP_DMM_03,N95_Masks,20.3,67.21,0,None,112,134
2025-10-16,HOSP_DMM_03,N95_Masks,21.7,54.76,0,None,135,161
2025-10-17,HOSP_DMM_03,N95_Masks,19.9,42.3,0,None,111,134
2025-10-18,HOSP_DMM_03,N95_Masks,17.1,48.69,0,None,125,151
2025-10-19,HOSP_DMM_03,N95_Masks,23.1,60.85,0,None,116,138
2025-10-20,HOSP_DMM_03,N95_Masks,20.6,60.24,0,None,135,161
2025-10-21,HOSP_DMM_03,N95_Masks,21.5,62.96,1,Sandstorm/Dust_Storm,164,226
2025-10-22,HOSP_DMM_03,N95_Masks,20.1,53.41,0,None,132,159
2025-10-23,HOSP_DMM_03,N95_Masks,23.1,59.59,0,None,155,188
2025-10-24,HOSP_DMM_03,N95_Masks,24.2,48.17,0,None,116,139
2025-10-25,HOSP_DMM_03,N95_Masks,30.1,42.83,0,None,113,136
2025-10-26,HOSP_DMM_03,N95_Masks,22.9,45.35,0,None,107,129
2025-10-27,HOSP_DMM_03,N95_Masks,15.9,47.34,0,None,152,183
2025-10-28,HOSP_DMM_03,N95_Masks,20.9,54.62,0,None,133,157
2025-10-29,HOSP_DMM_03,N95_Masks,24.9,42.51,0,None,122,146
2025-10-30,HOSP_DMM_03,N95_Masks,24.2,70.9,0,None,99,118
2025-10-31,HOSP_DMM_03,N95_Masks,22.9,56.41,0,None,101,121
2025-11-01,HOSP_DMM_03,N95_Masks,26.3,77.92,0,None,148,177
2025-11-02,HOSP_DMM_03,N95_Masks,16.6,84.31,0,None,149,180
2025-11-03,HOSP_DMM_03,N95_Masks,23.9,68.07,0,None,139,165
2025-11-04,HOSP_DMM_03,N95_Masks,23.5,94.77,0,None,138,165
2025-11-05,HOSP_DMM_03,N95_Masks,19.9,60.06,0,None,131,157
2025-11-06,HOSP_DMM_03,N95_Masks,23.0,85.23,0,None,153,184
2025-11-07,HOSP_DMM_03,N95_Masks,20.8,89.27,0,None,143,171
2025-11-08,HOSP_DMM_03,N95_Masks,17.4,75.86,0,None,143,172
2025-11-09,HOSP_DMM_03,N95_Masks,22.9,58.84,0,None,144,174
2025-11-10,HOSP_DMM_03,N95_Masks,15.4,75.71,0,None,140,169
2025-11-11,HOSP_DMM_03,N95_Masks,24.3,75.86,0,None,155,186
2025-11-12,HOSP_DMM_03,N95_Masks,21.0,87.84,0,None,150,179
2025-11-13,HOSP_DMM_03,N95_Masks,25.0,83.42,0,None,147,176
2025-11-14,HOSP_DMM_03,N95_Masks,16.3,84.8,0,None,162,195
2025-11-15,HOSP_DMM_03,N95_Masks,26.3,72.32,0,None,143,170
2025-11-16,HOSP_DMM_03,N95_Masks,19.0,78.83,0,None,140,169
2025-11-17,HOSP_DMM_03,N95_Masks,15.6,74.24,0,None,152,181
2025-11-18,HOSP_DMM_03,N95_Masks,22.9,60.41,1,Sandstorm/Dust_Storm,205,275
2025-11-19,HOSP_DMM_03,N95_Masks,20.0,62.4,0,None,143,172
2025-11-20,HOSP_DMM_03,N95_Masks,16.6,79.61,0,None,145,173
2025-11-21,HOSP_DMM_03,N95_Masks,25.2,70.4,0,None,151,183
2025-11-22,HOSP_DMM_03,N95_Masks,25.3,82.59,0,None,145,173
2025-11-23,HOSP_DMM_03,N95_Masks,18.3,77.1,0,None,171,205
2025-11-24,HOSP_DMM_03,N95_Masks,22.4,77.8,0,None,131,157
2025-11-25,HOSP_DMM_03,N95_Masks,15.9,75.69,0,None,146,175
2025-11-26,HOSP_DMM_03,N95_Masks,19.9,72.48,0,None,145,172
2025-11-27,HOSP_DMM_03,N95_Masks,19.0,63.49,0,None,126,151
2025-11-28,HOSP_DMM_03,N95_Masks,20.6,83.36,0,None,136,165
2025-11-29,HOSP_DMM_03,N95_Masks,22.3,76.84,0,None,128,152
2025-11-30,HOSP_DMM_03,N95_Masks,24.9,58.38,0,None,144,173
2025-12-01,HOSP_DMM_03,N95_Masks,22.7,64.3,0,None,134,161
2025-12-02,HOSP_DMM_03,N95_Masks,21.2,63.8,0,None,140,168
2025-12-03,HOSP_DMM_03,N95_Masks,21.1,75.37,0,None,158,188
2025-12-04,HOSP_DMM_03,N95_Masks,21.9,74.02,0,None,138,164
2025-12-05,HOSP_DMM_03,N95_Masks,22.9,65.92,0,None,133,161
2025-12-06,HOSP_DMM_03,N95_Masks,20.4,69.64,0,None,145,173
2025-12-07,HOSP_DMM_03,N95_Masks,21.0,86.29,0,None,133,161
2025-12-08,HOSP_DMM_03,N95_Masks,28.4,89.28,0,None,157,187
2025-12-09,HOSP_DMM_03,N95_Masks,23.3,42.63,0,None,150,179
2025-12-10,HOSP_DMM_03,N95_Masks,29.5,71.0,0,None,133,160
2025-12-11,HOSP_DMM_03,N95_Masks,21.5,78.77,0,None,167,200
2025-12-12,HOSP_DMM_03,N95_Masks,25.6,91.59,0,None,126,150
2025-12-13,HOSP_DMM_03,N95_Masks,22.7,80.63,0,None,140,167
2025-12-14,HOSP_DMM_03,N95_Masks,24.9,75.67,0,None,152,182
2025-12-15,HOSP_DMM_03,N95_Masks,26.8,92.47,0,None,133,158
2025-12-16,HOSP_DMM_03,N95_Masks,17.7,63.95,0,None,162,194
2025-12-17,HOSP_DMM_03,N95_Masks,27.7,81.62,0,None,151,182
2025-12-18,HOSP_DMM_03,N95_Masks,30.0,78.37,0,None,158,191
2025-12-19,HOSP_DMM_03,N95_Masks,27.3,71.25,0,None,176,211
2025-12-20,HOSP_DMM_03,N95_Masks,18.7,81.95,0,None,154,187
2025-12-21,HOSP_DMM_03,N95_Masks,21.9,80.28,0,None,170,203
2025-12-22,HOSP_DMM_03,N95_Masks,22.3,70.29,0,None,145,173
2025-12-23,HOSP_DMM_03,N95_Masks,28.9,60.5,0,None,146,175
2025-12-24,HOSP_DMM_03,N95_Masks,21.7,75.93,0,None,146,173
2025-12-25,HOSP_DMM_03,N95_Masks,28.6,70.71,0,None,148,176
2025-12-26,HOSP_DMM_03,N95_Masks,28.0,77.34,0,None,143,171
2025-12-27,HOSP_DMM_03,N95_Masks,24.0,84.47,0,None,136,162
2025-12-28,HOSP_DMM_03,N95_Masks,29.2,74.11,0,None,149,178
2025-12-29,HOSP_DMM_03,N95_Masks,21.5,69.75,0,None,111,133
2025-12-30,HOSP_DMM_03,N95_Masks,23.6,92.65,0,None,150,178
2025-12-31,HOSP_DMM_03,N95_Masks,20.8,77.93,0,None,136,164
2026-01-01,HOSP_DMM_03,N95_Masks,21.4,87.58,0,None,158,189
2024-01-01,HOSP_DMM_03,IV_Fluids,21.7,75.8,0,None,121,302
2024-01-02,HOSP_DMM_03,IV_Fluids,22.1,78.07,0,None,138,346
2024-01-03,HOSP_DMM_03,IV_Fluids,26.9,80.79,0,None,129,322
2024-01-04,HOSP_DMM_03,IV_Fluids,20.5,78.48,0,None,150,375
2024-01-05,HOSP_DMM_03,IV_Fluids,24.3,77.4,0,None,151,376
2024-01-06,HOSP_DMM_03,IV_Fluids,24.9,68.69,0,None,144,359
2024-01-07,HOSP_DMM_03,IV_Fluids,21.3,75.2,0,None,160,400
2024-01-08,HOSP_DMM_03,IV_Fluids,26.7,82.66,0,None,160,399
2024-01-09,HOSP_DMM_03,IV_Fluids,27.5,88.12,0,None,148,369
2024-01-10,HOSP_DMM_03,IV_Fluids,24.1,72.36,0,None,110,274
2024-01-11,HOSP_DMM_03,IV_Fluids,21.2,96.74,0,None,151,374
2024-01-12,HOSP_DMM_03,IV_Fluids,21.2,56.67,0,None,125,313
2024-01-13,HOSP_DMM_03,IV_Fluids,26.3,73.36,0,None,144,360
2024-01-14,HOSP_DMM_03,IV_Fluids,23.1,86.04,0,None,141,353
2024-01-15,HOSP_DMM_03,IV_Fluids,25.9,70.46,0,None,134,334
2024-01-16,HOSP_DMM_03,IV_Fluids,19.5,56.91,0,None,136,341
2024-01-17,HOSP_DMM_03,IV_Fluids,26.1,76.61,0,None,155,389
2024-01-18,HOSP_DMM_03,IV_Fluids,30.6,86.07,0,None,133,333
2024-01-19,HOSP_DMM_03,IV_Fluids,24.1,52.3,1,Sandstorm/Dust_Storm,196,490
2024-01-20,HOSP_DMM_03,IV_Fluids,17.4,70.59,0,None,143,356
2024-01-21,HOSP_DMM_03,IV_Fluids,22.9,70.37,0,None,139,347
2024-01-22,HOSP_DMM_03,IV_Fluids,27.3,70.44,0,None,152,378
2024-01-23,HOSP_DMM_03,IV_Fluids,23.1,76.06,0,None,152,379
2024-01-24,HOSP_DMM_03,IV_Fluids,19.9,67.12,0,None,139,347
2024-01-25,HOSP_DMM_03,IV_Fluids,25.2,84.89,0,None,130,324
2024-01-26,HOSP_DMM_03,IV_Fluids,27.7,89.4,0,None,158,396
2024-01-27,HOSP_DMM_03,IV_Fluids,21.0,75.61,0,None,155,387
2024-01-28,HOSP_DMM_03,IV_Fluids,22.2,70.04,0,None,138,343
2024-01-29,HOSP_DMM_03,IV_Fluids,22.5,86.22,0,None,138,345
2024-01-30,HOSP_DMM_03,IV_Fluids,21.8,63.75,0,None,141,351
2024-01-31,HOSP_DMM_03,IV_Fluids,23.4,79.03,1,Sandstorm/Dust_Storm,179,446
2024-02-01,HOSP_DMM_03,IV_Fluids,27.3,59.79,0,None,149,371
2024-02-02,HOSP_DMM_03,IV_Fluids,13.0,77.03,0,None,141,354
2024-02-03,HOSP_DMM_03,IV_Fluids,23.2,70.04,0,None,122,303
2024-02-04,HOSP_DMM_03,IV_Fluids,24.9,70.29,0,None,168,420
2024-02-05,HOSP_DMM_03,IV_Fluids,21.4,75.39,0,None,142,356
2024-02-06,HOSP_DMM_03,IV_Fluids,27.6,71.47,0,None,154,385
2024-02-07,HOSP_DMM_03,IV_Fluids,28.5,74.4,0,None,137,343
2024-02-08,HOSP_DMM_03,IV_Fluids,21.9,64.98,0,None,134,335
2024-02-09,HOSP_DMM_03,IV_Fluids,29.3,83.66,0,None,135,337
2024-02-10,HOSP_DMM_03,IV_Fluids,22.1,85.78,0,None,127,315
2024-02-11,HOSP_DMM_03,IV_Fluids,26.2,65.49,0,None,151,377
2024-02-12,HOSP_DMM_03,IV_Fluids,23.7,75.25,0,None,127,316
2024-02-13,HOSP_DMM_03,IV_Fluids,18.5,62.03,0,None,124,311
2024-02-14,HOSP_DMM_03,IV_Fluids,20.7,90.49,1,Sandstorm/Dust_Storm,185,462
2024-02-15,HOSP_DMM_03,IV_Fluids,29.8,68.64,0,None,152,380
2024-02-16,HOSP_DMM_03,IV_Fluids,16.8,81.42,0,None,174,435
2024-02-17,HOSP_DMM_03,IV_Fluids,24.4,75.36,0,None,169,423
2024-02-18,HOSP_DMM_03,IV_Fluids,17.2,85.13,0,None,142,355
2024-02-19,HOSP_DMM_03,IV_Fluids,30.4,70.42,0,None,140,349
2024-02-20,HOSP_DMM_03,IV_Fluids,22.2,70.2,0,None,144,361
2024-02-21,HOSP_DMM_03,IV_Fluids,20.6,76.27,0,None,148,368
2024-02-22,HOSP_DMM_03,IV_Fluids,19.7,88.26,0,None,149,371
2024-02-23,HOSP_DMM_03,IV_Fluids,23.7,76.52,0,None,167,418
2024-02-24,HOSP_DMM_03,IV_Fluids,17.6,79.48,0,None,155,387
2024-02-25,HOSP_DMM_03,IV_Fluids,22.0,88.59,0,None,145,362
2024-02-26,HOSP_DMM_03,IV_Fluids,23.7,93.75,0,None,140,347
2024-02-27,HOSP_DMM_03,IV_Fluids,28.9,67.44,0,None,143,357
2024-02-28,HOSP_DMM_03,IV_Fluids,29.8,69.4,0,None,156,389
2024-02-29,HOSP_DMM_03,IV_Fluids,25.3,55.1,0,None,158,397
2024-03-01,HOSP_DMM_03,IV_Fluids,22.3,43.16,0,None,100,248
2024-03-02,HOSP_DMM_03,IV_Fluids,19.7,42.32,0,None,108,270
2024-03-03,HOSP_DMM_03,IV_Fluids,22.0,73.9,0,None,110,274
2024-03-04,HOSP_DMM_03,IV_Fluids,25.6,61.53,0,None,112,278
2024-03-05,HOSP_DMM_03,IV_Fluids,31.3,54.57,0,None,118,293
2024-03-06,HOSP_DMM_03,IV_Fluids,28.3,50.38,0,None,137,342
2024-03-07,HOSP_DMM_03,IV_Fluids,18.8,52.32,0,None,114,284
2024-03-08,HOSP_DMM_03,IV_Fluids,23.5,45.4,0,None,125,313
2024-03-09,HOSP_DMM_03,IV_Fluids,21.8,57.36,0,None,111,277
2024-03-10,HOSP_DMM_03,IV_Fluids,28.7,42.37,0,None,112,280
2024-03-11,HOSP_DMM_03,IV_Fluids,23.1,46.44,0,None,136,338
2024-03-12,HOSP_DMM_03,IV_Fluids,21.3,47.62,0,None,110,275
2024-03-13,HOSP_DMM_03,IV_Fluids,24.3,40.2,0,None,107,267
2024-03-14,HOSP_DMM_03,IV_Fluids,21.9,48.96,0,None,124,309
2024-03-15,HOSP_DMM_03,IV_Fluids,21.6,63.16,0,None,132,328
2024-03-16,HOSP_DMM_03,IV_Fluids,16.3,70.79,0,None,114,286
2024-03-17,HOSP_DMM_03,IV_Fluids,23.5,44.54,0,None,138,345
2024-03-18,HOSP_DMM_03,IV_Fluids,25.1,47.13,0,None,112,280
2024-03-19,HOSP_DMM_03,IV_Fluids,13.7,45.44,0,None,121,301
2024-03-20,HOSP_DMM_03,IV_Fluids,27.5,49.24,0,None,146,366
2024-03-21,HOSP_DMM_03,IV_Fluids,30.2,55.91,0,None,124,309
2024-03-22,HOSP_DMM_03,IV_Fluids,26.7,51.56,0,None,137,339
2024-03-23,HOSP_DMM_03,IV_Fluids,22.6,73.4,0,None,120,299
2024-03-24,HOSP_DMM_03,IV_Fluids,25.2,30.34,0,None,121,300
2024-03-25,HOSP_DMM_03,IV_Fluids,12.8,59.31,0,None,99,247
2024-03-26,HOSP_DMM_03,IV_Fluids,28.7,33.87,0,None,120,300
2024-03-27,HOSP_DMM_03,IV_Fluids,18.8,56.04,0,None,126,316
2024-03-28,HOSP_DMM_03,IV_Fluids,23.4,65.28,0,None,142,355
2024-03-29,HOSP_DMM_03,IV_Fluids,28.0,44.49,0,None,136,339
2024-03-30,HOSP_DMM_03,IV_Fluids,20.6,60.9,0,None,127,317
2024-03-31,HOSP_DMM_03,IV_Fluids,25.4,53.18,0,None,133,332
2024-04-01,HOSP_DMM_03,IV_Fluids,18.2,55.69,0,None,125,312
2024-04-02,HOSP_DMM_03,IV_Fluids,26.7,43.94,0,None,120,300
2024-04-03,HOSP_DMM_03,IV_Fluids,18.6,54.32,1,Sandstorm/Dust_Storm,165,411
2024-04-04,HOSP_DMM_03,IV_Fluids,19.3,33.29,0,None,124,310
2024-04-05,HOSP_DMM_03,IV_Fluids,21.1,70.63,0,None,111,278
2024-04-06,HOSP_DMM_03,IV_Fluids,20.1,53.41,0,None,101,252
2024-04-07,HOSP_DMM_03,IV_Fluids,14.8,46.43,0,None,108,270
2024-04-08,HOSP_DMM_03,IV_Fluids,27.2,50.02,0,None,103,257
2024-04-09,HOSP_DMM_03,IV_Fluids,21.0,61.69,0,None,101,252
2024-04-10,HOSP_DMM_03,IV_Fluids,16.8,61.53,0,None,123,306
2024-04-11,HOSP_DMM_03,IV_Fluids,26.0,55.96,0,None,115,289
2024-04-12,HOSP_DMM_03,IV_Fluids,11.9,43.29,0,None,112,279
2024-04-13,HOSP_DMM_03,IV_Fluids,21.1,56.94,0,None,125,313
2024-04-14,HOSP_DMM_03,IV_Fluids,20.9,39.2,0,None,129,323
2024-04-15,HOSP_DMM_03,IV_Fluids,23.4,37.23,0,None,98,245
2024-04-16,HOSP_DMM_03,IV_Fluids,28.1,44.3,0,None,128,321
2024-04-17,HOSP_DMM_03,IV_Fluids,19.4,66.65,0,None,109,273
2024-04-18,HOSP_DMM_03,IV_Fluids,24.4,58.2,0,None,112,280
2024-04-19,HOSP_DMM_03,IV_Fluids,17.6,52.09,0,None,119,298
2024-04-20,HOSP_DMM_03,IV_Fluids,20.6,40.62,0,None,121,301
2024-04-21,HOSP_DMM_03,IV_Fluids,21.8,53.12,0,None,117,293
2024-04-22,HOSP_DMM_03,IV_Fluids,32.8,56.53,0,None,125,313
2024-04-23,HOSP_DMM_03,IV_Fluids,25.4,35.67,0,None,123,309
2024-04-24,HOSP_DMM_03,IV_Fluids,19.7,55.07,0,None,131,327
2024-04-25,HOSP_DMM_03,IV_Fluids,19.8,45.73,0,None,128,319
2024-04-26,HOSP_DMM_03,IV_Fluids,17.3,44.4,0,None,148,369
2024-04-27,HOSP_DMM_03,IV_Fluids,21.4,49.25,0,None,119,297
2024-04-28,HOSP_DMM_03,IV_Fluids,24.2,48.5,0,None,112,279
2024-04-29,HOSP_DMM_03,IV_Fluids,15.7,47.45,0,None,126,315
2024-04-30,HOSP_DMM_03,IV_Fluids,21.6,51.71,1,Sandstorm/Dust_Storm,152,380
2024-05-01,HOSP_DMM_03,IV_Fluids,22.8,70.42,0,None,101,253
2024-05-02,HOSP_DMM_03,IV_Fluids,20.9,55.87,0,None,113,283
2024-05-03,HOSP_DMM_03,IV_Fluids,21.9,42.29,0,None,110,275
2024-05-04,HOSP_DMM_03,IV_Fluids,28.0,49.76,0,None,87,216
2024-05-05,HOSP_DMM_03,IV_Fluids,22.7,49.57,0,None,131,326
2024-05-06,HOSP_DMM_03,IV_Fluids,28.1,39.6,0,None,128,317
2024-05-07,HOSP_DMM_03,IV_Fluids,20.8,45.84,0,None,140,349
2024-05-08,HOSP_DMM_03,IV_Fluids,20.3,55.09,0,None,123,309
2024-05-09,HOSP_DMM_03,IV_Fluids,25.4,35.52,0,None,121,302
2024-05-10,HOSP_DMM_03,IV_Fluids,23.6,50.26,0,None,115,288
2024-05-11,HOSP_DMM_03,IV_Fluids,20.7,49.13,0,None,118,294
2024-05-12,HOSP_DMM_03,IV_Fluids,23.9,58.0,0,None,116,291
2024-05-13,HOSP_DMM_03,IV_Fluids,16.3,58.63,0,None,100,250
2024-05-14,HOSP_DMM_03,IV_Fluids,14.6,41.68,1,Sandstorm/Dust_Storm,160,401
2024-05-15,HOSP_DMM_03,IV_Fluids,25.1,43.06,0,None,106,263
2024-05-16,HOSP_DMM_03,IV_Fluids,16.4,64.17,0,None,117,294
2024-05-17,HOSP_DMM_03,IV_Fluids,16.9,53.68,0,None,109,272
2024-05-18,HOSP_DMM_03,IV_Fluids,26.4,42.42,0,None,122,305
2024-05-19,HOSP_DMM_03,IV_Fluids,25.0,46.24,0,None,111,276
2024-05-20,HOSP_DMM_03,IV_Fluids,27.1,51.47,0,None,126,316
2024-05-21,HOSP_DMM_03,IV_Fluids,19.2,55.88,0,None,126,313
2024-05-22,HOSP_DMM_03,IV_Fluids,23.9,51.57,0,None,107,267
2024-05-23,HOSP_DMM_03,IV_Fluids,17.9,45.8,0,None,140,350
2024-05-24,HOSP_DMM_03,IV_Fluids,23.1,54.88,0,None,119,297
2024-05-25,HOSP_DMM_03,IV_Fluids,19.2,57.31,0,None,114,286
2024-05-26,HOSP_DMM_03,IV_Fluids,28.6,52.45,0,None,101,251
2024-05-27,HOSP_DMM_03,IV_Fluids,27.7,54.74,0,None,137,341
2024-05-28,HOSP_DMM_03,IV_Fluids,20.0,59.57,0,None,130,324
2024-05-29,HOSP_DMM_03,IV_Fluids,22.8,74.35,0,None,137,342
2024-05-30,HOSP_DMM_03,IV_Fluids,22.6,45.24,0,None,118,295
2024-05-31,HOSP_DMM_03,IV_Fluids,23.5,22.58,0,None,125,313
2024-06-01,HOSP_DMM_03,IV_Fluids,36.3,49.51,0,None,122,304
2024-06-02,HOSP_DMM_03,IV_Fluids,38.3,55.97,0,None,125,312
2024-06-03,HOSP_DMM_03,IV_Fluids,33.7,46.09,0,None,115,289
2024-06-04,HOSP_DMM_03,IV_Fluids,36.3,40.82,0,None,133,332
2024-06-05,HOSP_DMM_03,IV_Fluids,44.4,25.44,0,None,121,304
2024-06-06,HOSP_DMM_03,IV_Fluids,41.5,35.06,0,None,118,293
2024-06-07,HOSP_DMM_03,IV_Fluids,36.7,40.05,0,None,121,303
2024-06-08,HOSP_DMM_03,IV_Fluids,41.5,33.86,0,None,116,290
2024-06-09,HOSP_DMM_03,IV_Fluids,31.5,48.8,0,None,109,272
2024-06-10,HOSP_DMM_03,IV_Fluids,36.0,60.01,0,None,104,259
2024-06-11,HOSP_DMM_03,IV_Fluids,42.3,38.58,0,None,126,313
2024-06-12,HOSP_DMM_03,IV_Fluids,39.4,46.52,0,None,122,303
2024-06-13,HOSP_DMM_03,IV_Fluids,36.6,50.41,0,None,120,299
2024-06-14,HOSP_DMM_03,IV_Fluids,42.5,69.31,0,None,122,306
2024-06-15,HOSP_DMM_03,IV_Fluids,39.0,54.36,0,None,124,310
2024-06-16,HOSP_DMM_03,IV_Fluids,40.3,63.89,0,None,137,341
2024-06-17,HOSP_DMM_03,IV_Fluids,42.4,40.13,0,None,128,319
2024-06-18,HOSP_DMM_03,IV_Fluids,31.6,40.1,0,None,121,303
2024-06-19,HOSP_DMM_03,IV_Fluids,37.7,55.43,0,None,112,280
2024-06-20,HOSP_DMM_03,IV_Fluids,38.2,65.83,0,None,127,318
2024-06-21,HOSP_DMM_03,IV_Fluids,32.3,40.09,0,None,120,299
2024-06-22,HOSP_DMM_03,IV_Fluids,42.1,37.43,0,None,128,320
2024-06-23,HOSP_DMM_03,IV_Fluids,33.3,37.05,0,None,121,304
2024-06-24,HOSP_DMM_03,IV_Fluids,34.3,68.21,1,Sandstorm/Dust_Storm,161,401
2024-06-25,HOSP_DMM_03,IV_Fluids,35.2,56.53,0,None,126,315
2024-06-26,HOSP_DMM_03,IV_Fluids,35.5,45.76,0,None,121,304
2024-06-27,HOSP_DMM_03,IV_Fluids,36.4,44.07,0,None,123,309
2024-06-28,HOSP_DMM_03,IV_Fluids,32.7,50.34,0,None,117,292
2024-06-29,HOSP_DMM_03,IV_Fluids,35.0,70.99,0,None,120,301
2024-06-30,HOSP_DMM_03,IV_Fluids,39.3,60.59,0,None,109,270
2024-07-01,HOSP_DMM_03,IV_Fluids,42.3,38.2,0,None,126,314
2024-07-02,HOSP_DMM_03,IV_Fluids,37.2,38.94,1,Sandstorm/Dust_Storm,160,400
2024-07-03,HOSP_DMM_03,IV_Fluids,40.3,61.55,0,None,137,341
2024-07-04,HOSP_DMM_03,IV_Fluids,40.1,52.92,0,None,123,308
2024-07-05,HOSP_DMM_03,IV_Fluids,42.5,46.08,1,Heatwave,161,462
2024-07-06,HOSP_DMM_03,IV_Fluids,30.3,35.15,0,None,123,307
2024-07-07,HOSP_DMM_03,IV_Fluids,35.9,46.72,0,None,126,315
2024-07-08,HOSP_DMM_03,IV_Fluids,41.6,32.77,0,None,89,221
2024-07-09,HOSP_DMM_03,IV_Fluids,39.6,46.56,0,None,141,351
2024-07-10,HOSP_DMM_03,IV_Fluids,35.4,50.42,0,None,120,298
2024-07-11,HOSP_DMM_03,IV_Fluids,44.0,51.29,0,None,102,253
2024-07-12,HOSP_DMM_03,IV_Fluids,40.8,35.27,0,None,107,266
2024-07-13,HOSP_DMM_03,IV_Fluids,40.4,57.78,0,None,113,283
2024-07-14,HOSP_DMM_03,IV_Fluids,35.2,51.69,0,None,112,281
2024-07-15,HOSP_DMM_03,IV_Fluids,45.8,56.0,0,None,128,319
2024-07-16,HOSP_DMM_03,IV_Fluids,27.9,53.92,0,None,100,250
2024-07-17,HOSP_DMM_03,IV_Fluids,40.0,45.41,0,None,122,304
2024-07-18,HOSP_DMM_03,IV_Fluids,36.7,49.47,0,None,113,283
2024-07-19,HOSP_DMM_03,IV_Fluids,36.3,46.33,0,None,112,281
2024-07-20,HOSP_DMM_03,IV_Fluids,32.7,61.37,0,None,136,339
2024-07-21,HOSP_DMM_03,IV_Fluids,36.8,44.38,0,None,109,272
2024-07-22,HOSP_DMM_03,IV_Fluids,27.4,54.69,0,None,118,295
2024-07-23,HOSP_DMM_03,IV_Fluids,37.8,37.55,0,None,135,338
2024-07-24,HOSP_DMM_03,IV_Fluids,34.8,50.2,0,None,128,320
2024-07-25,HOSP_DMM_03,IV_Fluids,34.3,43.36,0,None,100,250
2024-07-26,HOSP_DMM_03,IV_Fluids,34.1,65.23,0,None,111,280
2024-07-27,HOSP_DMM_03,IV_Fluids,38.8,63.77,0,None,125,312
2024-07-28,HOSP_DMM_03,IV_Fluids,34.8,41.28,0,None,108,269
2024-07-29,HOSP_DMM_03,IV_Fluids,36.6,54.69,0,None,112,281
2024-07-30,HOSP_DMM_03,IV_Fluids,43.7,55.15,0,None,107,266
2024-07-31,HOSP_DMM_03,IV_Fluids,37.3,46.87,0,None,125,313
2024-08-01,HOSP_DMM_03,IV_Fluids,37.8,54.94,0,None,122,304
2024-08-02,HOSP_DMM_03,IV_Fluids,39.7,45.61,0,None,109,271
2024-08-03,HOSP_DMM_03,IV_Fluids,33.8,45.45,0,None,108,268
2024-08-04,HOSP_DMM_03,IV_Fluids,41.6,41.76,0,None,122,304
2024-08-05,HOSP_DMM_03,IV_Fluids,47.1,51.96,0,None,123,306
2024-08-06,HOSP_DMM_03,IV_Fluids,32.9,39.24,0,None,118,295
2024-08-07,HOSP_DMM_03,IV_Fluids,34.3,50.67,1,Sandstorm/Dust_Storm,153,383
2024-08-08,HOSP_DMM_03,IV_Fluids,33.6,62.38,0,None,140,349
2024-08-09,HOSP_DMM_03,IV_Fluids,38.5,53.0,0,None,124,310
2024-08-10,HOSP_DMM_03,IV_Fluids,43.4,50.1,0,None,124,311
2024-08-11,HOSP_DMM_03,IV_Fluids,37.6,41.38,0,None,122,304
2024-08-12,HOSP_DMM_03,IV_Fluids,39.0,68.27,0,None,115,287
2024-08-13,HOSP_DMM_03,IV_Fluids,45.9,47.64,0,None,131,327
2024-08-14,HOSP_DMM_03,IV_Fluids,40.2,41.91,0,None,143,356
2024-08-15,HOSP_DMM_03,IV_Fluids,36.3,55.79,0,None,126,313
2024-08-16,HOSP_DMM_03,IV_Fluids,42.4,52.34,0,None,123,308
2024-08-17,HOSP_DMM_03,IV_Fluids,32.0,53.48,0,None,133,333
2024-08-18,HOSP_DMM_03,IV_Fluids,38.4,46.07,0,None,136,340
2024-08-19,HOSP_DMM_03,IV_Fluids,38.9,56.49,0,None,113,282
2024-08-20,HOSP_DMM_03,IV_Fluids,39.8,47.27,0,None,112,279
2024-08-21,HOSP_DMM_03,IV_Fluids,37.2,71.18,0,None,126,313
2024-08-22,HOSP_DMM_03,IV_Fluids,33.4,62.08,0,None,110,275
2024-08-23,HOSP_DMM_03,IV_Fluids,38.9,65.7,0,None,106,264
2024-08-24,HOSP_DMM_03,IV_Fluids,35.4,55.13,0,None,119,299
2024-08-25,HOSP_DMM_03,IV_Fluids,37.7,60.33,0,None,115,287
2024-08-26,HOSP_DMM_03,IV_Fluids,45.0,49.69,0,None,122,305
2024-08-27,HOSP_DMM_03,IV_Fluids,42.8,50.03,0,None,95,236
2024-08-28,HOSP_DMM_03,IV_Fluids,30.9,55.58,0,None,124,311
2024-08-29,HOSP_DMM_03,IV_Fluids,41.4,52.14,0,None,136,338
2024-08-30,HOSP_DMM_03,IV_Fluids,40.0,41.97,0,None,122,304
2024-08-31,HOSP_DMM_03,IV_Fluids,41.3,74.31,0,None,120,300
2024-09-01,HOSP_DMM_03,IV_Fluids,20.9,44.32,0,None,114,287
2024-09-02,HOSP_DMM_03,IV_Fluids,12.9,57.62,0,None,120,299
2024-09-03,HOSP_DMM_03,IV_Fluids,29.6,53.33,0,None,121,301
2024-09-04,HOSP_DMM_03,IV_Fluids,27.4,56.53,0,None,132,328
2024-09-05,HOSP_DMM_03,IV_Fluids,17.3,32.43,0,None,132,328
2024-09-06,HOSP_DMM_03,IV_Fluids,26.7,53.05,0,None,120,300
2024-09-07,HOSP_DMM_03,IV_Fluids,31.8,44.92,0,None,108,270
2024-09-08,HOSP_DMM_03,IV_Fluids,26.3,46.93,0,None,118,293
2024-09-09,HOSP_DMM_03,IV_Fluids,27.3,38.32,0,None,102,256
2024-09-10,HOSP_DMM_03,IV_Fluids,21.3,58.06,1,Sandstorm/Dust_Storm,152,381
2024-09-11,HOSP_DMM_03,IV_Fluids,30.3,50.63,0,None,116,288
2024-09-12,HOSP_DMM_03,IV_Fluids,24.0,48.83,0,None,95,237
2024-09-13,HOSP_DMM_03,IV_Fluids,30.7,50.14,0,None,123,306
2024-09-14,HOSP_DMM_03,IV_Fluids,22.9,49.91,0,None,129,323
2024-09-15,HOSP_DMM_03,IV_Fluids,21.0,61.66,0,None,112,278
2024-09-16,HOSP_DMM_03,IV_Fluids,22.0,47.02,0,None,120,298
2024-09-17,HOSP_DMM_03,IV_Fluids,21.0,49.27,0,None,108,269
2024-09-18,HOSP_DMM_03,IV_Fluids,20.3,59.91,0,None,135,337
2024-09-19,HOSP_DMM_03,IV_Fluids,16.2,48.45,0,None,114,284
2024-09-20,HOSP_DMM_03,IV_Fluids,22.4,63.13,0,None,101,251
2024-09-21,HOSP_DMM_03,IV_Fluids,16.3,41.03,0,None,120,299
2024-09-22,HOSP_DMM_03,IV_Fluids,26.8,47.98,0,None,98,246
2024-09-23,HOSP_DMM_03,IV_Fluids,21.1,46.39,0,None,122,306
2024-09-24,HOSP_DMM_03,IV_Fluids,26.8,43.05,0,None,111,277
2024-09-25,HOSP_DMM_03,IV_Fluids,23.2,56.7,0,None,85,213
2024-09-26,HOSP_DMM_03,IV_Fluids,22.1,35.34,0,None,140,350
2024-09-27,HOSP_DMM_03,IV_Fluids,18.6,52.17,0,None,130,322
2024-09-28,HOSP_DMM_03,IV_Fluids,30.3,46.99,0,None,123,307
2024-09-29,HOSP_DMM_03,IV_Fluids,30.4,28.8,0,None,117,293
2024-09-30,HOSP_DMM_03,IV_Fluids,21.4,59.75,0,None,126,313
2024-10-01,HOSP_DMM_03,IV_Fluids,14.2,35.19,0,None,111,277
2024-10-02,HOSP_DMM_03,IV_Fluids,27.2,58.34,0,None,111,277
2024-10-03,HOSP_DMM_03,IV_Fluids,19.2,63.29,0,None,134,333
2024-10-04,HOSP_DMM_03,IV_Fluids,21.9,46.45,0,None,123,306
2024-10-05,HOSP_DMM_03,IV_Fluids,28.4,74.79,0,None,114,285
2024-10-06,HOSP_DMM_03,IV_Fluids,25.6,30.45,0,None,120,299
2024-10-07,HOSP_DMM_03,IV_Fluids,19.1,58.11,0,None,127,318
2024-10-08,HOSP_DMM_03,IV_Fluids,20.4,40.16,0,None,132,330
2024-10-09,HOSP_DMM_03,IV_Fluids,19.6,28.58,0,None,101,251
2024-10-10,HOSP_DMM_03,IV_Fluids,27.3,47.49,0,None,125,312
2024-10-11,HOSP_DMM_03,IV_Fluids,29.7,57.06,0,None,141,354
2024-10-12,HOSP_DMM_03,IV_Fluids,21.0,49.09,0,None,114,284
2024-10-13,HOSP_DMM_03,IV_Fluids,22.9,54.38,0,None,114,285
2024-10-14,HOSP_DMM_03,IV_Fluids,28.1,31.16,0,None,138,343
2024-10-15,HOSP_DMM_03,IV_Fluids,23.4,42.11,1,Sandstorm/Dust_Storm,153,383
2024-10-16,HOSP_DMM_03,IV_Fluids,21.4,47.78,0,None,140,348
2024-10-17,HOSP_DMM_03,IV_Fluids,21.2,46.54,0,None,136,340
2024-10-18,HOSP_DMM_03,IV_Fluids,21.3,43.34,0,None,144,360
2024-10-19,HOSP_DMM_03,IV_Fluids,26.1,56.13,0,None,110,275
2024-10-20,HOSP_DMM_03,IV_Fluids,23.8,43.1,1,Sandstorm/Dust_Storm,164,409
2024-10-21,HOSP_DMM_03,IV_Fluids,18.4,60.29,0,None,131,327
2024-10-22,HOSP_DMM_03,IV_Fluids,29.9,52.88,0,None,112,279
2024-10-23,HOSP_DMM_03,IV_Fluids,26.4,47.85,0,None,132,330
2024-10-24,HOSP_DMM_03,IV_Fluids,21.4,49.39,0,None,143,357
2024-10-25,HOSP_DMM_03,IV_Fluids,24.3,45.06,0,None,118,295
2024-10-26,HOSP_DMM_03,IV_Fluids,22.1,56.26,0,None,116,290
2024-10-27,HOSP_DMM_03,IV_Fluids,26.6,36.11,0,None,124,309
2024-10-28,HOSP_DMM_03,IV_Fluids,18.1,71.8,1,Sandstorm/Dust_Storm,165,411
2024-10-29,HOSP_DMM_03,IV_Fluids,24.1,43.6,0,None,125,312
2024-10-30,HOSP_DMM_03,IV_Fluids,26.3,49.81,0,None,130,324
2024-10-31,HOSP_DMM_03,IV_Fluids,18.2,54.87,0,None,97,241
2024-11-01,HOSP_DMM_03,IV_Fluids,25.2,71.58,0,None,137,341
2024-11-02,HOSP_DMM_03,IV_Fluids,24.9,65.48,0,None,149,370
2024-11-03,HOSP_DMM_03,IV_Fluids,22.9,77.92,1,Sandstorm/Dust_Storm,189,472
2024-11-04,HOSP_DMM_03,IV_Fluids,16.4,62.09,0,None,141,353
2024-11-05,HOSP_DMM_03,IV_Fluids,23.5,74.4,0,None,140,349
2024-11-06,HOSP_DMM_03,IV_Fluids,28.3,72.86,0,None,168,418
2024-11-07,HOSP_DMM_03,IV_Fluids,19.8,66.28,0,None,146,364
2024-11-08,HOSP_DMM_03,IV_Fluids,26.2,80.59,0,None,139,347
2024-11-09,HOSP_DMM_03,IV_Fluids,26.4,76.19,0,None,156,388
2024-11-10,HOSP_DMM_03,IV_Fluids,24.4,62.25,0,None,130,326
2024-11-11,HOSP_DMM_03,IV_Fluids,23.3,58.13,0,None,162,404
2024-11-12,HOSP_DMM_03,IV_Fluids,19.9,81.86,0,None,150,375
2024-11-13,HOSP_DMM_03,IV_Fluids,27.0,76.63,0,None,149,372
2024-11-14,HOSP_DMM_03,IV_Fluids,24.9,77.85,0,None,132,330
2024-11-15,HOSP_DMM_03,IV_Fluids,20.2,80.88,0,None,157,393
2024-11-16,HOSP_DMM_03,IV_Fluids,24.7,106.83,0,None,150,374
2024-11-17,HOSP_DMM_03,IV_Fluids,22.2,58.26,0,None,144,358
2024-11-18,HOSP_DMM_03,IV_Fluids,20.2,80.92,0,None,163,407
2024-11-19,HOSP_DMM_03,IV_Fluids,29.7,64.49,0,None,139,347
2024-11-20,HOSP_DMM_03,IV_Fluids,18.6,66.8,0,None,166,415
2024-11-21,HOSP_DMM_03,IV_Fluids,26.7,74.18,0,None,140,349
2024-11-22,HOSP_DMM_03,IV_Fluids,20.2,78.56,0,None,141,353
2024-11-23,HOSP_DMM_03,IV_Fluids,19.3,67.23,0,None,146,364
2024-11-24,HOSP_DMM_03,IV_Fluids,23.6,80.5,0,None,136,340
2024-11-25,HOSP_DMM_03,IV_Fluids,19.6,79.63,0,None,153,383
2024-11-26,HOSP_DMM_03,IV_Fluids,27.3,83.38,0,None,168,420
2024-11-27,HOSP_DMM_03,IV_Fluids,23.5,60.53,0,None,142,355
2024-11-28,HOSP_DMM_03,IV_Fluids,25.2,71.79,0,None,160,399
2024-11-29,HOSP_DMM_03,IV_Fluids,20.4,60.09,0,None,163,408
2024-11-30,HOSP_DMM_03,IV_Fluids,26.7,81.39,1,Sandstorm/Dust_Storm,174,434
2024-12-01,HOSP_DMM_03,IV_Fluids,29.4,80.58,0,None,136,340
2024-12-02,HOSP_DMM_03,IV_Fluids,21.2,91.31,0,None,152,379
2024-12-03,HOSP_DMM_03,IV_Fluids,24.4,82.13,0,None,144,359
2024-12-04,HOSP_DMM_03,IV_Fluids,27.8,71.67,0,None,152,381
2024-12-05,HOSP_DMM_03,IV_Fluids,22.2,86.75,0,None,156,389
2024-12-06,HOSP_DMM_03,IV_Fluids,16.9,86.94,0,None,140,348
2024-12-07,HOSP_DMM_03,IV_Fluids,21.5,67.26,0,None,130,325
2024-12-08,HOSP_DMM_03,IV_Fluids,21.9,74.2,0,None,143,356
2024-12-09,HOSP_DMM_03,IV_Fluids,29.3,78.57,0,None,138,345
2024-12-10,HOSP_DMM_03,IV_Fluids,17.4,61.89,0,None,150,375
2024-12-11,HOSP_DMM_03,IV_Fluids,18.5,76.07,1,Sandstorm/Dust_Storm,179,448
2024-12-12,HOSP_DMM_03,IV_Fluids,21.0,72.97,0,None,139,347
2024-12-13,HOSP_DMM_03,IV_Fluids,24.1,89.08,0,None,129,321
2024-12-14,HOSP_DMM_03,IV_Fluids,30.8,77.89,0,None,141,353
2024-12-15,HOSP_DMM_03,IV_Fluids,22.5,78.6,0,None,153,383
2024-12-16,HOSP_DMM_03,IV_Fluids,22.0,68.69,0,None,133,332
2024-12-17,HOSP_DMM_03,IV_Fluids,24.2,55.09,0,None,160,400
2024-12-18,HOSP_DMM_03,IV_Fluids,11.3,71.55,0,None,145,362
2024-12-19,HOSP_DMM_03,IV_Fluids,27.9,76.51,0,None,133,332
2024-12-20,HOSP_DMM_03,IV_Fluids,27.3,67.32,0,None,143,358
2024-12-21,HOSP_DMM_03,IV_Fluids,27.8,80.71,0,None,148,369
2024-12-22,HOSP_DMM_03,IV_Fluids,25.0,68.56,0,None,150,375
2024-12-23,HOSP_DMM_03,IV_Fluids,24.8,72.62,1,Sandstorm/Dust_Storm,175,437
2024-12-24,HOSP_DMM_03,IV_Fluids,28.0,69.53,0,None,126,314
2024-12-25,HOSP_DMM_03,IV_Fluids,33.8,52.51,0,None,161,403
2024-12-26,HOSP_DMM_03,IV_Fluids,20.1,76.66,0,None,147,367
2024-12-27,HOSP_DMM_03,IV_Fluids,24.8,79.78,1,Sandstorm/Dust_Storm,196,490
2024-12-28,HOSP_DMM_03,IV_Fluids,14.0,84.39,0,None,145,360
2024-12-29,HOSP_DMM_03,IV_Fluids,18.9,71.22,0,None,143,355
2024-12-30,HOSP_DMM_03,IV_Fluids,25.6,70.14,0,None,137,342
2024-12-31,HOSP_DMM_03,IV_Fluids,25.1,76.6,0,None,131,328
2025-01-01,HOSP_DMM_03,IV_Fluids,24.9,71.96,0,None,148,368
2025-01-02,HOSP_DMM_03,IV_Fluids,25.1,72.44,0,None,129,322
2025-01-03,HOSP_DMM_03,IV_Fluids,29.3,81.23,0,None,132,330
2025-01-04,HOSP_DMM_03,IV_Fluids,25.6,72.63,0,None,155,386
2025-01-05,HOSP_DMM_03,IV_Fluids,19.5,73.94,0,None,154,384
2025-01-06,HOSP_DMM_03,IV_Fluids,20.5,55.38,0,None,127,318
2025-01-07,HOSP_DMM_03,IV_Fluids,21.6,70.4,0,None,122,304
2025-01-08,HOSP_DMM_03,IV_Fluids,24.4,74.03,0,None,152,377
2025-01-09,HOSP_DMM_03,IV_Fluids,24.4,80.41,0,None,133,331
2025-01-10,HOSP_DMM_03,IV_Fluids,30.1,81.07,0,None,148,369
2025-01-11,HOSP_DMM_03,IV_Fluids,24.5,70.23,0,None,119,299
2025-01-12,HOSP_DMM_03,IV_Fluids,20.1,90.46,0,None,124,309
2025-01-13,HOSP_DMM_03,IV_Fluids,19.6,74.28,0,None,145,360
2025-01-14,HOSP_DMM_03,IV_Fluids,17.1,67.16,0,None,142,354
2025-01-15,HOSP_DMM_03,IV_Fluids,18.3,75.73,0,None,148,370
2025-01-16,HOSP_DMM_03,IV_Fluids,22.3,60.03,0,None,119,297
2025-01-17,HOSP_DMM_03,IV_Fluids,19.6,68.04,0,None,131,326
2025-01-18,HOSP_DMM_03,IV_Fluids,18.0,71.53,0,None,132,330
2025-01-19,HOSP_DMM_03,IV_Fluids,24.3,78.3,0,None,152,380
2025-01-20,HOSP_DMM_03,IV_Fluids,27.8,57.36,0,None,136,341
2025-01-21,HOSP_DMM_03,IV_Fluids,21.1,65.47,0,None,141,352
2025-01-22,HOSP_DMM_03,IV_Fluids,20.2,61.28,0,None,158,395
2025-01-23,HOSP_DMM_03,IV_Fluids,20.1,63.28,0,None,146,366
2025-01-24,HOSP_DMM_03,IV_Fluids,20.2,78.99,0,None,149,371
2025-01-25,HOSP_DMM_03,IV_Fluids,22.5,92.85,0,None,154,382
2025-01-26,HOSP_DMM_03,IV_Fluids,22.7,69.87,0,None,143,358
2025-01-27,HOSP_DMM_03,IV_Fluids,22.6,69.35,0,None,144,359
2025-01-28,HOSP_DMM_03,IV_Fluids,23.0,87.7,0,None,149,372
2025-01-29,HOSP_DMM_03,IV_Fluids,22.5,90.11,0,None,139,347
2025-01-30,HOSP_DMM_03,IV_Fluids,19.6,75.66,0,None,137,340
2025-01-31,HOSP_DMM_03,IV_Fluids,22.2,73.4,0,None,145,362
2025-02-01,HOSP_DMM_03,IV_Fluids,21.0,84.27,0,None,137,342
2025-02-02,HOSP_DMM_03,IV_Fluids,19.3,55.46,0,None,145,362
2025-02-03,HOSP_DMM_03,IV_Fluids,18.1,69.43,0,None,143,357
2025-02-04,HOSP_DMM_03,IV_Fluids,29.2,60.99,0,None,117,292
2025-02-05,HOSP_DMM_03,IV_Fluids,20.8,79.99,0,None,163,407
2025-02-06,HOSP_DMM_03,IV_Fluids,22.6,66.85,0,None,122,306
2025-02-07,HOSP_DMM_03,IV_Fluids,26.2,84.55,0,None,130,327
2025-02-08,HOSP_DMM_03,IV_Fluids,22.4,85.6,0,None,148,370
2025-02-09,HOSP_DMM_03,IV_Fluids,19.6,70.55,0,None,155,387
2025-02-10,HOSP_DMM_03,IV_Fluids,22.9,82.31,0,None,131,326
2025-02-11,HOSP_DMM_03,IV_Fluids,26.1,71.63,0,None,153,382
2025-02-12,HOSP_DMM_03,IV_Fluids,18.3,72.53,0,None,122,306
2025-02-13,HOSP_DMM_03,IV_Fluids,13.6,73.8,0,None,140,350
2025-02-14,HOSP_DMM_03,IV_Fluids,27.1,69.56,0,None,145,361
2025-02-15,HOSP_DMM_03,IV_Fluids,26.2,73.0,0,None,143,355
2025-02-16,HOSP_DMM_03,IV_Fluids,22.7,67.88,0,None,159,398
2025-02-17,HOSP_DMM_03,IV_Fluids,23.4,88.63,0,None,140,348
2025-02-18,HOSP_DMM_03,IV_Fluids,30.3,77.62,0,None,133,333
2025-02-19,HOSP_DMM_03,IV_Fluids,17.0,91.33,0,None,139,348
2025-02-20,HOSP_DMM_03,IV_Fluids,22.5,60.11,0,None,134,334
2025-02-21,HOSP_DMM_03,IV_Fluids,27.5,65.06,0,None,123,306
2025-02-22,HOSP_DMM_03,IV_Fluids,22.5,55.17,0,None,130,324
2025-02-23,HOSP_DMM_03,IV_Fluids,28.1,67.26,0,None,130,324
2025-02-24,HOSP_DMM_03,IV_Fluids,16.0,80.96,0,None,127,316
2025-02-25,HOSP_DMM_03,IV_Fluids,15.6,70.55,0,None,142,353
2025-02-26,HOSP_DMM_03,IV_Fluids,34.2,79.33,0,None,131,329
2025-02-27,HOSP_DMM_03,IV_Fluids,26.4,79.18,0,None,145,362
2025-02-28,HOSP_DMM_03,IV_Fluids,28.2,85.56,0,None,145,363
2025-03-01,HOSP_DMM_03,IV_Fluids,20.4,43.25,0,None,135,337
2025-03-02,HOSP_DMM_03,IV_Fluids,21.5,63.07,0,None,123,308
2025-03-03,HOSP_DMM_03,IV_Fluids,26.5,39.42,0,None,116,290
2025-03-04,HOSP_DMM_03,IV_Fluids,22.7,40.55,0,None,124,311
2025-03-05,HOSP_DMM_03,IV_Fluids,29.9,38.7,0,None,112,278
2025-03-06,HOSP_DMM_03,IV_Fluids,24.4,37.37,0,None,90,224
2025-03-07,HOSP_DMM_03,IV_Fluids,24.8,54.44,0,None,124,310
2025-03-08,HOSP_DMM_03,IV_Fluids,25.3,45.05,0,None,122,304
2025-03-09,HOSP_DMM_03,IV_Fluids,15.2,53.89,0,None,114,286
2025-03-10,HOSP_DMM_03,IV_Fluids,21.2,55.89,0,None,116,290
2025-03-11,HOSP_DMM_03,IV_Fluids,26.5,49.64,0,None,133,332
2025-03-12,HOSP_DMM_03,IV_Fluids,21.4,38.27,0,None,141,351
2025-03-13,HOSP_DMM_03,IV_Fluids,28.6,59.05,0,None,126,316
2025-03-14,HOSP_DMM_03,IV_Fluids,27.5,49.31,0,None,107,267
2025-03-15,HOSP_DMM_03,IV_Fluids,27.5,57.85,0,None,145,362
2025-03-16,HOSP_DMM_03,IV_Fluids,18.6,57.26,0,None,109,271
2025-03-17,HOSP_DMM_03,IV_Fluids,17.0,44.26,0,None,118,295
2025-03-18,HOSP_DMM_03,IV_Fluids,25.0,41.28,0,None,115,288
2025-03-19,HOSP_DMM_03,IV_Fluids,19.1,50.56,0,None,123,307
2025-03-20,HOSP_DMM_03,IV_Fluids,27.4,33.33,0,None,111,276
2025-03-21,HOSP_DMM_03,IV_Fluids,22.9,71.23,0,None,129,322
2025-03-22,HOSP_DMM_03,IV_Fluids,26.5,38.03,0,None,109,272
2025-03-23,HOSP_DMM_03,IV_Fluids,33.1,34.02,0,None,137,343
2025-03-24,HOSP_DMM_03,IV_Fluids,24.7,49.35,0,None,122,303
2025-03-25,HOSP_DMM_03,IV_Fluids,18.6,54.39,0,None,117,294
2025-03-26,HOSP_DMM_03,IV_Fluids,22.6,37.58,0,None,126,314
2025-03-27,HOSP_DMM_03,IV_Fluids,27.0,62.04,0,None,134,336
2025-03-28,HOSP_DMM_03,IV_Fluids,20.6,52.59,0,None,116,289
2025-03-29,HOSP_DMM_03,IV_Fluids,22.9,44.8,0,None,128,320
2025-03-30,HOSP_DMM_03,IV_Fluids,15.6,51.83,1,Sandstorm/Dust_Storm,129,324
2025-03-31,HOSP_DMM_03,IV_Fluids,23.6,57.63,0,None,108,272
2025-04-01,HOSP_DMM_03,IV_Fluids,19.6,69.49,0,None,124,311
2025-04-02,HOSP_DMM_03,IV_Fluids,18.2,26.26,0,None,125,311
2025-04-03,HOSP_DMM_03,IV_Fluids,23.3,71.97,0,None,131,329
2025-04-04,HOSP_DMM_03,IV_Fluids,17.8,47.95,0,None,108,270
2025-04-05,HOSP_DMM_03,IV_Fluids,20.4,66.37,0,None,116,289
2025-04-06,HOSP_DMM_03,IV_Fluids,26.4,53.42,0,None,120,301
2025-04-07,HOSP_DMM_03,IV_Fluids,18.8,57.65,0,None,120,301
2025-04-08,HOSP_DMM_03,IV_Fluids,26.4,58.38,0,None,125,312
2025-04-09,HOSP_DMM_03,IV_Fluids,24.7,60.1,0,None,143,358
2025-04-10,HOSP_DMM_03,IV_Fluids,29.8,46.16,0,None,114,283
2025-04-11,HOSP_DMM_03,IV_Fluids,17.5,46.05,0,None,120,300
2025-04-12,HOSP_DMM_03,IV_Fluids,18.5,47.71,0,None,105,262
2025-04-13,HOSP_DMM_03,IV_Fluids,16.8,48.53,0,None,126,314
2025-04-14,HOSP_DMM_03,IV_Fluids,15.1,53.51,0,None,108,271
2025-04-15,HOSP_DMM_03,IV_Fluids,20.4,35.02,0,None,124,310
2025-04-16,HOSP_DMM_03,IV_Fluids,24.5,51.72,0,None,129,321
2025-04-17,HOSP_DMM_03,IV_Fluids,22.3,38.46,0,None,131,327
2025-04-18,HOSP_DMM_03,IV_Fluids,21.6,48.32,0,None,116,289
2025-04-19,HOSP_DMM_03,IV_Fluids,22.6,64.96,0,None,105,262
2025-04-20,HOSP_DMM_03,IV_Fluids,19.7,49.88,0,None,135,339
2025-04-21,HOSP_DMM_03,IV_Fluids,20.7,48.9,0,None,142,355
2025-04-22,HOSP_DMM_03,IV_Fluids,16.2,57.58,0,None,111,275
2025-04-23,HOSP_DMM_03,IV_Fluids,21.1,29.99,0,None,102,256
2025-04-24,HOSP_DMM_03,IV_Fluids,20.1,56.37,0,None,121,303
2025-04-25,HOSP_DMM_03,IV_Fluids,21.3,56.88,0,None,107,268
2025-04-26,HOSP_DMM_03,IV_Fluids,24.6,60.51,0,None,122,305
2025-04-27,HOSP_DMM_03,IV_Fluids,25.7,52.26,0,None,103,258
2025-04-28,HOSP_DMM_03,IV_Fluids,21.7,48.34,0,None,90,224
2025-04-29,HOSP_DMM_03,IV_Fluids,23.4,35.96,0,None,115,285
2025-04-30,HOSP_DMM_03,IV_Fluids,15.6,58.9,0,None,123,307
2025-05-01,HOSP_DMM_03,IV_Fluids,23.0,64.51,0,None,113,282
2025-05-02,HOSP_DMM_03,IV_Fluids,21.1,45.11,0,None,141,352
2025-05-03,HOSP_DMM_03,IV_Fluids,31.3,47.99,0,None,136,339
2025-05-04,HOSP_DMM_03,IV_Fluids,28.3,61.0,1,Sandstorm/Dust_Storm,155,388
2025-05-05,HOSP_DMM_03,IV_Fluids,20.8,53.92,0,None,138,344
2025-05-06,HOSP_DMM_03,IV_Fluids,24.0,46.16,0,None,128,318
2025-05-07,HOSP_DMM_03,IV_Fluids,19.8,51.74,0,None,115,286
2025-05-08,HOSP_DMM_03,IV_Fluids,21.8,49.45,0,None,118,293
2025-05-09,HOSP_DMM_03,IV_Fluids,24.1,37.35,0,None,116,290
2025-05-10,HOSP_DMM_03,IV_Fluids,24.4,40.54,0,None,108,269
2025-05-11,HOSP_DMM_03,IV_Fluids,24.8,49.19,0,None,124,310
2025-05-12,HOSP_DMM_03,IV_Fluids,24.3,63.01,0,None,112,279
2025-05-13,HOSP_DMM_03,IV_Fluids,28.0,62.48,0,None,105,261
2025-05-14,HOSP_DMM_03,IV_Fluids,21.9,50.83,0,None,130,325
2025-05-15,HOSP_DMM_03,IV_Fluids,29.1,46.26,0,None,136,340
2025-05-16,HOSP_DMM_03,IV_Fluids,26.4,49.01,0,None,122,304
2025-05-17,HOSP_DMM_03,IV_Fluids,24.6,69.94,0,None,115,288
2025-05-18,HOSP_DMM_03,IV_Fluids,22.7,57.66,0,None,122,306
2025-05-19,HOSP_DMM_03,IV_Fluids,22.2,68.64,0,None,115,286
2025-05-20,HOSP_DMM_03,IV_Fluids,24.4,39.79,0,None,129,321
2025-05-21,HOSP_DMM_03,IV_Fluids,18.0,54.02,0,None,108,271
2025-05-22,HOSP_DMM_03,IV_Fluids,26.5,27.9,0,None,130,325
2025-05-23,HOSP_DMM_03,IV_Fluids,17.0,60.85,0,None,111,278
2025-05-24,HOSP_DMM_03,IV_Fluids,19.0,68.62,0,None,127,319
2025-05-25,HOSP_DMM_03,IV_Fluids,22.1,56.97,0,None,124,310
2025-05-26,HOSP_DMM_03,IV_Fluids,26.0,31.74,0,None,137,342
2025-05-27,HOSP_DMM_03,IV_Fluids,28.2,57.64,0,None,119,297
2025-05-28,HOSP_DMM_03,IV_Fluids,17.5,48.38,0,None,95,237
2025-05-29,HOSP_DMM_03,IV_Fluids,28.1,57.94,0,None,125,312
2025-05-30,HOSP_DMM_03,IV_Fluids,21.3,57.22,0,None,137,343
2025-05-31,HOSP_DMM_03,IV_Fluids,24.7,48.82,0,None,123,308
2025-06-01,HOSP_DMM_03,IV_Fluids,41.8,52.98,0,None,114,286
2025-06-02,HOSP_DMM_03,IV_Fluids,37.4,54.6,0,None,118,293
2025-06-03,HOSP_DMM_03,IV_Fluids,38.0,52.97,0,None,87,218
2025-06-04,HOSP_DMM_03,IV_Fluids,40.7,52.36,0,None,98,244
2025-06-05,HOSP_DMM_03,IV_Fluids,36.4,38.0,0,None,88,218
2025-06-06,HOSP_DMM_03,IV_Fluids,37.0,61.1,0,None,103,256
2025-06-07,HOSP_DMM_03,IV_Fluids,44.1,47.17,0,None,113,281
2025-06-08,HOSP_DMM_03,IV_Fluids,37.5,41.93,0,None,126,313
2025-06-09,HOSP_DMM_03,IV_Fluids,42.4,39.55,0,None,127,318
2025-06-10,HOSP_DMM_03,IV_Fluids,31.9,39.66,0,None,100,249
2025-06-11,HOSP_DMM_03,IV_Fluids,36.9,54.01,0,None,119,296
2025-06-12,HOSP_DMM_03,IV_Fluids,36.6,39.63,0,None,110,273
2025-06-13,HOSP_DMM_03,IV_Fluids,33.4,53.86,1,Sandstorm/Dust_Storm,170,424
2025-06-14,HOSP_DMM_03,IV_Fluids,29.8,34.98,0,None,127,317
2025-06-15,HOSP_DMM_03,IV_Fluids,31.8,42.06,0,None,107,267
2025-06-16,HOSP_DMM_03,IV_Fluids,32.0,38.6,0,None,107,268
2025-06-17,HOSP_DMM_03,IV_Fluids,33.3,38.18,0,None,103,256
2025-06-18,HOSP_DMM_03,IV_Fluids,41.6,49.52,0,None,128,321
2025-06-19,HOSP_DMM_03,IV_Fluids,34.2,26.56,0,None,92,229
2025-06-20,HOSP_DMM_03,IV_Fluids,34.5,36.73,0,None,94,237
2025-06-21,HOSP_DMM_03,IV_Fluids,34.7,45.7,0,None,127,316
2025-06-22,HOSP_DMM_03,IV_Fluids,37.1,47.31,0,None,104,259
2025-06-23,HOSP_DMM_03,IV_Fluids,39.4,47.58,0,None,104,260
2025-06-24,HOSP_DMM_03,IV_Fluids,42.3,46.56,0,None,136,341
2025-06-25,HOSP_DMM_03,IV_Fluids,37.3,55.01,0,None,128,320
2025-06-26,HOSP_DMM_03,IV_Fluids,41.8,39.12,0,None,103,257
2025-06-27,HOSP_DMM_03,IV_Fluids,32.4,64.87,0,None,102,253
2025-06-28,HOSP_DMM_03,IV_Fluids,36.2,69.78,0,None,122,305
2025-06-29,HOSP_DMM_03,IV_Fluids,37.7,58.46,0,None,116,289
2025-06-30,HOSP_DMM_03,IV_Fluids,36.1,68.82,0,None,140,350
2025-07-01,HOSP_DMM_03,IV_Fluids,41.8,51.03,0,None,122,306
2025-07-02,HOSP_DMM_03,IV_Fluids,42.8,57.39,0,None,113,281
2025-07-03,HOSP_DMM_03,IV_Fluids,36.0,57.9,0,None,117,291
2025-07-04,HOSP_DMM_03,IV_Fluids,39.5,33.99,1,Sandstorm/Dust_Storm,151,375
2025-07-05,HOSP_DMM_03,IV_Fluids,38.2,16.15,0,None,109,271
2025-07-06,HOSP_DMM_03,IV_Fluids,33.6,54.77,0,None,123,306
2025-07-07,HOSP_DMM_03,IV_Fluids,38.7,44.96,0,None,101,254
2025-07-08,HOSP_DMM_03,IV_Fluids,38.6,37.84,0,None,124,309
2025-07-09,HOSP_DMM_03,IV_Fluids,37.9,51.72,0,None,118,295
2025-07-10,HOSP_DMM_03,IV_Fluids,32.3,39.28,0,None,136,337
2025-07-11,HOSP_DMM_03,IV_Fluids,41.4,51.81,0,None,131,328
2025-07-12,HOSP_DMM_03,IV_Fluids,40.9,59.11,0,None,114,286
2025-07-13,HOSP_DMM_03,IV_Fluids,41.8,39.66,0,None,131,327
2025-07-14,HOSP_DMM_03,IV_Fluids,44.7,59.37,0,None,123,308
2025-07-15,HOSP_DMM_03,IV_Fluids,36.0,40.47,0,None,117,293
2025-07-16,HOSP_DMM_03,IV_Fluids,34.7,51.22,0,None,124,311
2025-07-17,HOSP_DMM_03,IV_Fluids,37.6,39.6,0,None,117,292
2025-07-18,HOSP_DMM_03,IV_Fluids,39.9,66.69,0,None,123,308
2025-07-19,HOSP_DMM_03,IV_Fluids,44.5,59.48,0,None,131,327
2025-07-20,HOSP_DMM_03,IV_Fluids,39.5,46.29,0,None,134,336
2025-07-21,HOSP_DMM_03,IV_Fluids,42.6,37.87,0,None,126,316
2025-07-22,HOSP_DMM_03,IV_Fluids,30.7,28.27,0,None,132,331
2025-07-23,HOSP_DMM_03,IV_Fluids,38.4,67.04,0,None,115,288
2025-07-24,HOSP_DMM_03,IV_Fluids,44.0,50.58,0,None,111,277
2025-07-25,HOSP_DMM_03,IV_Fluids,40.3,43.82,0,None,112,279
2025-07-26,HOSP_DMM_03,IV_Fluids,43.6,61.22,0,None,109,273
2025-07-27,HOSP_DMM_03,IV_Fluids,37.5,39.47,0,None,137,341
2025-07-28,HOSP_DMM_03,IV_Fluids,37.6,44.08,0,None,94,236
2025-07-29,HOSP_DMM_03,IV_Fluids,33.1,55.08,0,None,112,279
2025-07-30,HOSP_DMM_03,IV_Fluids,38.5,48.28,0,None,110,274
2025-07-31,HOSP_DMM_03,IV_Fluids,48.0,66.37,0,None,107,270
2025-08-01,HOSP_DMM_03,IV_Fluids,47.8,66.59,0,None,134,334
2025-08-02,HOSP_DMM_03,IV_Fluids,43.8,60.35,0,None,122,302
2025-08-03,HOSP_DMM_03,IV_Fluids,39.7,40.19,0,None,112,277
2025-08-04,HOSP_DMM_03,IV_Fluids,38.0,59.33,0,None,112,279
2025-08-05,HOSP_DMM_03,IV_Fluids,40.2,53.1,1,Heatwave,170,484
2025-08-06,HOSP_DMM_03,IV_Fluids,40.4,38.52,0,None,120,299
2025-08-07,HOSP_DMM_03,IV_Fluids,40.3,36.43,0,None,122,304
2025-08-08,HOSP_DMM_03,IV_Fluids,36.7,55.27,0,None,104,259
2025-08-09,HOSP_DMM_03,IV_Fluids,42.5,44.36,0,None,129,323
2025-08-10,HOSP_DMM_03,IV_Fluids,35.2,27.63,0,None,135,338
2025-08-11,HOSP_DMM_03,IV_Fluids,37.6,51.79,0,None,102,254
2025-08-12,HOSP_DMM_03,IV_Fluids,41.0,39.29,0,None,150,376
2025-08-13,HOSP_DMM_03,IV_Fluids,29.5,55.47,0,None,143,358
2025-08-14,HOSP_DMM_03,IV_Fluids,37.1,68.07,0,None,108,271
2025-08-15,HOSP_DMM_03,IV_Fluids,35.7,41.69,0,None,121,300
2025-08-16,HOSP_DMM_03,IV_Fluids,39.0,46.69,0,None,99,247
2025-08-17,HOSP_DMM_03,IV_Fluids,38.7,36.92,0,None,105,261
2025-08-18,HOSP_DMM_03,IV_Fluids,45.2,47.88,0,None,111,277
2025-08-19,HOSP_DMM_03,IV_Fluids,39.7,40.86,0,None,116,288
2025-08-20,HOSP_DMM_03,IV_Fluids,39.3,48.78,0,None,115,286
2025-08-21,HOSP_DMM_03,IV_Fluids,37.0,47.12,0,None,121,302
2025-08-22,HOSP_DMM_03,IV_Fluids,41.8,56.54,0,None,117,291
2025-08-23,HOSP_DMM_03,IV_Fluids,38.1,55.39,0,None,103,257
2025-08-24,HOSP_DMM_03,IV_Fluids,44.3,41.31,0,None,139,348
2025-08-25,HOSP_DMM_03,IV_Fluids,32.3,51.52,0,None,119,295
2025-08-26,HOSP_DMM_03,IV_Fluids,36.6,56.01,0,None,126,313
2025-08-27,HOSP_DMM_03,IV_Fluids,42.4,50.44,0,None,107,268
2025-08-28,HOSP_DMM_03,IV_Fluids,36.7,53.21,1,Sandstorm/Dust_Storm,152,381
2025-08-29,HOSP_DMM_03,IV_Fluids,33.5,78.71,0,None,122,305
2025-08-30,HOSP_DMM_03,IV_Fluids,41.6,31.16,0,None,102,254
2025-08-31,HOSP_DMM_03,IV_Fluids,37.4,42.51,0,None,102,254
2025-09-01,HOSP_DMM_03,IV_Fluids,19.8,48.72,0,None,101,253
2025-09-02,HOSP_DMM_03,IV_Fluids,19.2,47.3,0,None,135,336
2025-09-03,HOSP_DMM_03,IV_Fluids,23.9,47.79,0,None,98,244
2025-09-04,HOSP_DMM_03,IV_Fluids,20.3,55.56,0,None,104,260
2025-09-05,HOSP_DMM_03,IV_Fluids,19.4,50.98,0,None,120,300
2025-09-06,HOSP_DMM_03,IV_Fluids,22.9,51.49,0,None,124,309
2025-09-07,HOSP_DMM_03,IV_Fluids,22.3,53.29,0,None,104,261
2025-09-08,HOSP_DMM_03,IV_Fluids,16.7,62.98,0,None,124,309
2025-09-09,HOSP_DMM_03,IV_Fluids,17.8,47.84,0,None,126,314
2025-09-10,HOSP_DMM_03,IV_Fluids,26.1,32.87,0,None,123,306
2025-09-11,HOSP_DMM_03,IV_Fluids,26.4,40.85,0,None,131,328
2025-09-12,HOSP_DMM_03,IV_Fluids,18.0,44.93,0,None,111,278
2025-09-13,HOSP_DMM_03,IV_Fluids,22.7,53.18,0,None,114,285
2025-09-14,HOSP_DMM_03,IV_Fluids,27.6,53.61,0,None,111,277
2025-09-15,HOSP_DMM_03,IV_Fluids,26.3,57.28,0,None,98,242
2025-09-16,HOSP_DMM_03,IV_Fluids,21.5,48.92,0,None,118,293
2025-09-17,HOSP_DMM_03,IV_Fluids,26.7,47.91,0,None,113,281
2025-09-18,HOSP_DMM_03,IV_Fluids,23.4,27.15,1,Sandstorm/Dust_Storm,174,434
2025-09-19,HOSP_DMM_03,IV_Fluids,20.1,53.56,0,None,123,309
2025-09-20,HOSP_DMM_03,IV_Fluids,17.6,42.92,0,None,122,305
2025-09-21,HOSP_DMM_03,IV_Fluids,24.5,36.21,0,None,112,281
2025-09-22,HOSP_DMM_03,IV_Fluids,25.3,44.67,0,None,123,309
2025-09-23,HOSP_DMM_03,IV_Fluids,29.3,70.71,0,None,130,323
2025-09-24,HOSP_DMM_03,IV_Fluids,16.4,50.26,0,None,124,310
2025-09-25,HOSP_DMM_03,IV_Fluids,20.5,55.56,0,None,119,298
2025-09-26,HOSP_DMM_03,IV_Fluids,27.3,61.28,0,None,116,289
2025-09-27,HOSP_DMM_03,IV_Fluids,18.3,37.37,0,None,104,260
2025-09-28,HOSP_DMM_03,IV_Fluids,22.3,47.29,0,None,138,346
2025-09-29,HOSP_DMM_03,IV_Fluids,26.7,57.92,0,None,102,253
2025-09-30,HOSP_DMM_03,IV_Fluids,28.4,49.79,0,None,118,294
2025-10-01,HOSP_DMM_03,IV_Fluids,27.5,52.21,0,None,113,282
2025-10-02,HOSP_DMM_03,IV_Fluids,29.0,53.96,0,None,96,238
2025-10-03,HOSP_DMM_03,IV_Fluids,16.3,49.2,0,None,102,255
2025-10-04,HOSP_DMM_03,IV_Fluids,24.7,52.03,0,None,128,319
2025-10-05,HOSP_DMM_03,IV_Fluids,14.7,59.83,0,None,113,281
2025-10-06,HOSP_DMM_03,IV_Fluids,26.6,37.19,0,None,128,319
2025-10-07,HOSP_DMM_03,IV_Fluids,21.3,60.63,0,None,119,296
2025-10-08,HOSP_DMM_03,IV_Fluids,19.8,54.77,0,None,102,253
2025-10-09,HOSP_DMM_03,IV_Fluids,19.1,43.57,0,None,114,284
2025-10-10,HOSP_DMM_03,IV_Fluids,25.6,47.26,0,None,125,312
2025-10-11,HOSP_DMM_03,IV_Fluids,25.5,42.88,0,None,141,352
2025-10-12,HOSP_DMM_03,IV_Fluids,13.8,48.64,0,None,94,234
2025-10-13,HOSP_DMM_03,IV_Fluids,29.2,44.17,0,None,121,303
2025-10-14,HOSP_DMM_03,IV_Fluids,19.2,42.05,0,None,121,302
2025-10-15,HOSP_DMM_03,IV_Fluids,21.8,51.88,0,None,106,264
2025-10-16,HOSP_DMM_03,IV_Fluids,23.9,46.43,0,None,118,293
2025-10-17,HOSP_DMM_03,IV_Fluids,24.8,55.68,0,None,122,305
2025-10-18,HOSP_DMM_03,IV_Fluids,29.1,56.13,0,None,124,310
2025-10-19,HOSP_DMM_03,IV_Fluids,26.2,31.9,0,None,132,330
2025-10-20,HOSP_DMM_03,IV_Fluids,21.3,48.41,1,Sandstorm/Dust_Storm,169,423
2025-10-21,HOSP_DMM_03,IV_Fluids,25.4,68.02,0,None,129,321
2025-10-22,HOSP_DMM_03,IV_Fluids,24.6,54.88,0,None,118,294
2025-10-23,HOSP_DMM_03,IV_Fluids,22.4,46.39,0,None,114,285
2025-10-24,HOSP_DMM_03,IV_Fluids,24.1,47.2,0,None,105,262
2025-10-25,HOSP_DMM_03,IV_Fluids,29.4,47.11,0,None,115,288
2025-10-26,HOSP_DMM_03,IV_Fluids,24.6,78.95,0,None,120,297
2025-10-27,HOSP_DMM_03,IV_Fluids,19.8,41.44,0,None,122,303
2025-10-28,HOSP_DMM_03,IV_Fluids,25.5,40.76,0,None,126,314
2025-10-29,HOSP_DMM_03,IV_Fluids,20.6,50.01,0,None,112,279
2025-10-30,HOSP_DMM_03,IV_Fluids,28.6,45.97,0,None,127,319
2025-10-31,HOSP_DMM_03,IV_Fluids,18.4,54.19,0,None,114,285
2025-11-01,HOSP_DMM_03,IV_Fluids,16.0,69.98,0,None,133,333
2025-11-02,HOSP_DMM_03,IV_Fluids,23.3,59.12,0,None,151,377
2025-11-03,HOSP_DMM_03,IV_Fluids,25.0,71.12,0,None,146,364
2025-11-04,HOSP_DMM_03,IV_Fluids,23.3,83.42,0,None,130,326
2025-11-05,HOSP_DMM_03,IV_Fluids,22.5,66.92,0,None,133,333
2025-11-06,HOSP_DMM_03,IV_Fluids,26.2,81.93,0,None,151,378
2025-11-07,HOSP_DMM_03,IV_Fluids,24.7,100.31,0,None,156,391
2025-11-08,HOSP_DMM_03,IV_Fluids,23.4,65.54,0,None,158,393
2025-11-09,HOSP_DMM_03,IV_Fluids,24.2,77.58,0,None,143,357
2025-11-10,HOSP_DMM_03,IV_Fluids,17.1,64.82,0,None,143,357
2025-11-11,HOSP_DMM_03,IV_Fluids,29.8,55.08,0,None,140,349
2025-11-12,HOSP_DMM_03,IV_Fluids,21.8,68.69,0,None,142,354
2025-11-13,HOSP_DMM_03,IV_Fluids,27.0,64.86,1,Sandstorm/Dust_Storm,207,518
2025-11-14,HOSP_DMM_03,IV_Fluids,19.7,59.47,0,None,148,369
2025-11-15,HOSP_DMM_03,IV_Fluids,27.2,84.11,0,None,132,329
2025-11-16,HOSP_DMM_03,IV_Fluids,27.1,85.49,0,None,138,345
2025-11-17,HOSP_DMM_03,IV_Fluids,22.0,101.13,1,Sandstorm/Dust_Storm,182,457
2025-11-18,HOSP_DMM_03,IV_Fluids,18.6,78.23,0,None,133,333
2025-11-19,HOSP_DMM_03,IV_Fluids,26.2,73.24,0,None,143,356
2025-11-20,HOSP_DMM_03,IV_Fluids,23.5,90.59,0,None,126,314
2025-11-21,HOSP_DMM_03,IV_Fluids,20.1,71.06,0,None,149,371
2025-11-22,HOSP_DMM_03,IV_Fluids,27.0,59.75,0,None,160,401
2025-11-23,HOSP_DMM_03,IV_Fluids,31.1,93.32,1,Sandstorm/Dust_Storm,187,467
2025-11-24,HOSP_DMM_03,IV_Fluids,21.7,77.51,0,None,150,374
2025-11-25,HOSP_DMM_03,IV_Fluids,27.1,74.5,0,None,137,343
2025-11-26,HOSP_DMM_03,IV_Fluids,16.7,77.35,0,None,148,369
2025-11-27,HOSP_DMM_03,IV_Fluids,24.8,79.73,0,None,138,343
2025-11-28,HOSP_DMM_03,IV_Fluids,24.0,61.37,1,Sandstorm/Dust_Storm,184,460
2025-11-29,HOSP_DMM_03,IV_Fluids,28.1,84.35,0,None,140,348
2025-11-30,HOSP_DMM_03,IV_Fluids,26.2,76.66,0,None,137,341
2025-12-01,HOSP_DMM_03,IV_Fluids,22.2,77.2,0,None,138,344
2025-12-02,HOSP_DMM_03,IV_Fluids,23.2,68.41,0,None,142,352
2025-12-03,HOSP_DMM_03,IV_Fluids,22.6,64.55,0,None,159,398
2025-12-04,HOSP_DMM_03,IV_Fluids,22.7,80.45,0,None,131,326
2025-12-05,HOSP_DMM_03,IV_Fluids,21.6,85.67,0,None,146,365
2025-12-06,HOSP_DMM_03,IV_Fluids,28.3,62.78,0,None,157,391
2025-12-07,HOSP_DMM_03,IV_Fluids,21.5,82.16,0,None,154,387
2025-12-08,HOSP_DMM_03,IV_Fluids,14.1,68.77,0,None,151,377
2025-12-09,HOSP_DMM_03,IV_Fluids,23.9,68.96,0,None,149,373
2025-12-10,HOSP_DMM_03,IV_Fluids,22.8,80.84,0,None,137,341
2025-12-11,HOSP_DMM_03,IV_Fluids,22.0,76.0,0,None,148,370
2025-12-12,HOSP_DMM_03,IV_Fluids,15.8,92.19,0,None,141,352
2025-12-13,HOSP_DMM_03,IV_Fluids,17.3,74.79,0,None,139,347
2025-12-14,HOSP_DMM_03,IV_Fluids,27.8,82.31,0,None,162,405
2025-12-15,HOSP_DMM_03,IV_Fluids,27.9,83.2,0,None,142,355
2025-12-16,HOSP_DMM_03,IV_Fluids,24.3,80.09,0,None,147,368
2025-12-17,HOSP_DMM_03,IV_Fluids,24.0,81.44,0,None,169,421
2025-12-18,HOSP_DMM_03,IV_Fluids,23.3,68.02,0,None,139,345
2025-12-19,HOSP_DMM_03,IV_Fluids,24.8,73.2,0,None,134,334
2025-12-20,HOSP_DMM_03,IV_Fluids,19.4,73.49,0,None,142,357
2025-12-21,HOSP_DMM_03,IV_Fluids,25.3,65.94,0,None,151,376
2025-12-22,HOSP_DMM_03,IV_Fluids,16.8,84.14,0,None,128,320
2025-12-23,HOSP_DMM_03,IV_Fluids,26.3,71.96,0,None,130,324
2025-12-24,HOSP_DMM_03,IV_Fluids,24.7,64.94,0,None,142,355
2025-12-25,HOSP_DMM_03,IV_Fluids,20.3,85.06,0,None,124,310
2025-12-26,HOSP_DMM_03,IV_Fluids,23.4,87.49,0,None,154,382
2025-12-27,HOSP_DMM_03,IV_Fluids,26.8,77.01,0,None,144,361
2025-12-28,HOSP_DMM_03,IV_Fluids,24.5,66.95,0,None,137,342
2025-12-29,HOSP_DMM_03,IV_Fluids,20.0,83.5,0,None,157,393
2025-12-30,HOSP_DMM_03,IV_Fluids,23.8,77.22,0,None,136,339
2025-12-31,HOSP_DMM_03,IV_Fluids,23.0,65.37,0,None,157,392
2026-01-01,HOSP_DMM_03,IV_Fluids,24.8,82.5,0,None,142,355
2024-01-01,HOSP_DMM_03,Antibiotics,17.6,93.13,0,None,146,273
2024-01-02,HOSP_DMM_03,Antibiotics,19.2,63.53,0,None,151,280
2024-01-03,HOSP_DMM_03,Antibiotics,23.6,90.39,0,None,127,238
2024-01-04,HOSP_DMM_03,Antibiotics,32.1,54.43,0,None,158,293
2024-01-05,HOSP_DMM_03,Antibiotics,22.6,60.65,0,None,141,263
2024-01-06,HOSP_DMM_03,Antibiotics,20.0,68.54,0,None,135,252
2024-01-07,HOSP_DMM_03,Antibiotics,21.7,80.44,0,None,129,241
2024-01-08,HOSP_DMM_03,Antibiotics,25.0,75.38,0,None,134,252
2024-01-09,HOSP_DMM_03,Antibiotics,22.5,63.48,0,None,146,271
2024-01-10,HOSP_DMM_03,Antibiotics,19.2,73.86,0,None,161,300
2024-01-11,HOSP_DMM_03,Antibiotics,16.9,68.04,0,None,161,299
2024-01-12,HOSP_DMM_03,Antibiotics,24.4,81.24,0,None,165,307
2024-01-13,HOSP_DMM_03,Antibiotics,17.4,77.28,0,None,144,269
2024-01-14,HOSP_DMM_03,Antibiotics,28.7,80.78,0,None,169,316
2024-01-15,HOSP_DMM_03,Antibiotics,27.7,65.3,0,None,139,260
2024-01-16,HOSP_DMM_03,Antibiotics,24.1,80.38,0,None,160,296
2024-01-17,HOSP_DMM_03,Antibiotics,18.3,78.6,0,None,139,259
2024-01-18,HOSP_DMM_03,Antibiotics,21.0,81.5,0,None,135,254
2024-01-19,HOSP_DMM_03,Antibiotics,28.7,80.77,0,None,140,261
2024-01-20,HOSP_DMM_03,Antibiotics,21.8,73.59,0,None,173,320
2024-01-21,HOSP_DMM_03,Antibiotics,26.7,80.44,0,None,113,214
2024-01-22,HOSP_DMM_03,Antibiotics,24.0,83.11,0,None,125,236
2024-01-23,HOSP_DMM_03,Antibiotics,28.1,92.07,0,None,128,240
2024-01-24,HOSP_DMM_03,Antibiotics,25.7,58.12,0,None,144,269
2024-01-25,HOSP_DMM_03,Antibiotics,23.9,71.62,0,None,146,274
2024-01-26,HOSP_DMM_03,Antibiotics,19.2,71.6,0,None,146,273
2024-01-27,HOSP_DMM_03,Antibiotics,27.6,87.47,0,None,151,282
2024-01-28,HOSP_DMM_03,Antibiotics,18.5,81.78,0,None,157,293
2024-01-29,HOSP_DMM_03,Antibiotics,21.0,77.83,0,None,146,272
2024-01-30,HOSP_DMM_03,Antibiotics,29.5,78.01,0,None,136,255
2024-01-31,HOSP_DMM_03,Antibiotics,24.8,69.04,0,None,144,267
2024-02-01,HOSP_DMM_03,Antibiotics,22.7,65.56,0,None,149,277
2024-02-02,HOSP_DMM_03,Antibiotics,20.8,74.94,0,None,149,279
2024-02-03,HOSP_DMM_03,Antibiotics,24.7,74.95,0,None,136,253
2024-02-04,HOSP_DMM_03,Antibiotics,29.5,84.05,0,None,141,263
2024-02-05,HOSP_DMM_03,Antibiotics,20.8,75.97,0,None,159,294
2024-02-06,HOSP_DMM_03,Antibiotics,29.5,92.58,0,None,160,298
2024-02-07,HOSP_DMM_03,Antibiotics,14.8,97.7,0,None,151,281
2024-02-08,HOSP_DMM_03,Antibiotics,22.6,87.77,0,None,133,248
2024-02-09,HOSP_DMM_03,Antibiotics,25.6,78.88,0,None,149,277
2024-02-10,HOSP_DMM_03,Antibiotics,22.5,87.23,0,None,156,290
2024-02-11,HOSP_DMM_03,Antibiotics,19.9,75.5,0,None,142,266
2024-02-12,HOSP_DMM_03,Antibiotics,26.3,91.45,1,Sandstorm/Dust_Storm,191,356
2024-02-13,HOSP_DMM_03,Antibiotics,23.6,67.69,0,None,147,274
2024-02-14,HOSP_DMM_03,Antibiotics,15.2,66.03,0,None,133,250
2024-02-15,HOSP_DMM_03,Antibiotics,20.5,73.21,0,None,148,277
2024-02-16,HOSP_DMM_03,Antibiotics,17.1,61.16,0,None,140,262
2024-02-17,HOSP_DMM_03,Antibiotics,26.0,66.01,0,None,135,255
2024-02-18,HOSP_DMM_03,Antibiotics,28.0,53.4,0,None,153,286
2024-02-19,HOSP_DMM_03,Antibiotics,23.4,89.15,0,None,145,270
2024-02-20,HOSP_DMM_03,Antibiotics,19.2,76.22,0,None,138,258
2024-02-21,HOSP_DMM_03,Antibiotics,23.7,77.99,0,None,179,332
2024-02-22,HOSP_DMM_03,Antibiotics,24.0,83.34,0,None,153,286
2024-02-23,HOSP_DMM_03,Antibiotics,23.8,81.96,0,None,134,254
2024-02-24,HOSP_DMM_03,Antibiotics,23.6,76.38,0,None,150,279
2024-02-25,HOSP_DMM_03,Antibiotics,25.8,68.32,0,None,112,209
2024-02-26,HOSP_DMM_03,Antibiotics,24.3,75.13,0,None,133,248
2024-02-27,HOSP_DMM_03,Antibiotics,21.3,90.62,0,None,133,250
2024-02-28,HOSP_DMM_03,Antibiotics,19.8,88.86,0,None,129,240
2024-02-29,HOSP_DMM_03,Antibiotics,28.4,80.33,0,None,152,284
2024-03-01,HOSP_DMM_03,Antibiotics,18.3,59.16,0,None,115,217
2024-03-02,HOSP_DMM_03,Antibiotics,23.8,51.64,0,None,131,246
2024-03-03,HOSP_DMM_03,Antibiotics,24.1,52.51,0,None,129,242
2024-03-04,HOSP_DMM_03,Antibiotics,20.6,44.57,0,None,107,201
2024-03-05,HOSP_DMM_03,Antibiotics,20.8,37.39,0,None,112,212
2024-03-06,HOSP_DMM_03,Antibiotics,19.7,47.33,0,None,121,228
2024-03-07,HOSP_DMM_03,Antibiotics,26.3,56.21,0,None,134,251
2024-03-08,HOSP_DMM_03,Antibiotics,24.7,49.16,0,None,108,204
2024-03-09,HOSP_DMM_03,Antibiotics,18.7,40.47,0,None,112,212
2024-03-10,HOSP_DMM_03,Antibiotics,22.5,49.14,0,None,109,205
2024-03-11,HOSP_DMM_03,Antibiotics,22.6,61.53,0,None,119,225
2024-03-12,HOSP_DMM_03,Antibiotics,25.1,60.48,0,None,99,188
2024-03-13,HOSP_DMM_03,Antibiotics,14.3,37.88,0,None,141,263
2024-03-14,HOSP_DMM_03,Antibiotics,25.5,49.92,0,None,118,223
2024-03-15,HOSP_DMM_03,Antibiotics,26.3,39.42,0,None,118,222
2024-03-16,HOSP_DMM_03,Antibiotics,22.4,48.87,0,None,129,240
2024-03-17,HOSP_DMM_03,Antibiotics,22.1,56.55,0,None,93,177
2024-03-18,HOSP_DMM_03,Antibiotics,19.8,49.88,0,None,112,212
2024-03-19,HOSP_DMM_03,Antibiotics,27.1,44.95,0,None,130,244
2024-03-20,HOSP_DMM_03,Antibiotics,25.7,53.51,0,None,130,243
2024-03-21,HOSP_DMM_03,Antibiotics,30.7,56.01,0,None,130,245
2024-03-22,HOSP_DMM_03,Antibiotics,26.9,59.46,0,None,105,199
2024-03-23,HOSP_DMM_03,Antibiotics,27.3,61.46,0,None,127,238
2024-03-24,HOSP_DMM_03,Antibiotics,16.3,59.53,0,None,102,194
2024-03-25,HOSP_DMM_03,Antibiotics,22.3,44.29,0,None,127,239
2024-03-26,HOSP_DMM_03,Antibiotics,25.7,61.99,0,None,99,188
2024-03-27,HOSP_DMM_03,Antibiotics,22.1,48.98,0,None,118,222
2024-03-28,HOSP_DMM_03,Antibiotics,31.2,47.37,0,None,123,231
2024-03-29,HOSP_DMM_03,Antibiotics,20.9,50.81,0,None,117,222
2024-03-30,HOSP_DMM_03,Antibiotics,17.4,65.36,0,None,130,245
2024-03-31,HOSP_DMM_03,Antibiotics,23.3,55.58,0,None,129,244
2024-04-01,HOSP_DMM_03,Antibiotics,25.5,58.54,0,None,109,206
2024-04-02,HOSP_DMM_03,Antibiotics,22.6,56.81,0,None,118,222
2024-04-03,HOSP_DMM_03,Antibiotics,20.9,36.44,0,None,127,239
2024-04-04,HOSP_DMM_03,Antibiotics,21.5,52.66,0,None,124,233
2024-04-05,HOSP_DMM_03,Antibiotics,25.2,36.04,0,None,121,227
2024-04-06,HOSP_DMM_03,Antibiotics,25.1,67.57,0,None,150,280
2024-04-07,HOSP_DMM_03,Antibiotics,17.0,52.55,0,None,122,229
2024-04-08,HOSP_DMM_03,Antibiotics,23.8,51.03,0,None,131,245
2024-04-09,HOSP_DMM_03,Antibiotics,23.6,33.39,0,None,116,219
2024-04-10,HOSP_DMM_03,Antibiotics,30.2,65.17,0,None,101,191
2024-04-11,HOSP_DMM_03,Antibiotics,27.1,44.73,0,None,125,236
2024-04-12,HOSP_DMM_03,Antibiotics,25.3,64.32,0,None,112,210
2024-04-13,HOSP_DMM_03,Antibiotics,26.4,42.86,0,None,112,211
2024-04-14,HOSP_DMM_03,Antibiotics,19.3,51.29,0,None,109,205
2024-04-15,HOSP_DMM_03,Antibiotics,31.6,66.66,0,None,107,202
2024-04-16,HOSP_DMM_03,Antibiotics,17.2,59.22,0,None,130,243
2024-04-17,HOSP_DMM_03,Antibiotics,26.1,47.95,0,None,131,245
2024-04-18,HOSP_DMM_03,Antibiotics,21.8,49.92,0,None,119,226
2024-04-19,HOSP_DMM_03,Antibiotics,26.8,71.13,0,None,123,229
2024-04-20,HOSP_DMM_03,Antibiotics,21.6,46.22,0,None,122,230
2024-04-21,HOSP_DMM_03,Antibiotics,22.7,57.86,0,None,135,251
2024-04-22,HOSP_DMM_03,Antibiotics,25.5,47.19,0,None,127,239
2024-04-23,HOSP_DMM_03,Antibiotics,24.5,47.97,0,None,95,182
2024-04-24,HOSP_DMM_03,Antibiotics,31.5,40.1,0,None,116,218
2024-04-25,HOSP_DMM_03,Antibiotics,23.2,41.84,0,None,154,286
2024-04-26,HOSP_DMM_03,Antibiotics,18.3,41.61,0,None,115,217
2024-04-27,HOSP_DMM_03,Antibiotics,21.2,60.48,0,None,132,247
2024-04-28,HOSP_DMM_03,Antibiotics,22.4,32.79,0,None,99,188
2024-04-29,HOSP_DMM_03,Antibiotics,24.9,40.34,0,None,117,221
2024-04-30,HOSP_DMM_03,Antibiotics,20.7,61.38,0,None,133,249
2024-05-01,HOSP_DMM_03,Antibiotics,26.2,49.09,1,Sandstorm/Dust_Storm,180,334
2024-05-02,HOSP_DMM_03,Antibiotics,22.3,47.52,0,None,125,234
2024-05-03,HOSP_DMM_03,Antibiotics,23.2,44.22,0,None,140,260
2024-05-04,HOSP_DMM_03,Antibiotics,25.6,50.24,0,None,132,246
2024-05-05,HOSP_DMM_03,Antibiotics,19.2,43.68,0,None,114,214
2024-05-06,HOSP_DMM_03,Antibiotics,23.2,53.16,0,None,123,231
2024-05-07,HOSP_DMM_03,Antibiotics,22.9,51.31,0,None,149,279
2024-05-08,HOSP_DMM_03,Antibiotics,26.3,63.33,0,None,115,216
2024-05-09,HOSP_DMM_03,Antibiotics,22.1,30.47,0,None,134,251
2024-05-10,HOSP_DMM_03,Antibiotics,15.6,43.4,0,None,120,225
2024-05-11,HOSP_DMM_03,Antibiotics,26.7,34.82,0,None,118,222
2024-05-12,HOSP_DMM_03,Antibiotics,30.4,50.64,0,None,115,216
2024-05-13,HOSP_DMM_03,Antibiotics,24.3,48.89,0,None,142,264
2024-05-14,HOSP_DMM_03,Antibiotics,21.2,38.7,0,None,124,232
2024-05-15,HOSP_DMM_03,Antibiotics,25.4,49.62,0,None,120,227
2024-05-16,HOSP_DMM_03,Antibiotics,24.5,51.99,0,None,106,201
2024-05-17,HOSP_DMM_03,Antibiotics,16.2,64.17,0,None,138,259
2024-05-18,HOSP_DMM_03,Antibiotics,21.2,53.81,0,None,111,209
2024-05-19,HOSP_DMM_03,Antibiotics,29.8,38.68,0,None,142,265
2024-05-20,HOSP_DMM_03,Antibiotics,24.2,46.22,0,None,115,219
2024-05-21,HOSP_DMM_03,Antibiotics,20.9,53.85,0,None,122,230
2024-05-22,HOSP_DMM_03,Antibiotics,26.3,58.66,0,None,141,263
2024-05-23,HOSP_DMM_03,Antibiotics,25.1,57.32,0,None,134,250
2024-05-24,HOSP_DMM_03,Antibiotics,29.3,51.32,0,None,119,224
2024-05-25,HOSP_DMM_03,Antibiotics,28.8,45.19,0,None,133,250
2024-05-26,HOSP_DMM_03,Antibiotics,27.2,50.68,0,None,112,212
2024-05-27,HOSP_DMM_03,Antibiotics,27.3,39.88,0,None,119,223
2024-05-28,HOSP_DMM_03,Antibiotics,22.4,43.8,0,None,136,254
2024-05-29,HOSP_DMM_03,Antibiotics,26.1,50.28,0,None,121,226
2024-05-30,HOSP_DMM_03,Antibiotics,24.7,54.36,0,None,90,171
2024-05-31,HOSP_DMM_03,Antibiotics,25.6,44.1,0,None,134,251
2024-06-01,HOSP_DMM_03,Antibiotics,29.5,58.23,0,None,125,235
2024-06-02,HOSP_DMM_03,Antibiotics,37.8,38.76,0,None,132,246
2024-06-03,HOSP_DMM_03,Antibiotics,35.0,50.23,0,None,145,272
2024-06-04,HOSP_DMM_03,Antibiotics,36.8,32.32,1,Sandstorm/Dust_Storm,170,316
2024-06-05,HOSP_DMM_03,Antibiotics,39.2,55.14,0,None,142,265
2024-06-06,HOSP_DMM_03,Antibiotics,37.3,57.43,0,None,138,258
2024-06-07,HOSP_DMM_03,Antibiotics,42.9,41.9,0,None,108,204
2024-06-08,HOSP_DMM_03,Antibiotics,34.8,37.78,1,Sandstorm/Dust_Storm,156,289
2024-06-09,HOSP_DMM_03,Antibiotics,30.6,41.17,0,None,118,224
2024-06-10,HOSP_DMM_03,Antibiotics,39.2,53.31,0,None,117,219
2024-06-11,HOSP_DMM_03,Antibiotics,38.7,44.29,1,Sandstorm/Dust_Storm,157,291
2024-06-12,HOSP_DMM_03,Antibiotics,33.3,66.16,0,None,111,210
2024-06-13,HOSP_DMM_03,Antibiotics,29.6,52.62,0,None,115,217
2024-06-14,HOSP_DMM_03,Antibiotics,31.3,56.21,0,None,126,237
2024-06-15,HOSP_DMM_03,Antibiotics,40.3,59.49,0,None,102,192
2024-06-16,HOSP_DMM_03,Antibiotics,46.4,52.44,0,None,123,230
2024-06-17,HOSP_DMM_03,Antibiotics,40.5,41.52,0,None,119,224
2024-06-18,HOSP_DMM_03,Antibiotics,37.5,60.43,0,None,113,214
2024-06-19,HOSP_DMM_03,Antibiotics,41.2,45.95,1,Heatwave,160,296
2024-06-20,HOSP_DMM_03,Antibiotics,44.8,47.2,0,None,119,223
2024-06-21,HOSP_DMM_03,Antibiotics,34.2,59.97,0,None,126,237
2024-06-22,HOSP_DMM_03,Antibiotics,29.9,29.88,0,None,103,193
2024-06-23,HOSP_DMM_03,Antibiotics,38.0,50.68,0,None,108,203
2024-06-24,HOSP_DMM_03,Antibiotics,38.0,49.18,0,None,131,245
2024-06-25,HOSP_DMM_03,Antibiotics,36.3,40.55,0,None,113,213
2024-06-26,HOSP_DMM_03,Antibiotics,40.6,56.6,0,None,121,228
2024-06-27,HOSP_DMM_03,Antibiotics,30.5,76.5,0,None,155,289
2024-06-28,HOSP_DMM_03,Antibiotics,42.9,43.0,0,None,136,255
2024-06-29,HOSP_DMM_03,Antibiotics,44.0,55.79,1,Heatwave,168,313
2024-06-30,HOSP_DMM_03,Antibiotics,39.4,42.72,0,None,118,220
2024-07-01,HOSP_DMM_03,Antibiotics,35.3,51.04,0,None,141,265
2024-07-02,HOSP_DMM_03,Antibiotics,40.3,58.38,1,Heatwave,159,295
2024-07-03,HOSP_DMM_03,Antibiotics,40.4,61.35,0,None,118,221
2024-07-04,HOSP_DMM_03,Antibiotics,34.6,34.8,0,None,118,221
2024-07-05,HOSP_DMM_03,Antibiotics,38.7,49.24,0,None,109,204
2024-07-06,HOSP_DMM_03,Antibiotics,37.5,64.63,0,None,115,216
2024-07-07,HOSP_DMM_03,Antibiotics,36.1,51.54,0,None,142,265
2024-07-08,HOSP_DMM_03,Antibiotics,37.6,58.88,0,None,112,211
2024-07-09,HOSP_DMM_03,Antibiotics,41.5,47.72,0,None,141,263
2024-07-10,HOSP_DMM_03,Antibiotics,37.5,61.92,1,Sandstorm/Dust_Storm,166,308
2024-07-11,HOSP_DMM_03,Antibiotics,37.3,50.08,0,None,124,232
2024-07-12,HOSP_DMM_03,Antibiotics,41.7,60.96,0,None,122,229
2024-07-13,HOSP_DMM_03,Antibiotics,31.4,55.64,0,None,131,245
2024-07-14,HOSP_DMM_03,Antibiotics,36.6,55.04,0,None,101,193
2024-07-15,HOSP_DMM_03,Antibiotics,32.6,38.84,0,None,125,235
2024-07-16,HOSP_DMM_03,Antibiotics,36.4,32.53,0,None,118,223
2024-07-17,HOSP_DMM_03,Antibiotics,43.8,40.36,0,None,134,250
2024-07-18,HOSP_DMM_03,Antibiotics,39.7,55.52,1,Sandstorm/Dust_Storm,138,258
2024-07-19,HOSP_DMM_03,Antibiotics,41.2,38.95,0,None,131,246
2024-07-20,HOSP_DMM_03,Antibiotics,37.1,45.83,0,None,114,215
2024-07-21,HOSP_DMM_03,Antibiotics,28.4,49.29,1,Sandstorm/Dust_Storm,139,261
2024-07-22,HOSP_DMM_03,Antibiotics,47.6,70.8,0,None,125,233
2024-07-23,HOSP_DMM_03,Antibiotics,30.5,37.65,0,None,108,205
2024-07-24,HOSP_DMM_03,Antibiotics,33.2,24.97,0,None,103,194
2024-07-25,HOSP_DMM_03,Antibiotics,37.7,44.02,0,None,126,237
2024-07-26,HOSP_DMM_03,Antibiotics,43.6,58.66,0,None,120,225
2024-07-27,HOSP_DMM_03,Antibiotics,36.5,52.73,0,None,126,237
2024-07-28,HOSP_DMM_03,Antibiotics,24.9,46.98,1,Sandstorm/Dust_Storm,184,341
2024-07-29,HOSP_DMM_03,Antibiotics,44.0,61.25,0,None,128,240
2024-07-30,HOSP_DMM_03,Antibiotics,41.5,54.13,0,None,137,257
2024-07-31,HOSP_DMM_03,Antibiotics,35.2,60.45,0,None,110,208
2024-08-01,HOSP_DMM_03,Antibiotics,42.8,59.98,0,None,125,235
2024-08-02,HOSP_DMM_03,Antibiotics,38.4,48.86,0,None,96,182
2024-08-03,HOSP_DMM_03,Antibiotics,42.1,51.59,0,None,123,232
2024-08-04,HOSP_DMM_03,Antibiotics,39.9,44.23,0,None,113,212
2024-08-05,HOSP_DMM_03,Antibiotics,43.1,58.5,0,None,114,215
2024-08-06,HOSP_DMM_03,Antibiotics,32.9,31.99,0,None,122,229
2024-08-07,HOSP_DMM_03,Antibiotics,35.9,46.87,0,None,118,222
2024-08-08,HOSP_DMM_03,Antibiotics,40.4,47.96,0,None,113,212
2024-08-09,HOSP_DMM_03,Antibiotics,35.3,50.02,0,None,137,258
2024-08-10,HOSP_DMM_03,Antibiotics,39.3,56.25,0,None,92,175
2024-08-11,HOSP_DMM_03,Antibiotics,35.4,38.93,0,None,138,255
2024-08-12,HOSP_DMM_03,Antibiotics,39.7,50.41,0,None,123,232
2024-08-13,HOSP_DMM_03,Antibiotics,41.0,49.63,0,None,145,271
2024-08-14,HOSP_DMM_03,Antibiotics,35.0,51.97,0,None,121,224
2024-08-15,HOSP_DMM_03,Antibiotics,37.7,53.84,0,None,123,233
2024-08-16,HOSP_DMM_03,Antibiotics,37.7,50.98,0,None,135,253
2024-08-17,HOSP_DMM_03,Antibiotics,41.4,60.77,0,None,137,257
2024-08-18,HOSP_DMM_03,Antibiotics,38.1,47.58,0,None,133,250
2024-08-19,HOSP_DMM_03,Antibiotics,30.1,31.56,0,None,113,212
2024-08-20,HOSP_DMM_03,Antibiotics,35.1,48.25,0,None,109,205
2024-08-21,HOSP_DMM_03,Antibiotics,33.6,42.64,0,None,111,209
2024-08-22,HOSP_DMM_03,Antibiotics,37.0,61.49,0,None,118,222
2024-08-23,HOSP_DMM_03,Antibiotics,35.1,51.13,0,None,127,239
2024-08-24,HOSP_DMM_03,Antibiotics,32.8,75.06,0,None,111,209
2024-08-25,HOSP_DMM_03,Antibiotics,37.0,42.21,0,None,140,264
2024-08-26,HOSP_DMM_03,Antibiotics,32.1,33.64,0,None,114,213
2024-08-27,HOSP_DMM_03,Antibiotics,37.2,41.65,0,None,107,204
2024-08-28,HOSP_DMM_03,Antibiotics,36.4,46.43,0,None,116,217
2024-08-29,HOSP_DMM_03,Antibiotics,36.7,54.75,0,None,131,246
2024-08-30,HOSP_DMM_03,Antibiotics,33.2,58.11,0,None,121,228
2024-08-31,HOSP_DMM_03,Antibiotics,35.1,60.75,1,Sandstorm/Dust_Storm,169,314
2024-09-01,HOSP_DMM_03,Antibiotics,18.2,58.53,0,None,137,256
2024-09-02,HOSP_DMM_03,Antibiotics,15.8,49.02,0,None,136,254
2024-09-03,HOSP_DMM_03,Antibiotics,28.7,44.99,1,Sandstorm/Dust_Storm,159,294
2024-09-04,HOSP_DMM_03,Antibiotics,26.0,51.19,0,None,111,210
2024-09-05,HOSP_DMM_03,Antibiotics,19.3,45.91,0,None,124,234
2024-09-06,HOSP_DMM_03,Antibiotics,14.5,60.67,0,None,110,209
2024-09-07,HOSP_DMM_03,Antibiotics,21.5,47.27,0,None,112,211
2024-09-08,HOSP_DMM_03,Antibiotics,24.8,54.83,0,None,107,203
2024-09-09,HOSP_DMM_03,Antibiotics,24.4,48.01,0,None,103,196
2024-09-10,HOSP_DMM_03,Antibiotics,26.0,49.32,0,None,120,226
2024-09-11,HOSP_DMM_03,Antibiotics,24.6,26.12,0,None,129,242
2024-09-12,HOSP_DMM_03,Antibiotics,19.4,40.6,0,None,115,218
2024-09-13,HOSP_DMM_03,Antibiotics,24.5,46.39,0,None,100,189
2024-09-14,HOSP_DMM_03,Antibiotics,18.5,43.48,1,Sandstorm/Dust_Storm,172,320
2024-09-15,HOSP_DMM_03,Antibiotics,20.8,30.75,0,None,121,228
2024-09-16,HOSP_DMM_03,Antibiotics,26.0,41.14,0,None,119,223
2024-09-17,HOSP_DMM_03,Antibiotics,26.0,59.39,0,None,124,234
2024-09-18,HOSP_DMM_03,Antibiotics,19.2,55.32,0,None,104,196
2024-09-19,HOSP_DMM_03,Antibiotics,22.1,34.13,0,None,123,232
2024-09-20,HOSP_DMM_03,Antibiotics,14.7,41.93,0,None,107,201
2024-09-21,HOSP_DMM_03,Antibiotics,25.5,42.96,0,None,120,223
2024-09-22,HOSP_DMM_03,Antibiotics,24.3,46.72,0,None,139,259
2024-09-23,HOSP_DMM_03,Antibiotics,23.1,59.34,1,Sandstorm/Dust_Storm,150,279
2024-09-24,HOSP_DMM_03,Antibiotics,29.7,47.6,1,Sandstorm/Dust_Storm,152,284
2024-09-25,HOSP_DMM_03,Antibiotics,20.7,42.36,0,None,128,239
2024-09-26,HOSP_DMM_03,Antibiotics,30.1,41.43,0,None,122,229
2024-09-27,HOSP_DMM_03,Antibiotics,24.3,44.38,0,None,120,225
2024-09-28,HOSP_DMM_03,Antibiotics,23.6,65.18,1,Sandstorm/Dust_Storm,164,306
2024-09-29,HOSP_DMM_03,Antibiotics,18.6,51.81,0,None,114,216
2024-09-30,HOSP_DMM_03,Antibiotics,11.8,68.46,0,None,137,254
2024-10-01,HOSP_DMM_03,Antibiotics,21.1,64.58,0,None,116,219
2024-10-02,HOSP_DMM_03,Antibiotics,22.1,38.3,0,None,102,194
2024-10-03,HOSP_DMM_03,Antibiotics,24.0,50.08,0,None,122,230
2024-10-04,HOSP_DMM_03,Antibiotics,18.7,49.94,0,None,129,243
2024-10-05,HOSP_DMM_03,Antibiotics,14.0,44.71,0,None,108,204
2024-10-06,HOSP_DMM_03,Antibiotics,25.6,52.78,0,None,103,195
2024-10-07,HOSP_DMM_03,Antibiotics,23.8,66.62,0,None,86,163
2024-10-08,HOSP_DMM_03,Antibiotics,26.2,57.83,0,None,127,237
2024-10-09,HOSP_DMM_03,Antibiotics,28.8,53.24,0,None,116,219
2024-10-10,HOSP_DMM_03,Antibiotics,16.6,58.43,0,None,117,219
2024-10-11,HOSP_DMM_03,Antibiotics,20.7,59.76,0,None,133,248
2024-10-12,HOSP_DMM_03,Antibiotics,20.8,41.38,0,None,118,222
2024-10-13,HOSP_DMM_03,Antibiotics,29.1,50.66,0,None,125,234
2024-10-14,HOSP_DMM_03,Antibiotics,24.7,66.19,0,None,135,252
2024-10-15,HOSP_DMM_03,Antibiotics,23.8,48.73,0,None,117,219
2024-10-16,HOSP_DMM_03,Antibiotics,20.6,40.78,0,None,109,206
2024-10-17,HOSP_DMM_03,Antibiotics,21.9,54.48,0,None,122,229
2024-10-18,HOSP_DMM_03,Antibiotics,25.4,49.52,0,None,118,223
2024-10-19,HOSP_DMM_03,Antibiotics,30.7,43.05,0,None,132,247
2024-10-20,HOSP_DMM_03,Antibiotics,23.4,70.84,0,None,122,230
2024-10-21,HOSP_DMM_03,Antibiotics,24.3,42.62,0,None,125,233
2024-10-22,HOSP_DMM_03,Antibiotics,20.2,44.62,0,None,108,204
2024-10-23,HOSP_DMM_03,Antibiotics,20.3,41.03,0,None,114,217
2024-10-24,HOSP_DMM_03,Antibiotics,25.7,51.53,0,None,107,203
2024-10-25,HOSP_DMM_03,Antibiotics,14.3,51.35,0,None,121,227
2024-10-26,HOSP_DMM_03,Antibiotics,22.3,53.76,0,None,112,212
2024-10-27,HOSP_DMM_03,Antibiotics,24.6,51.97,0,None,89,168
2024-10-28,HOSP_DMM_03,Antibiotics,24.2,32.75,0,None,126,235
2024-10-29,HOSP_DMM_03,Antibiotics,19.7,54.03,0,None,116,218
2024-10-30,HOSP_DMM_03,Antibiotics,18.6,43.12,0,None,123,233
2024-10-31,HOSP_DMM_03,Antibiotics,23.5,40.53,0,None,117,222
2024-11-01,HOSP_DMM_03,Antibiotics,15.1,96.04,0,None,152,284
2024-11-02,HOSP_DMM_03,Antibiotics,20.7,84.81,0,None,156,291
2024-11-03,HOSP_DMM_03,Antibiotics,22.4,91.23,0,None,161,299
2024-11-04,HOSP_DMM_03,Antibiotics,19.4,76.87,1,Sandstorm/Dust_Storm,188,347
2024-11-05,HOSP_DMM_03,Antibiotics,19.5,64.1,0,None,156,288
2024-11-06,HOSP_DMM_03,Antibiotics,23.2,67.83,0,None,116,219
2024-11-07,HOSP_DMM_03,Antibiotics,21.6,73.3,0,None,138,257
2024-11-08,HOSP_DMM_03,Antibiotics,22.3,77.33,0,None,144,270
2024-11-09,HOSP_DMM_03,Antibiotics,22.6,87.87,0,None,137,257
2024-11-10,HOSP_DMM_03,Antibiotics,25.2,80.98,0,None,150,277
2024-11-11,HOSP_DMM_03,Antibiotics,22.8,86.77,0,None,150,281
2024-11-12,HOSP_DMM_03,Antibiotics,28.0,66.67,0,None,140,259
2024-11-13,HOSP_DMM_03,Antibiotics,25.4,76.28,0,None,134,252
2024-11-14,HOSP_DMM_03,Antibiotics,29.5,70.4,0,None,138,256
2024-11-15,HOSP_DMM_03,Antibiotics,24.6,68.8,0,None,147,273
2024-11-16,HOSP_DMM_03,Antibiotics,22.8,82.77,0,None,138,258
2024-11-17,HOSP_DMM_03,Antibiotics,16.0,75.98,1,Sandstorm/Dust_Storm,189,350
2024-11-18,HOSP_DMM_03,Antibiotics,20.3,74.68,0,None,151,281
2024-11-19,HOSP_DMM_03,Antibiotics,25.7,79.47,0,None,139,259
2024-11-20,HOSP_DMM_03,Antibiotics,19.2,51.87,0,None,147,273
2024-11-21,HOSP_DMM_03,Antibiotics,27.2,63.99,0,None,130,243
2024-11-22,HOSP_DMM_03,Antibiotics,19.6,68.76,0,None,152,283
2024-11-23,HOSP_DMM_03,Antibiotics,25.8,71.93,0,None,144,269
2024-11-24,HOSP_DMM_03,Antibiotics,28.1,70.33,0,None,149,278
2024-11-25,HOSP_DMM_03,Antibiotics,23.4,80.03,0,None,143,267
2024-11-26,HOSP_DMM_03,Antibiotics,23.4,85.98,0,None,137,257
2024-11-27,HOSP_DMM_03,Antibiotics,20.6,71.47,0,None,154,286
2024-11-28,HOSP_DMM_03,Antibiotics,23.8,62.1,0,None,148,275
2024-11-29,HOSP_DMM_03,Antibiotics,25.0,80.92,0,None,157,293
2024-11-30,HOSP_DMM_03,Antibiotics,31.2,93.05,0,None,131,245
2024-12-01,HOSP_DMM_03,Antibiotics,20.5,74.67,0,None,148,275
2024-12-02,HOSP_DMM_03,Antibiotics,18.1,71.53,0,None,128,238
2024-12-03,HOSP_DMM_03,Antibiotics,26.4,70.24,0,None,142,265
2024-12-04,HOSP_DMM_03,Antibiotics,23.8,87.66,0,None,168,313
2024-12-05,HOSP_DMM_03,Antibiotics,20.7,63.79,0,None,141,265
2024-12-06,HOSP_DMM_03,Antibiotics,24.2,70.18,0,None,136,254
2024-12-07,HOSP_DMM_03,Antibiotics,21.4,76.85,0,None,144,270
2024-12-08,HOSP_DMM_03,Antibiotics,20.0,86.58,0,None,155,290
2024-12-09,HOSP_DMM_03,Antibiotics,24.8,82.03,0,None,148,276
2024-12-10,HOSP_DMM_03,Antibiotics,21.1,71.1,0,None,128,238
2024-12-11,HOSP_DMM_03,Antibiotics,20.1,66.51,0,None,148,275
2024-12-12,HOSP_DMM_03,Antibiotics,26.5,85.25,0,None,142,266
2024-12-13,HOSP_DMM_03,Antibiotics,23.2,79.68,0,None,139,260
2024-12-14,HOSP_DMM_03,Antibiotics,24.1,72.51,0,None,146,271
2024-12-15,HOSP_DMM_03,Antibiotics,24.6,78.5,0,None,133,248
2024-12-16,HOSP_DMM_03,Antibiotics,24.3,66.31,0,None,152,284
2024-12-17,HOSP_DMM_03,Antibiotics,23.6,79.28,0,None,124,232
2024-12-18,HOSP_DMM_03,Antibiotics,19.4,62.48,1,Sandstorm/Dust_Storm,193,356
2024-12-19,HOSP_DMM_03,Antibiotics,28.7,82.65,0,None,151,280
2024-12-20,HOSP_DMM_03,Antibiotics,22.2,62.1,0,None,142,266
2024-12-21,HOSP_DMM_03,Antibiotics,18.3,67.01,0,None,171,319
2024-12-22,HOSP_DMM_03,Antibiotics,15.3,55.24,0,None,137,254
2024-12-23,HOSP_DMM_03,Antibiotics,24.1,64.97,0,None,130,245
2024-12-24,HOSP_DMM_03,Antibiotics,22.8,81.55,1,Sandstorm/Dust_Storm,185,344
2024-12-25,HOSP_DMM_03,Antibiotics,26.9,90.26,0,None,149,279
2024-12-26,HOSP_DMM_03,Antibiotics,10.9,74.61,0,None,146,272
2024-12-27,HOSP_DMM_03,Antibiotics,18.4,87.36,0,None,158,294
2024-12-28,HOSP_DMM_03,Antibiotics,23.0,66.41,1,Sandstorm/Dust_Storm,177,328
2024-12-29,HOSP_DMM_03,Antibiotics,20.1,73.72,0,None,143,266
2024-12-30,HOSP_DMM_03,Antibiotics,20.1,65.82,0,None,139,260
2024-12-31,HOSP_DMM_03,Antibiotics,29.9,83.08,0,None,151,281
2025-01-01,HOSP_DMM_03,Antibiotics,25.4,75.42,0,None,139,260
2025-01-02,HOSP_DMM_03,Antibiotics,22.3,83.28,0,None,130,244
2025-01-03,HOSP_DMM_03,Antibiotics,19.3,62.47,0,None,134,252
2025-01-04,HOSP_DMM_03,Antibiotics,24.2,54.39,0,None,145,269
2025-01-05,HOSP_DMM_03,Antibiotics,23.6,80.58,0,None,144,267
2025-01-06,HOSP_DMM_03,Antibiotics,29.0,63.61,0,None,150,279
2025-01-07,HOSP_DMM_03,Antibiotics,25.4,72.31,0,None,142,265
2025-01-08,HOSP_DMM_03,Antibiotics,20.0,52.34,0,None,134,251
2025-01-09,HOSP_DMM_03,Antibiotics,24.7,76.37,0,None,128,240
2025-01-10,HOSP_DMM_03,Antibiotics,32.4,75.99,0,None,162,300
2025-01-11,HOSP_DMM_03,Antibiotics,24.4,64.5,0,None,151,284
2025-01-12,HOSP_DMM_03,Antibiotics,24.9,68.52,0,None,133,248
2025-01-13,HOSP_DMM_03,Antibiotics,27.1,69.56,0,None,151,279
2025-01-14,HOSP_DMM_03,Antibiotics,19.5,82.63,0,None,141,264
2025-01-15,HOSP_DMM_03,Antibiotics,22.9,70.65,0,None,142,267
2025-01-16,HOSP_DMM_03,Antibiotics,23.8,59.34,0,None,138,256
2025-01-17,HOSP_DMM_03,Antibiotics,24.9,72.5,0,None,176,328
2025-01-18,HOSP_DMM_03,Antibiotics,29.8,77.09,0,None,135,253
2025-01-19,HOSP_DMM_03,Antibiotics,25.6,78.13,0,None,127,238
2025-01-20,HOSP_DMM_03,Antibiotics,26.0,89.62,1,Sandstorm/Dust_Storm,197,364
2025-01-21,HOSP_DMM_03,Antibiotics,29.2,88.45,0,None,159,296
2025-01-22,HOSP_DMM_03,Antibiotics,21.5,62.81,0,None,168,312
2025-01-23,HOSP_DMM_03,Antibiotics,18.3,72.25,0,None,139,259
2025-01-24,HOSP_DMM_03,Antibiotics,25.9,90.01,0,None,152,285
2025-01-25,HOSP_DMM_03,Antibiotics,24.5,78.55,0,None,145,271
2025-01-26,HOSP_DMM_03,Antibiotics,24.8,79.75,0,None,142,266
2025-01-27,HOSP_DMM_03,Antibiotics,25.8,75.91,0,None,134,252
2025-01-28,HOSP_DMM_03,Antibiotics,21.0,69.13,1,Sandstorm/Dust_Storm,184,342
2025-01-29,HOSP_DMM_03,Antibiotics,24.5,74.53,0,None,141,263
2025-01-30,HOSP_DMM_03,Antibiotics,20.9,63.15,0,None,140,262
2025-01-31,HOSP_DMM_03,Antibiotics,28.0,78.3,0,None,158,295
2025-02-01,HOSP_DMM_03,Antibiotics,28.6,55.53,0,None,149,276
2025-02-02,HOSP_DMM_03,Antibiotics,21.9,83.81,0,None,141,264
2025-02-03,HOSP_DMM_03,Antibiotics,25.4,58.33,0,None,149,278
2025-02-04,HOSP_DMM_03,Antibiotics,27.0,61.08,0,None,146,273
2025-02-05,HOSP_DMM_03,Antibiotics,23.6,74.34,0,None,155,289
2025-02-06,HOSP_DMM_03,Antibiotics,30.4,73.28,0,None,143,268
2025-02-07,HOSP_DMM_03,Antibiotics,21.6,74.96,0,None,154,286
2025-02-08,HOSP_DMM_03,Antibiotics,24.6,57.04,0,None,145,270
2025-02-09,HOSP_DMM_03,Antibiotics,21.3,57.19,0,None,146,274
2025-02-10,HOSP_DMM_03,Antibiotics,23.4,61.07,0,None,135,253
2025-02-11,HOSP_DMM_03,Antibiotics,23.7,69.96,0,None,137,256
2025-02-12,HOSP_DMM_03,Antibiotics,21.8,71.48,1,Sandstorm/Dust_Storm,184,341
2025-02-13,HOSP_DMM_03,Antibiotics,26.8,71.26,1,Sandstorm/Dust_Storm,171,318
2025-02-14,HOSP_DMM_03,Antibiotics,24.3,82.22,0,None,173,323
2025-02-15,HOSP_DMM_03,Antibiotics,25.3,74.23,0,None,152,284
2025-02-16,HOSP_DMM_03,Antibiotics,25.8,67.42,0,None,150,279
2025-02-17,HOSP_DMM_03,Antibiotics,26.7,80.23,0,None,146,273
2025-02-18,HOSP_DMM_03,Antibiotics,20.9,77.72,0,None,149,277
2025-02-19,HOSP_DMM_03,Antibiotics,24.7,70.14,0,None,147,273
2025-02-20,HOSP_DMM_03,Antibiotics,24.4,70.76,0,None,167,309
2025-02-21,HOSP_DMM_03,Antibiotics,21.1,59.54,0,None,140,261
2025-02-22,HOSP_DMM_03,Antibiotics,21.5,68.95,0,None,166,309
2025-02-23,HOSP_DMM_03,Antibiotics,31.2,83.96,0,None,154,287
2025-02-24,HOSP_DMM_03,Antibiotics,23.7,69.26,0,None,113,214
2025-02-25,HOSP_DMM_03,Antibiotics,25.9,93.48,1,Sandstorm/Dust_Storm,201,371
2025-02-26,HOSP_DMM_03,Antibiotics,23.2,67.45,0,None,151,279
2025-02-27,HOSP_DMM_03,Antibiotics,25.7,91.04,0,None,150,279
2025-02-28,HOSP_DMM_03,Antibiotics,27.4,72.0,0,None,125,236
2025-03-01,HOSP_DMM_03,Antibiotics,27.5,41.43,0,None,123,232
2025-03-02,HOSP_DMM_03,Antibiotics,20.8,52.55,0,None,126,236
2025-03-03,HOSP_DMM_03,Antibiotics,16.8,58.16,0,None,124,232
2025-03-04,HOSP_DMM_03,Antibiotics,19.2,51.76,0,None,131,245
2025-03-05,HOSP_DMM_03,Antibiotics,29.0,33.2,0,None,123,230
2025-03-06,HOSP_DMM_03,Antibiotics,18.7,35.76,0,None,127,238
2025-03-07,HOSP_DMM_03,Antibiotics,18.3,43.95,0,None,140,261
2025-03-08,HOSP_DMM_03,Antibiotics,17.2,39.99,0,None,119,224
2025-03-09,HOSP_DMM_03,Antibiotics,19.7,43.5,0,None,107,202
2025-03-10,HOSP_DMM_03,Antibiotics,23.2,36.24,0,None,112,211
2025-03-11,HOSP_DMM_03,Antibiotics,27.6,46.66,0,None,120,224
2025-03-12,HOSP_DMM_03,Antibiotics,15.6,69.72,0,None,144,269
2025-03-13,HOSP_DMM_03,Antibiotics,19.8,67.22,0,None,117,222
2025-03-14,HOSP_DMM_03,Antibiotics,25.8,52.57,0,None,144,270
2025-03-15,HOSP_DMM_03,Antibiotics,18.6,70.68,0,None,129,243
2025-03-16,HOSP_DMM_03,Antibiotics,19.3,75.3,0,None,111,208
2025-03-17,HOSP_DMM_03,Antibiotics,29.6,39.67,0,None,98,185
2025-03-18,HOSP_DMM_03,Antibiotics,23.3,39.47,0,None,129,243
2025-03-19,HOSP_DMM_03,Antibiotics,29.2,48.15,0,None,115,217
2025-03-20,HOSP_DMM_03,Antibiotics,24.3,55.7,0,None,120,224
2025-03-21,HOSP_DMM_03,Antibiotics,21.7,54.16,0,None,128,240
2025-03-22,HOSP_DMM_03,Antibiotics,22.1,52.82,0,None,116,219
2025-03-23,HOSP_DMM_03,Antibiotics,16.5,48.53,0,None,112,210
2025-03-24,HOSP_DMM_03,Antibiotics,25.1,58.19,0,None,105,198
2025-03-25,HOSP_DMM_03,Antibiotics,21.9,51.55,0,None,132,247
2025-03-26,HOSP_DMM_03,Antibiotics,23.9,40.14,0,None,126,236
2025-03-27,HOSP_DMM_03,Antibiotics,25.2,47.87,0,None,113,214
2025-03-28,HOSP_DMM_03,Antibiotics,23.2,52.88,0,None,103,194
2025-03-29,HOSP_DMM_03,Antibiotics,28.2,52.01,0,None,134,250
2025-03-30,HOSP_DMM_03,Antibiotics,19.7,54.7,0,None,111,208
2025-03-31,HOSP_DMM_03,Antibiotics,28.9,50.84,0,None,136,255
2025-04-01,HOSP_DMM_03,Antibiotics,18.7,23.84,0,None,116,218
2025-04-02,HOSP_DMM_03,Antibiotics,27.8,54.26,0,None,117,220
2025-04-03,HOSP_DMM_03,Antibiotics,26.0,39.94,1,Sandstorm/Dust_Storm,155,288
2025-04-04,HOSP_DMM_03,Antibiotics,18.9,45.12,0,None,109,207
2025-04-05,HOSP_DMM_03,Antibiotics,22.6,63.49,0,None,95,182
2025-04-06,HOSP_DMM_03,Antibiotics,32.2,47.61,0,None,124,233
2025-04-07,HOSP_DMM_03,Antibiotics,26.5,36.35,0,None,101,190
2025-04-08,HOSP_DMM_03,Antibiotics,30.9,61.64,0,None,95,180
2025-04-09,HOSP_DMM_03,Antibiotics,24.4,44.29,0,None,114,214
2025-04-10,HOSP_DMM_03,Antibiotics,24.8,63.97,0,None,135,253
2025-04-11,HOSP_DMM_03,Antibiotics,24.0,58.09,0,None,115,217
2025-04-12,HOSP_DMM_03,Antibiotics,16.4,46.13,0,None,143,266
2025-04-13,HOSP_DMM_03,Antibiotics,21.3,62.51,0,None,138,260
2025-04-14,HOSP_DMM_03,Antibiotics,20.0,66.08,1,Sandstorm/Dust_Storm,154,288
2025-04-15,HOSP_DMM_03,Antibiotics,26.9,43.44,0,None,135,252
2025-04-16,HOSP_DMM_03,Antibiotics,29.4,42.21,0,None,99,187
2025-04-17,HOSP_DMM_03,Antibiotics,22.0,42.98,0,None,119,225
2025-04-18,HOSP_DMM_03,Antibiotics,22.5,33.27,0,None,124,231
2025-04-19,HOSP_DMM_03,Antibiotics,24.8,36.17,0,None,138,258
2025-04-20,HOSP_DMM_03,Antibiotics,19.4,38.45,0,None,133,249
2025-04-21,HOSP_DMM_03,Antibiotics,20.2,56.6,0,None,100,190
2025-04-22,HOSP_DMM_03,Antibiotics,19.7,52.42,0,None,150,279
2025-04-23,HOSP_DMM_03,Antibiotics,18.6,64.8,0,None,127,240
2025-04-24,HOSP_DMM_03,Antibiotics,22.8,39.16,0,None,107,201
2025-04-25,HOSP_DMM_03,Antibiotics,23.9,35.78,0,None,149,278
2025-04-26,HOSP_DMM_03,Antibiotics,23.0,49.3,1,Sandstorm/Dust_Storm,156,292
2025-04-27,HOSP_DMM_03,Antibiotics,22.1,69.7,0,None,120,225
2025-04-28,HOSP_DMM_03,Antibiotics,20.2,49.78,0,None,124,232
2025-04-29,HOSP_DMM_03,Antibiotics,26.0,38.33,0,None,133,251
2025-04-30,HOSP_DMM_03,Antibiotics,20.8,33.11,0,None,131,245
2025-05-01,HOSP_DMM_03,Antibiotics,21.1,50.31,0,None,121,227
2025-05-02,HOSP_DMM_03,Antibiotics,22.7,51.88,0,None,129,242
2025-05-03,HOSP_DMM_03,Antibiotics,17.1,53.31,0,None,127,239
2025-05-04,HOSP_DMM_03,Antibiotics,24.5,49.84,0,None,124,233
2025-05-05,HOSP_DMM_03,Antibiotics,22.2,47.5,0,None,119,223
2025-05-06,HOSP_DMM_03,Antibiotics,16.1,47.86,0,None,106,200
2025-05-07,HOSP_DMM_03,Antibiotics,20.5,47.03,0,None,97,184
2025-05-08,HOSP_DMM_03,Antibiotics,24.3,49.17,1,Sandstorm/Dust_Storm,155,289
2025-05-09,HOSP_DMM_03,Antibiotics,19.0,49.58,0,None,123,231
2025-05-10,HOSP_DMM_03,Antibiotics,16.3,59.51,0,None,113,214
2025-05-11,HOSP_DMM_03,Antibiotics,24.3,56.13,0,None,105,199
2025-05-12,HOSP_DMM_03,Antibiotics,29.1,54.95,0,None,126,238
2025-05-13,HOSP_DMM_03,Antibiotics,24.6,55.44,0,None,103,196
2025-05-14,HOSP_DMM_03,Antibiotics,25.0,36.12,0,None,126,236
2025-05-15,HOSP_DMM_03,Antibiotics,16.6,16.83,0,None,105,198
2025-05-16,HOSP_DMM_03,Antibiotics,23.6,52.36,1,Sandstorm/Dust_Storm,157,293
2025-05-17,HOSP_DMM_03,Antibiotics,18.7,43.84,0,None,127,237
2025-05-18,HOSP_DMM_03,Antibiotics,26.0,60.67,0,None,119,223
2025-05-19,HOSP_DMM_03,Antibiotics,20.3,61.69,0,None,105,197
2025-05-20,HOSP_DMM_03,Antibiotics,19.0,52.23,1,Sandstorm/Dust_Storm,145,270
2025-05-21,HOSP_DMM_03,Antibiotics,20.3,54.06,0,None,112,213
2025-05-22,HOSP_DMM_03,Antibiotics,24.3,50.64,0,None,121,226
2025-05-23,HOSP_DMM_03,Antibiotics,24.2,43.48,0,None,123,231
2025-05-24,HOSP_DMM_03,Antibiotics,29.6,49.82,0,None,107,202
2025-05-25,HOSP_DMM_03,Antibiotics,24.1,48.19,0,None,107,201
2025-05-26,HOSP_DMM_03,Antibiotics,18.9,60.9,0,None,101,190
2025-05-27,HOSP_DMM_03,Antibiotics,27.5,52.32,0,None,129,242
2025-05-28,HOSP_DMM_03,Antibiotics,25.6,56.58,0,None,119,222
2025-05-29,HOSP_DMM_03,Antibiotics,20.7,48.65,0,None,135,253
2025-05-30,HOSP_DMM_03,Antibiotics,29.1,51.55,0,None,119,224
2025-05-31,HOSP_DMM_03,Antibiotics,19.0,56.02,0,None,143,267
2025-06-01,HOSP_DMM_03,Antibiotics,39.5,24.41,1,Sandstorm/Dust_Storm,159,294
2025-06-02,HOSP_DMM_03,Antibiotics,36.7,61.06,0,None,130,245
2025-06-03,HOSP_DMM_03,Antibiotics,39.6,39.65,0,None,128,241
2025-06-04,HOSP_DMM_03,Antibiotics,37.4,40.73,0,None,131,245
2025-06-05,HOSP_DMM_03,Antibiotics,36.6,34.71,0,None,141,262
2025-06-06,HOSP_DMM_03,Antibiotics,41.1,42.49,0,None,114,214
2025-06-07,HOSP_DMM_03,Antibiotics,35.1,78.47,0,None,110,206
2025-06-08,HOSP_DMM_03,Antibiotics,31.6,36.35,0,None,124,233
2025-06-09,HOSP_DMM_03,Antibiotics,35.2,54.59,0,None,134,252
2025-06-10,HOSP_DMM_03,Antibiotics,40.9,52.37,0,None,118,221
2025-06-11,HOSP_DMM_03,Antibiotics,41.9,39.79,0,None,113,213
2025-06-12,HOSP_DMM_03,Antibiotics,39.1,52.42,0,None,127,238
2025-06-13,HOSP_DMM_03,Antibiotics,32.3,45.54,1,Sandstorm/Dust_Storm,137,255
2025-06-14,HOSP_DMM_03,Antibiotics,39.9,48.54,0,None,113,213
2025-06-15,HOSP_DMM_03,Antibiotics,39.5,51.08,0,None,117,219
2025-06-16,HOSP_DMM_03,Antibiotics,41.7,56.55,0,None,117,222
2025-06-17,HOSP_DMM_03,Antibiotics,41.4,57.0,0,None,109,206
2025-06-18,HOSP_DMM_03,Antibiotics,38.0,50.98,0,None,131,245
2025-06-19,HOSP_DMM_03,Antibiotics,40.3,53.02,0,None,121,229
2025-06-20,HOSP_DMM_03,Antibiotics,34.6,38.52,0,None,137,254
2025-06-21,HOSP_DMM_03,Antibiotics,31.9,55.8,0,None,124,234
2025-06-22,HOSP_DMM_03,Antibiotics,40.1,43.32,0,None,124,232
2025-06-23,HOSP_DMM_03,Antibiotics,46.7,32.65,0,None,106,200
2025-06-24,HOSP_DMM_03,Antibiotics,43.9,69.48,0,None,123,231
2025-06-25,HOSP_DMM_03,Antibiotics,37.0,53.45,0,None,111,212
2025-06-26,HOSP_DMM_03,Antibiotics,33.8,44.3,0,None,122,228
2025-06-27,HOSP_DMM_03,Antibiotics,37.8,37.99,0,None,123,230
2025-06-28,HOSP_DMM_03,Antibiotics,31.0,42.12,0,None,126,237
2025-06-29,HOSP_DMM_03,Antibiotics,39.9,56.42,0,None,131,246
2025-06-30,HOSP_DMM_03,Antibiotics,39.7,42.32,0,None,126,237
2025-07-01,HOSP_DMM_03,Antibiotics,39.9,62.44,0,None,104,196
2025-07-02,HOSP_DMM_03,Antibiotics,35.0,50.75,0,None,143,268
2025-07-03,HOSP_DMM_03,Antibiotics,37.2,38.15,0,None,118,223
2025-07-04,HOSP_DMM_03,Antibiotics,32.2,62.06,0,None,117,220
2025-07-05,HOSP_DMM_03,Antibiotics,37.6,27.06,0,None,98,186
2025-07-06,HOSP_DMM_03,Antibiotics,35.3,61.94,0,None,118,222
2025-07-07,HOSP_DMM_03,Antibiotics,30.4,74.63,0,None,100,190
2025-07-08,HOSP_DMM_03,Antibiotics,38.2,44.12,0,None,143,268
2025-07-09,HOSP_DMM_03,Antibiotics,32.5,52.69,0,None,132,248
2025-07-10,HOSP_DMM_03,Antibiotics,44.2,52.75,0,None,118,220
2025-07-11,HOSP_DMM_03,Antibiotics,45.9,42.15,0,None,123,230
2025-07-12,HOSP_DMM_03,Antibiotics,36.8,46.53,0,None,110,208
2025-07-13,HOSP_DMM_03,Antibiotics,31.2,64.72,1,Sandstorm/Dust_Storm,154,288
2025-07-14,HOSP_DMM_03,Antibiotics,37.9,50.14,0,None,134,251
2025-07-15,HOSP_DMM_03,Antibiotics,42.6,43.21,0,None,120,223
2025-07-16,HOSP_DMM_03,Antibiotics,38.7,43.3,0,None,132,247
2025-07-17,HOSP_DMM_03,Antibiotics,35.1,37.42,0,None,127,240
2025-07-18,HOSP_DMM_03,Antibiotics,34.4,46.19,0,None,126,237
2025-07-19,HOSP_DMM_03,Antibiotics,35.5,50.34,0,None,121,225
2025-07-20,HOSP_DMM_03,Antibiotics,45.4,48.57,0,None,110,208
2025-07-21,HOSP_DMM_03,Antibiotics,44.0,51.41,0,None,111,209
2025-07-22,HOSP_DMM_03,Antibiotics,32.1,64.28,0,None,120,226
2025-07-23,HOSP_DMM_03,Antibiotics,38.8,52.85,0,None,133,249
2025-07-24,HOSP_DMM_03,Antibiotics,32.3,44.44,0,None,121,227
2025-07-25,HOSP_DMM_03,Antibiotics,33.8,44.43,0,None,113,213
2025-07-26,HOSP_DMM_03,Antibiotics,34.4,37.41,1,Sandstorm/Dust_Storm,147,275
2025-07-27,HOSP_DMM_03,Antibiotics,36.0,54.45,1,Sandstorm/Dust_Storm,163,304
2025-07-28,HOSP_DMM_03,Antibiotics,33.8,45.26,0,None,137,258
2025-07-29,HOSP_DMM_03,Antibiotics,46.4,44.92,0,None,125,234
2025-07-30,HOSP_DMM_03,Antibiotics,40.7,46.49,0,None,100,188
2025-07-31,HOSP_DMM_03,Antibiotics,35.9,50.11,0,None,124,232
2025-08-01,HOSP_DMM_03,Antibiotics,39.1,54.03,0,None,115,216
2025-08-02,HOSP_DMM_03,Antibiotics,36.7,41.37,0,None,110,208
2025-08-03,HOSP_DMM_03,Antibiotics,38.2,47.58,0,None,118,223
2025-08-04,HOSP_DMM_03,Antibiotics,47.8,60.78,0,None,113,213
2025-08-05,HOSP_DMM_03,Antibiotics,28.9,62.31,0,None,116,218
2025-08-06,HOSP_DMM_03,Antibiotics,43.0,32.4,0,None,134,250
2025-08-07,HOSP_DMM_03,Antibiotics,30.3,40.03,0,None,120,226
2025-08-08,HOSP_DMM_03,Antibiotics,35.4,47.12,0,None,115,218
2025-08-09,HOSP_DMM_03,Antibiotics,39.8,59.72,0,None,129,243
2025-08-10,HOSP_DMM_03,Antibiotics,30.9,43.37,0,None,105,197
2025-08-11,HOSP_DMM_03,Antibiotics,32.9,54.7,0,None,117,220
2025-08-12,HOSP_DMM_03,Antibiotics,37.2,36.73,0,None,132,248
2025-08-13,HOSP_DMM_03,Antibiotics,33.7,61.95,0,None,133,249
2025-08-14,HOSP_DMM_03,Antibiotics,38.5,37.96,0,None,112,210
2025-08-15,HOSP_DMM_03,Antibiotics,36.9,45.44,0,None,123,231
2025-08-16,HOSP_DMM_03,Antibiotics,29.6,43.82,0,None,132,248
2025-08-17,HOSP_DMM_03,Antibiotics,40.5,62.39,1,Heatwave,200,370
2025-08-18,HOSP_DMM_03,Antibiotics,31.8,53.35,0,None,107,202
2025-08-19,HOSP_DMM_03,Antibiotics,36.5,65.06,0,None,126,236
2025-08-20,HOSP_DMM_03,Antibiotics,35.2,51.96,0,None,140,261
2025-08-21,HOSP_DMM_03,Antibiotics,48.8,51.97,0,None,131,246
2025-08-22,HOSP_DMM_03,Antibiotics,39.4,51.73,0,None,111,209
2025-08-23,HOSP_DMM_03,Antibiotics,35.5,64.79,1,Sandstorm/Dust_Storm,166,309
2025-08-24,HOSP_DMM_03,Antibiotics,37.9,24.65,0,None,112,211
2025-08-25,HOSP_DMM_03,Antibiotics,43.4,50.39,0,None,120,225
2025-08-26,HOSP_DMM_03,Antibiotics,41.1,58.09,0,None,120,226
2025-08-27,HOSP_DMM_03,Antibiotics,31.5,39.68,0,None,139,260
2025-08-28,HOSP_DMM_03,Antibiotics,37.0,60.28,0,None,123,232
2025-08-29,HOSP_DMM_03,Antibiotics,42.6,44.5,0,None,127,239
2025-08-30,HOSP_DMM_03,Antibiotics,44.9,40.88,1,Heatwave,153,287
2025-08-31,HOSP_DMM_03,Antibiotics,46.3,45.85,1,Heatwave,174,323
2025-09-01,HOSP_DMM_03,Antibiotics,17.9,46.94,0,None,120,224
2025-09-02,HOSP_DMM_03,Antibiotics,27.0,59.82,0,None,100,191
2025-09-03,HOSP_DMM_03,Antibiotics,19.8,42.12,0,None,130,245
2025-09-04,HOSP_DMM_03,Antibiotics,21.7,56.11,0,None,115,216
2025-09-05,HOSP_DMM_03,Antibiotics,24.4,52.53,0,None,128,239
2025-09-06,HOSP_DMM_03,Antibiotics,26.1,46.16,0,None,123,231
2025-09-07,HOSP_DMM_03,Antibiotics,25.3,46.8,0,None,123,230
2025-09-08,HOSP_DMM_03,Antibiotics,18.8,60.88,0,None,134,252
2025-09-09,HOSP_DMM_03,Antibiotics,26.3,54.31,0,None,111,210
2025-09-10,HOSP_DMM_03,Antibiotics,26.7,61.72,0,None,117,220
2025-09-11,HOSP_DMM_03,Antibiotics,20.2,47.14,0,None,137,256
2025-09-12,HOSP_DMM_03,Antibiotics,20.1,51.06,1,Sandstorm/Dust_Storm,178,330
2025-09-13,HOSP_DMM_03,Antibiotics,27.0,32.75,0,None,115,218
2025-09-14,HOSP_DMM_03,Antibiotics,17.3,52.99,0,None,124,234
2025-09-15,HOSP_DMM_03,Antibiotics,26.8,66.03,0,None,119,223
2025-09-16,HOSP_DMM_03,Antibiotics,18.2,51.55,1,Sandstorm/Dust_Storm,138,258
2025-09-17,HOSP_DMM_03,Antibiotics,17.4,47.41,0,None,108,204
2025-09-18,HOSP_DMM_03,Antibiotics,23.0,57.67,0,None,128,240
2025-09-19,HOSP_DMM_03,Antibiotics,20.5,54.1,0,None,131,245
2025-09-20,HOSP_DMM_03,Antibiotics,25.8,47.64,1,Sandstorm/Dust_Storm,166,308
2025-09-21,HOSP_DMM_03,Antibiotics,22.1,40.68,0,None,133,247
2025-09-22,HOSP_DMM_03,Antibiotics,22.6,44.0,0,None,110,208
2025-09-23,HOSP_DMM_03,Antibiotics,24.0,68.78,0,None,96,182
2025-09-24,HOSP_DMM_03,Antibiotics,34.8,58.37,0,None,112,212
2025-09-25,HOSP_DMM_03,Antibiotics,22.0,65.99,0,None,136,254
2025-09-26,HOSP_DMM_03,Antibiotics,29.0,41.92,0,None,115,216
2025-09-27,HOSP_DMM_03,Antibiotics,24.5,57.27,0,None,116,218
2025-09-28,HOSP_DMM_03,Antibiotics,18.5,35.31,0,None,94,178
2025-09-29,HOSP_DMM_03,Antibiotics,20.1,44.99,0,None,109,206
2025-09-30,HOSP_DMM_03,Antibiotics,21.8,59.92,0,None,135,252
2025-10-01,HOSP_DMM_03,Antibiotics,29.6,48.89,0,None,113,212
2025-10-02,HOSP_DMM_03,Antibiotics,20.8,60.54,0,None,145,271
2025-10-03,HOSP_DMM_03,Antibiotics,25.2,55.05,0,None,133,249
2025-10-04,HOSP_DMM_03,Antibiotics,22.2,37.58,0,None,106,199
2025-10-05,HOSP_DMM_03,Antibiotics,28.1,62.63,0,None,130,242
2025-10-06,HOSP_DMM_03,Antibiotics,20.8,52.49,0,None,116,219
2025-10-07,HOSP_DMM_03,Antibiotics,18.5,56.74,0,None,124,232
2025-10-08,HOSP_DMM_03,Antibiotics,22.4,38.2,0,None,140,261
2025-10-09,HOSP_DMM_03,Antibiotics,22.2,36.61,0,None,132,246
2025-10-10,HOSP_DMM_03,Antibiotics,19.8,41.45,0,None,125,236
2025-10-11,HOSP_DMM_03,Antibiotics,22.2,51.02,0,None,102,194
2025-10-12,HOSP_DMM_03,Antibiotics,26.6,29.33,0,None,125,235
2025-10-13,HOSP_DMM_03,Antibiotics,25.3,39.59,0,None,128,239
2025-10-14,HOSP_DMM_03,Antibiotics,21.2,40.61,0,None,123,231
2025-10-15,HOSP_DMM_03,Antibiotics,20.4,53.04,0,None,103,195
2025-10-16,HOSP_DMM_03,Antibiotics,27.1,47.28,1,Sandstorm/Dust_Storm,149,280
2025-10-17,HOSP_DMM_03,Antibiotics,27.4,47.96,0,None,133,249
2025-10-18,HOSP_DMM_03,Antibiotics,26.6,67.49,0,None,117,221
2025-10-19,HOSP_DMM_03,Antibiotics,20.6,43.63,0,None,125,236
2025-10-20,HOSP_DMM_03,Antibiotics,21.3,48.2,0,None,128,239
2025-10-21,HOSP_DMM_03,Antibiotics,24.2,33.19,0,None,125,234
2025-10-22,HOSP_DMM_03,Antibiotics,23.4,41.15,0,None,126,237
2025-10-23,HOSP_DMM_03,Antibiotics,26.6,63.83,0,None,104,197
2025-10-24,HOSP_DMM_03,Antibiotics,18.5,48.29,0,None,124,233
2025-10-25,HOSP_DMM_03,Antibiotics,30.2,51.55,0,None,89,167
2025-10-26,HOSP_DMM_03,Antibiotics,15.7,62.05,0,None,131,245
2025-10-27,HOSP_DMM_03,Antibiotics,20.5,43.79,0,None,128,243
2025-10-28,HOSP_DMM_03,Antibiotics,19.3,55.4,0,None,127,237
2025-10-29,HOSP_DMM_03,Antibiotics,26.5,32.52,0,None,126,236
2025-10-30,HOSP_DMM_03,Antibiotics,21.5,50.53,0,None,119,225
2025-10-31,HOSP_DMM_03,Antibiotics,21.6,57.92,0,None,118,223
2025-11-01,HOSP_DMM_03,Antibiotics,23.0,84.9,0,None,141,263
2025-11-02,HOSP_DMM_03,Antibiotics,24.2,69.65,0,None,130,244
2025-11-03,HOSP_DMM_03,Antibiotics,27.2,67.76,0,None,136,254
2025-11-04,HOSP_DMM_03,Antibiotics,24.0,55.75,0,None,150,278
2025-11-05,HOSP_DMM_03,Antibiotics,21.7,65.41,0,None,133,249
2025-11-06,HOSP_DMM_03,Antibiotics,25.8,82.25,0,None,141,264
2025-11-07,HOSP_DMM_03,Antibiotics,26.7,53.48,0,None,163,304
2025-11-08,HOSP_DMM_03,Antibiotics,17.9,72.47,0,None,142,265
2025-11-09,HOSP_DMM_03,Antibiotics,27.7,85.47,0,None,136,255
2025-11-10,HOSP_DMM_03,Antibiotics,28.4,89.04,0,None,128,240
2025-11-11,HOSP_DMM_03,Antibiotics,30.4,69.53,0,None,141,263
2025-11-12,HOSP_DMM_03,Antibiotics,24.7,75.42,0,None,125,235
2025-11-13,HOSP_DMM_03,Antibiotics,26.3,74.89,0,None,125,236
2025-11-14,HOSP_DMM_03,Antibiotics,19.1,82.96,0,None,151,282
2025-11-15,HOSP_DMM_03,Antibiotics,18.8,73.61,0,None,149,280
2025-11-16,HOSP_DMM_03,Antibiotics,18.2,62.27,0,None,153,284
2025-11-17,HOSP_DMM_03,Antibiotics,27.9,58.98,0,None,162,301
2025-11-18,HOSP_DMM_03,Antibiotics,24.7,80.19,0,None,158,295
2025-11-19,HOSP_DMM_03,Antibiotics,25.0,69.11,0,None,153,285
2025-11-20,HOSP_DMM_03,Antibiotics,21.2,83.79,0,None,146,273
2025-11-21,HOSP_DMM_03,Antibiotics,22.1,66.01,0,None,158,294
2025-11-22,HOSP_DMM_03,Antibiotics,22.7,71.54,0,None,135,253
2025-11-23,HOSP_DMM_03,Antibiotics,29.2,69.93,0,None,137,257
2025-11-24,HOSP_DMM_03,Antibiotics,20.6,90.77,0,None,155,287
2025-11-25,HOSP_DMM_03,Antibiotics,24.7,76.42,0,None,148,278
2025-11-26,HOSP_DMM_03,Antibiotics,22.0,73.34,0,None,138,258
2025-11-27,HOSP_DMM_03,Antibiotics,21.7,87.39,0,None,147,275
2025-11-28,HOSP_DMM_03,Antibiotics,18.9,83.12,0,None,161,300
2025-11-29,HOSP_DMM_03,Antibiotics,20.2,76.56,0,None,141,264
2025-11-30,HOSP_DMM_03,Antibiotics,17.3,77.92,0,None,147,274
2025-12-01,HOSP_DMM_03,Antibiotics,22.4,73.02,0,None,159,296
2025-12-02,HOSP_DMM_03,Antibiotics,32.1,73.59,0,None,156,290
2025-12-03,HOSP_DMM_03,Antibiotics,19.3,77.69,0,None,139,260
2025-12-04,HOSP_DMM_03,Antibiotics,26.8,75.86,0,None,129,241
2025-12-05,HOSP_DMM_03,Antibiotics,21.8,56.87,0,None,136,255
2025-12-06,HOSP_DMM_03,Antibiotics,14.1,85.06,0,None,155,289
2025-12-07,HOSP_DMM_03,Antibiotics,27.3,82.61,1,Sandstorm/Dust_Storm,209,386
2025-12-08,HOSP_DMM_03,Antibiotics,17.6,57.22,0,None,142,266
2025-12-09,HOSP_DMM_03,Antibiotics,18.6,91.72,0,None,150,281
2025-12-10,HOSP_DMM_03,Antibiotics,19.5,88.2,0,None,125,234
2025-12-11,HOSP_DMM_03,Antibiotics,25.9,80.72,0,None,158,295
2025-12-12,HOSP_DMM_03,Antibiotics,20.4,93.69,1,Sandstorm/Dust_Storm,189,351
2025-12-13,HOSP_DMM_03,Antibiotics,25.0,78.64,0,None,155,288
2025-12-14,HOSP_DMM_03,Antibiotics,22.6,58.28,0,None,146,272
2025-12-15,HOSP_DMM_03,Antibiotics,23.0,72.72,0,None,136,255
2025-12-16,HOSP_DMM_03,Antibiotics,19.1,61.48,0,None,153,285
2025-12-17,HOSP_DMM_03,Antibiotics,18.4,74.01,0,None,154,286
2025-12-18,HOSP_DMM_03,Antibiotics,20.0,76.79,0,None,137,258
2025-12-19,HOSP_DMM_03,Antibiotics,15.7,79.2,0,None,151,282
2025-12-20,HOSP_DMM_03,Antibiotics,25.9,53.65,0,None,128,241
2025-12-21,HOSP_DMM_03,Antibiotics,27.6,80.1,0,None,156,289
2025-12-22,HOSP_DMM_03,Antibiotics,20.9,75.63,0,None,149,277
2025-12-23,HOSP_DMM_03,Antibiotics,26.5,81.07,1,Sandstorm/Dust_Storm,174,321
2025-12-24,HOSP_DMM_03,Antibiotics,26.2,85.74,0,None,140,263
2025-12-25,HOSP_DMM_03,Antibiotics,23.3,67.74,0,None,168,311
2025-12-26,HOSP_DMM_03,Antibiotics,20.5,61.57,0,None,149,277
2025-12-27,HOSP_DMM_03,Antibiotics,30.5,87.05,0,None,160,297
2025-12-28,HOSP_DMM_03,Antibiotics,26.2,73.88,0,None,150,279
2025-12-29,HOSP_DMM_03,Antibiotics,23.1,77.61,0,None,151,280
2025-12-30,HOSP_DMM_03,Antibiotics,19.6,71.39,0,None,148,277
2025-12-31,HOSP_DMM_03,Antibiotics,24.8,70.23,0,None,143,266
2026-01-01,HOSP_DMM_03,Antibiotics,29.4,67.86,0,None,144,270
2024-01-01,HOSP_DMM_03,Inhalers,17.4,63.96,0,None,160,288
2024-01-02,HOSP_DMM_03,Inhalers,26.0,82.31,0,None,154,278
2024-01-03,HOSP_DMM_03,Inhalers,27.3,76.67,0,None,134,241
2024-01-04,HOSP_DMM_03,Inhalers,16.8,83.39,1,Sandstorm/Dust_Storm,189,381
2024-01-05,HOSP_DMM_03,Inhalers,24.7,66.36,0,None,155,277
2024-01-06,HOSP_DMM_03,Inhalers,27.2,92.3,0,None,154,277
2024-01-07,HOSP_DMM_03,Inhalers,20.3,50.12,0,None,145,261
2024-01-08,HOSP_DMM_03,Inhalers,23.8,79.53,0,None,162,292
2024-01-09,HOSP_DMM_03,Inhalers,22.3,67.29,0,None,129,232
2024-01-10,HOSP_DMM_03,Inhalers,24.3,73.7,0,None,143,258
2024-01-11,HOSP_DMM_03,Inhalers,21.7,70.49,0,None,139,251
2024-01-12,HOSP_DMM_03,Inhalers,30.6,78.78,0,None,140,251
2024-01-13,HOSP_DMM_03,Inhalers,24.7,78.84,1,Sandstorm/Dust_Storm,189,379
2024-01-14,HOSP_DMM_03,Inhalers,17.5,86.99,0,None,139,250
2024-01-15,HOSP_DMM_03,Inhalers,21.7,77.33,0,None,137,247
2024-01-16,HOSP_DMM_03,Inhalers,14.7,70.19,0,None,163,295
2024-01-17,HOSP_DMM_03,Inhalers,21.1,88.14,0,None,136,244
2024-01-18,HOSP_DMM_03,Inhalers,15.0,78.17,0,None,145,261
2024-01-19,HOSP_DMM_03,Inhalers,25.1,72.09,0,None,146,261
2024-01-20,HOSP_DMM_03,Inhalers,28.0,70.21,1,Sandstorm/Dust_Storm,199,398
2024-01-21,HOSP_DMM_03,Inhalers,26.2,68.91,0,None,156,283
2024-01-22,HOSP_DMM_03,Inhalers,15.8,70.9,0,None,154,277
2024-01-23,HOSP_DMM_03,Inhalers,19.4,73.42,0,None,150,269
2024-01-24,HOSP_DMM_03,Inhalers,21.3,55.09,0,None,149,268
2024-01-25,HOSP_DMM_03,Inhalers,28.4,62.54,0,None,147,263
2024-01-26,HOSP_DMM_03,Inhalers,21.1,53.16,0,None,146,261
2024-01-27,HOSP_DMM_03,Inhalers,24.7,71.44,0,None,158,285
2024-01-28,HOSP_DMM_03,Inhalers,17.5,66.17,0,None,156,279
2024-01-29,HOSP_DMM_03,Inhalers,18.4,72.02,0,None,140,252
2024-01-30,HOSP_DMM_03,Inhalers,20.2,58.95,0,None,135,243
2024-01-31,HOSP_DMM_03,Inhalers,21.2,74.67,0,None,142,255
2024-02-01,HOSP_DMM_03,Inhalers,20.1,72.57,0,None,155,277
2024-02-02,HOSP_DMM_03,Inhalers,26.6,57.32,0,None,120,215
2024-02-03,HOSP_DMM_03,Inhalers,24.6,69.44,0,None,159,285
2024-02-04,HOSP_DMM_03,Inhalers,21.7,58.57,0,None,151,271
2024-02-05,HOSP_DMM_03,Inhalers,25.6,84.19,0,None,133,239
2024-02-06,HOSP_DMM_03,Inhalers,30.9,73.62,0,None,150,270
2024-02-07,HOSP_DMM_03,Inhalers,25.1,53.62,0,None,133,239
2024-02-08,HOSP_DMM_03,Inhalers,27.1,88.61,0,None,145,261
2024-02-09,HOSP_DMM_03,Inhalers,18.7,80.35,0,None,136,246
2024-02-10,HOSP_DMM_03,Inhalers,23.2,87.13,0,None,163,293
2024-02-11,HOSP_DMM_03,Inhalers,24.2,73.45,0,None,163,294
2024-02-12,HOSP_DMM_03,Inhalers,21.3,78.72,0,None,171,307
2024-02-13,HOSP_DMM_03,Inhalers,19.5,57.79,0,None,135,241
2024-02-14,HOSP_DMM_03,Inhalers,22.3,67.2,0,None,145,260
2024-02-15,HOSP_DMM_03,Inhalers,25.4,65.8,0,None,135,244
2024-02-16,HOSP_DMM_03,Inhalers,17.6,87.1,0,None,143,257
2024-02-17,HOSP_DMM_03,Inhalers,23.9,78.18,0,None,124,222
2024-02-18,HOSP_DMM_03,Inhalers,19.9,74.18,0,None,147,264
2024-02-19,HOSP_DMM_03,Inhalers,24.1,87.39,0,None,140,251
2024-02-20,HOSP_DMM_03,Inhalers,26.1,67.88,0,None,145,261
2024-02-21,HOSP_DMM_03,Inhalers,20.1,81.79,0,None,152,274
2024-02-22,HOSP_DMM_03,Inhalers,22.0,80.83,0,None,167,301
2024-02-23,HOSP_DMM_03,Inhalers,19.0,92.59,0,None,130,232
2024-02-24,HOSP_DMM_03,Inhalers,23.5,78.72,0,None,159,285
2024-02-25,HOSP_DMM_03,Inhalers,24.1,81.1,0,None,129,231
2024-02-26,HOSP_DMM_03,Inhalers,26.2,78.82,0,None,137,246
2024-02-27,HOSP_DMM_03,Inhalers,29.2,69.69,0,None,137,246
2024-02-28,HOSP_DMM_03,Inhalers,20.8,67.66,0,None,159,284
2024-02-29,HOSP_DMM_03,Inhalers,23.2,96.39,0,None,144,257
2024-03-01,HOSP_DMM_03,Inhalers,16.9,46.22,1,Sandstorm/Dust_Storm,170,346
2024-03-02,HOSP_DMM_03,Inhalers,19.0,38.44,1,Sandstorm/Dust_Storm,172,349
2024-03-03,HOSP_DMM_03,Inhalers,23.7,52.09,1,Sandstorm/Dust_Storm,170,348
2024-03-04,HOSP_DMM_03,Inhalers,35.3,52.99,0,None,119,215
2024-03-05,HOSP_DMM_03,Inhalers,29.8,42.42,0,None,130,234
2024-03-06,HOSP_DMM_03,Inhalers,15.2,40.71,0,None,114,205
2024-03-07,HOSP_DMM_03,Inhalers,16.3,38.43,0,None,126,226
2024-03-08,HOSP_DMM_03,Inhalers,27.5,48.31,0,None,125,224
2024-03-09,HOSP_DMM_03,Inhalers,22.2,67.82,0,None,127,228
2024-03-10,HOSP_DMM_03,Inhalers,24.4,64.16,0,None,101,182
2024-03-11,HOSP_DMM_03,Inhalers,22.5,50.63,0,None,112,200
2024-03-12,HOSP_DMM_03,Inhalers,27.1,40.63,0,None,97,176
2024-03-13,HOSP_DMM_03,Inhalers,23.4,39.77,0,None,123,221
2024-03-14,HOSP_DMM_03,Inhalers,24.6,73.89,0,None,119,212
2024-03-15,HOSP_DMM_03,Inhalers,16.6,44.7,0,None,108,193
2024-03-16,HOSP_DMM_03,Inhalers,24.6,50.72,0,None,135,243
2024-03-17,HOSP_DMM_03,Inhalers,28.8,65.5,0,None,120,216
2024-03-18,HOSP_DMM_03,Inhalers,19.4,48.08,0,None,139,249
2024-03-19,HOSP_DMM_03,Inhalers,18.5,38.14,0,None,80,143
2024-03-20,HOSP_DMM_03,Inhalers,23.1,43.68,0,None,131,234
2024-03-21,HOSP_DMM_03,Inhalers,20.7,39.64,0,None,125,224
2024-03-22,HOSP_DMM_03,Inhalers,20.5,63.66,0,None,106,191
2024-03-23,HOSP_DMM_03,Inhalers,26.6,45.0,0,None,103,183
2024-03-24,HOSP_DMM_03,Inhalers,27.5,47.32,0,None,124,222
2024-03-25,HOSP_DMM_03,Inhalers,27.3,61.61,0,None,133,240
2024-03-26,HOSP_DMM_03,Inhalers,13.9,38.54,0,None,100,177
2024-03-27,HOSP_DMM_03,Inhalers,16.6,59.9,0,None,122,218
2024-03-28,HOSP_DMM_03,Inhalers,22.3,64.92,0,None,132,235
2024-03-29,HOSP_DMM_03,Inhalers,22.9,57.44,0,None,121,217
2024-03-30,HOSP_DMM_03,Inhalers,23.8,57.93,0,None,105,189
2024-03-31,HOSP_DMM_03,Inhalers,22.2,64.02,0,None,122,220
2024-04-01,HOSP_DMM_03,Inhalers,31.3,58.03,0,None,117,211
2024-04-02,HOSP_DMM_03,Inhalers,18.4,70.52,0,None,114,205
2024-04-03,HOSP_DMM_03,Inhalers,22.6,51.35,0,None,137,247
2024-04-04,HOSP_DMM_03,Inhalers,29.0,37.42,0,None,125,226
2024-04-05,HOSP_DMM_03,Inhalers,17.4,41.19,0,None,133,239
2024-04-06,HOSP_DMM_03,Inhalers,9.3,52.85,0,None,133,238
2024-04-07,HOSP_DMM_03,Inhalers,18.8,57.39,0,None,126,226
2024-04-08,HOSP_DMM_03,Inhalers,21.1,62.23,0,None,128,229
2024-04-09,HOSP_DMM_03,Inhalers,19.7,52.23,0,None,132,239
2024-04-10,HOSP_DMM_03,Inhalers,18.1,59.96,0,None,118,215
2024-04-11,HOSP_DMM_03,Inhalers,17.1,52.36,0,None,133,240
2024-04-12,HOSP_DMM_03,Inhalers,25.6,48.16,0,None,108,192
2024-04-13,HOSP_DMM_03,Inhalers,23.3,65.29,0,None,122,216
2024-04-14,HOSP_DMM_03,Inhalers,19.6,55.26,0,None,104,187
2024-04-15,HOSP_DMM_03,Inhalers,21.9,62.81,0,None,114,204
2024-04-16,HOSP_DMM_03,Inhalers,17.9,42.95,0,None,121,216
2024-04-17,HOSP_DMM_03,Inhalers,26.6,68.07,0,None,125,226
2024-04-18,HOSP_DMM_03,Inhalers,24.8,52.14,0,None,128,229
2024-04-19,HOSP_DMM_03,Inhalers,18.9,34.34,0,None,147,265
2024-04-20,HOSP_DMM_03,Inhalers,27.2,50.08,1,Sandstorm/Dust_Storm,158,324
2024-04-21,HOSP_DMM_03,Inhalers,20.9,53.85,0,None,125,224
2024-04-22,HOSP_DMM_03,Inhalers,25.4,54.07,0,None,118,212
2024-04-23,HOSP_DMM_03,Inhalers,21.8,40.65,0,None,106,191
2024-04-24,HOSP_DMM_03,Inhalers,30.7,55.23,0,None,114,205
2024-04-25,HOSP_DMM_03,Inhalers,27.6,66.03,0,None,108,194
2024-04-26,HOSP_DMM_03,Inhalers,17.7,57.58,0,None,116,209
2024-04-27,HOSP_DMM_03,Inhalers,28.1,50.44,0,None,136,243
2024-04-28,HOSP_DMM_03,Inhalers,28.3,33.29,0,None,135,241
2024-04-29,HOSP_DMM_03,Inhalers,22.0,40.8,0,None,132,238
2024-04-30,HOSP_DMM_03,Inhalers,21.6,29.96,0,None,110,200
2024-05-01,HOSP_DMM_03,Inhalers,19.6,54.19,0,None,133,239
2024-05-02,HOSP_DMM_03,Inhalers,20.8,54.34,1,Sandstorm/Dust_Storm,173,350
2024-05-03,HOSP_DMM_03,Inhalers,27.1,62.84,0,None,110,199
2024-05-04,HOSP_DMM_03,Inhalers,31.8,65.71,0,None,115,205
2024-05-05,HOSP_DMM_03,Inhalers,16.2,73.64,1,Sandstorm/Dust_Storm,166,339
2024-05-06,HOSP_DMM_03,Inhalers,27.7,51.41,0,None,119,212
2024-05-07,HOSP_DMM_03,Inhalers,23.4,71.8,0,None,119,215
2024-05-08,HOSP_DMM_03,Inhalers,17.2,57.18,0,None,123,221
2024-05-09,HOSP_DMM_03,Inhalers,19.4,49.99,0,None,127,229
2024-05-10,HOSP_DMM_03,Inhalers,20.0,50.78,0,None,119,214
2024-05-11,HOSP_DMM_03,Inhalers,19.6,47.59,0,None,135,243
2024-05-12,HOSP_DMM_03,Inhalers,21.7,44.02,0,None,130,234
2024-05-13,HOSP_DMM_03,Inhalers,22.2,36.3,0,None,123,220
2024-05-14,HOSP_DMM_03,Inhalers,28.5,51.87,1,Sandstorm/Dust_Storm,151,311
2024-05-15,HOSP_DMM_03,Inhalers,23.2,40.51,0,None,117,210
2024-05-16,HOSP_DMM_03,Inhalers,27.3,60.92,0,None,109,197
2024-05-17,HOSP_DMM_03,Inhalers,24.1,60.07,0,None,120,216
2024-05-18,HOSP_DMM_03,Inhalers,21.2,58.44,0,None,119,214
2024-05-19,HOSP_DMM_03,Inhalers,21.1,52.72,0,None,136,246
2024-05-20,HOSP_DMM_03,Inhalers,25.0,59.02,0,None,116,208
2024-05-21,HOSP_DMM_03,Inhalers,24.1,49.14,0,None,101,181
2024-05-22,HOSP_DMM_03,Inhalers,24.7,37.24,0,None,119,215
2024-05-23,HOSP_DMM_03,Inhalers,23.7,74.57,0,None,130,233
2024-05-24,HOSP_DMM_03,Inhalers,25.3,44.68,0,None,129,234
2024-05-25,HOSP_DMM_03,Inhalers,26.6,57.76,0,None,123,221
2024-05-26,HOSP_DMM_03,Inhalers,21.6,55.18,0,None,125,225
2024-05-27,HOSP_DMM_03,Inhalers,22.7,42.57,0,None,143,256
2024-05-28,HOSP_DMM_03,Inhalers,18.2,50.52,0,None,113,204
2024-05-29,HOSP_DMM_03,Inhalers,19.1,28.38,0,None,125,226
2024-05-30,HOSP_DMM_03,Inhalers,20.8,71.74,0,None,114,204
2024-05-31,HOSP_DMM_03,Inhalers,15.7,30.33,0,None,118,213
2024-06-01,HOSP_DMM_03,Inhalers,33.4,63.86,0,None,134,241
2024-06-02,HOSP_DMM_03,Inhalers,41.0,54.36,0,None,123,221
2024-06-03,HOSP_DMM_03,Inhalers,32.5,47.95,0,None,112,200
2024-06-04,HOSP_DMM_03,Inhalers,37.2,52.35,0,None,126,227
2024-06-05,HOSP_DMM_03,Inhalers,40.1,51.19,0,None,129,231
2024-06-06,HOSP_DMM_03,Inhalers,39.1,46.43,0,None,98,177
2024-06-07,HOSP_DMM_03,Inhalers,45.2,40.02,0,None,114,205
2024-06-08,HOSP_DMM_03,Inhalers,44.8,51.57,0,None,123,221
2024-06-09,HOSP_DMM_03,Inhalers,32.2,40.69,0,None,108,192
2024-06-10,HOSP_DMM_03,Inhalers,42.9,54.48,0,None,121,220
2024-06-11,HOSP_DMM_03,Inhalers,46.9,45.95,0,None,118,212
2024-06-12,HOSP_DMM_03,Inhalers,43.6,70.66,0,None,99,177
2024-06-13,HOSP_DMM_03,Inhalers,46.6,34.08,0,None,124,224
2024-06-14,HOSP_DMM_03,Inhalers,44.2,37.56,0,None,116,207
2024-06-15,HOSP_DMM_03,Inhalers,34.7,48.86,0,None,108,195
2024-06-16,HOSP_DMM_03,Inhalers,32.0,59.74,0,None,116,210
2024-06-17,HOSP_DMM_03,Inhalers,45.1,53.05,0,None,116,208
2024-06-18,HOSP_DMM_03,Inhalers,33.3,54.97,0,None,115,205
2024-06-19,HOSP_DMM_03,Inhalers,42.3,66.6,0,None,113,201
2024-06-20,HOSP_DMM_03,Inhalers,40.0,41.45,0,None,124,221
2024-06-21,HOSP_DMM_03,Inhalers,32.4,52.38,0,None,136,243
2024-06-22,HOSP_DMM_03,Inhalers,32.1,44.28,0,None,112,203
2024-06-23,HOSP_DMM_03,Inhalers,33.3,56.95,0,None,122,220
2024-06-24,HOSP_DMM_03,Inhalers,38.6,68.05,0,None,137,248
2024-06-25,HOSP_DMM_03,Inhalers,32.8,51.81,0,None,121,217
2024-06-26,HOSP_DMM_03,Inhalers,33.1,62.03,0,None,123,222
2024-06-27,HOSP_DMM_03,Inhalers,39.5,55.46,0,None,132,237
2024-06-28,HOSP_DMM_03,Inhalers,36.4,57.86,0,None,141,254
2024-06-29,HOSP_DMM_03,Inhalers,36.5,64.16,0,None,135,244
2024-06-30,HOSP_DMM_03,Inhalers,35.5,61.41,0,None,134,240
2024-07-01,HOSP_DMM_03,Inhalers,43.0,36.25,0,None,134,239
2024-07-02,HOSP_DMM_03,Inhalers,37.0,48.31,0,None,145,259
2024-07-03,HOSP_DMM_03,Inhalers,41.9,46.71,0,None,129,232
2024-07-04,HOSP_DMM_03,Inhalers,35.2,62.28,1,Sandstorm/Dust_Storm,177,360
2024-07-05,HOSP_DMM_03,Inhalers,38.4,57.0,0,None,113,201
2024-07-06,HOSP_DMM_03,Inhalers,39.7,54.87,0,None,132,237
2024-07-07,HOSP_DMM_03,Inhalers,31.1,36.81,0,None,96,173
2024-07-08,HOSP_DMM_03,Inhalers,46.7,37.58,0,None,110,197
2024-07-09,HOSP_DMM_03,Inhalers,44.1,41.35,0,None,119,215
2024-07-10,HOSP_DMM_03,Inhalers,33.4,47.59,0,None,111,200
2024-07-11,HOSP_DMM_03,Inhalers,37.4,45.74,0,None,116,210
2024-07-12,HOSP_DMM_03,Inhalers,39.0,66.33,0,None,125,225
2024-07-13,HOSP_DMM_03,Inhalers,38.9,43.95,0,None,110,198
2024-07-14,HOSP_DMM_03,Inhalers,43.2,61.45,0,None,143,257
2024-07-15,HOSP_DMM_03,Inhalers,28.0,39.09,0,None,115,206
2024-07-16,HOSP_DMM_03,Inhalers,43.4,53.46,1,Heatwave,164,296
2024-07-17,HOSP_DMM_03,Inhalers,35.0,44.12,0,None,136,245
2024-07-18,HOSP_DMM_03,Inhalers,29.7,57.23,0,None,110,198
2024-07-19,HOSP_DMM_03,Inhalers,34.1,32.48,0,None,90,160
2024-07-20,HOSP_DMM_03,Inhalers,37.9,58.37,0,None,129,232
2024-07-21,HOSP_DMM_03,Inhalers,39.0,48.65,0,None,120,216
2024-07-22,HOSP_DMM_03,Inhalers,36.8,36.6,0,None,115,207
2024-07-23,HOSP_DMM_03,Inhalers,35.8,43.91,0,None,126,225
2024-07-24,HOSP_DMM_03,Inhalers,34.2,52.34,0,None,132,237
2024-07-25,HOSP_DMM_03,Inhalers,33.3,53.35,0,None,138,248
2024-07-26,HOSP_DMM_03,Inhalers,34.1,55.52,0,None,123,222
2024-07-27,HOSP_DMM_03,Inhalers,31.0,55.84,0,None,128,229
2024-07-28,HOSP_DMM_03,Inhalers,43.0,51.83,0,None,131,236
2024-07-29,HOSP_DMM_03,Inhalers,38.3,53.49,0,None,129,232
2024-07-30,HOSP_DMM_03,Inhalers,34.0,62.9,0,None,116,209
2024-07-31,HOSP_DMM_03,Inhalers,39.8,41.35,0,None,130,234
2024-08-01,HOSP_DMM_03,Inhalers,41.1,59.55,0,None,125,224
2024-08-02,HOSP_DMM_03,Inhalers,34.8,45.68,0,None,130,233
2024-08-03,HOSP_DMM_03,Inhalers,39.1,42.21,0,None,133,239
2024-08-04,HOSP_DMM_03,Inhalers,40.4,50.16,0,None,109,196
2024-08-05,HOSP_DMM_03,Inhalers,31.4,39.32,0,None,134,240
2024-08-06,HOSP_DMM_03,Inhalers,39.1,44.28,0,None,141,253
2024-08-07,HOSP_DMM_03,Inhalers,39.6,58.63,0,None,136,245
2024-08-08,HOSP_DMM_03,Inhalers,33.0,42.99,0,None,132,237
2024-08-09,HOSP_DMM_03,Inhalers,39.4,43.34,0,None,96,171
2024-08-10,HOSP_DMM_03,Inhalers,43.8,32.35,0,None,136,245
2024-08-11,HOSP_DMM_03,Inhalers,40.4,48.76,0,None,124,223
2024-08-12,HOSP_DMM_03,Inhalers,36.8,49.06,1,Sandstorm/Dust_Storm,173,351
2024-08-13,HOSP_DMM_03,Inhalers,40.0,54.9,0,None,109,196
2024-08-14,HOSP_DMM_03,Inhalers,34.5,46.61,0,None,120,216
2024-08-15,HOSP_DMM_03,Inhalers,38.5,49.83,0,None,136,243
2024-08-16,HOSP_DMM_03,Inhalers,39.6,28.03,0,None,108,195
2024-08-17,HOSP_DMM_03,Inhalers,30.7,47.2,0,None,107,193
2024-08-18,HOSP_DMM_03,Inhalers,29.9,48.53,0,None,134,242
2024-08-19,HOSP_DMM_03,Inhalers,34.4,35.48,0,None,109,198
2024-08-20,HOSP_DMM_03,Inhalers,35.8,70.45,0,None,118,211
2024-08-21,HOSP_DMM_03,Inhalers,38.6,62.16,0,None,130,235
2024-08-22,HOSP_DMM_03,Inhalers,38.3,65.06,0,None,133,239
2024-08-23,HOSP_DMM_03,Inhalers,36.2,66.05,0,None,122,221
2024-08-24,HOSP_DMM_03,Inhalers,37.7,62.27,0,None,108,194
2024-08-25,HOSP_DMM_03,Inhalers,38.3,55.11,0,None,135,242
2024-08-26,HOSP_DMM_03,Inhalers,28.9,53.56,0,None,128,229
2024-08-27,HOSP_DMM_03,Inhalers,42.2,54.67,0,None,134,241
2024-08-28,HOSP_DMM_03,Inhalers,37.6,36.24,0,None,148,266
2024-08-29,HOSP_DMM_03,Inhalers,35.4,31.18,1,Sandstorm/Dust_Storm,133,278
2024-08-30,HOSP_DMM_03,Inhalers,36.1,54.84,0,None,133,238
2024-08-31,HOSP_DMM_03,Inhalers,45.1,23.25,0,None,112,200
2024-09-01,HOSP_DMM_03,Inhalers,26.5,55.59,0,None,105,188
2024-09-02,HOSP_DMM_03,Inhalers,22.9,47.78,0,None,130,234
2024-09-03,HOSP_DMM_03,Inhalers,22.6,51.51,0,None,135,243
2024-09-04,HOSP_DMM_03,Inhalers,29.3,35.55,0,None,135,243
2024-09-05,HOSP_DMM_03,Inhalers,27.0,54.88,0,None,121,217
2024-09-06,HOSP_DMM_03,Inhalers,18.4,38.38,0,None,126,226
2024-09-07,HOSP_DMM_03,Inhalers,19.8,49.97,0,None,93,166
2024-09-08,HOSP_DMM_03,Inhalers,19.9,47.68,0,None,118,212
2024-09-09,HOSP_DMM_03,Inhalers,27.9,43.63,0,None,127,227
2024-09-10,HOSP_DMM_03,Inhalers,21.7,53.43,0,None,128,230
2024-09-11,HOSP_DMM_03,Inhalers,26.3,57.44,0,None,123,221
2024-09-12,HOSP_DMM_03,Inhalers,19.2,42.28,1,Sandstorm/Dust_Storm,163,333
2024-09-13,HOSP_DMM_03,Inhalers,19.6,45.92,0,None,150,269
2024-09-14,HOSP_DMM_03,Inhalers,21.4,71.5,0,None,131,235
2024-09-15,HOSP_DMM_03,Inhalers,21.8,46.08,0,None,138,247
2024-09-16,HOSP_DMM_03,Inhalers,30.3,44.9,0,None,106,188
2024-09-17,HOSP_DMM_03,Inhalers,25.3,50.87,0,None,106,191
2024-09-18,HOSP_DMM_03,Inhalers,21.0,62.67,0,None,124,221
2024-09-19,HOSP_DMM_03,Inhalers,28.1,51.3,0,None,124,225
2024-09-20,HOSP_DMM_03,Inhalers,22.0,53.43,0,None,109,195
2024-09-21,HOSP_DMM_03,Inhalers,19.3,49.97,0,None,87,157
2024-09-22,HOSP_DMM_03,Inhalers,23.7,31.12,0,None,102,183
2024-09-23,HOSP_DMM_03,Inhalers,27.6,58.86,0,None,116,209
2024-09-24,HOSP_DMM_03,Inhalers,26.8,41.19,0,None,120,216
2024-09-25,HOSP_DMM_03,Inhalers,15.7,46.25,0,None,130,233
2024-09-26,HOSP_DMM_03,Inhalers,19.9,39.03,1,Sandstorm/Dust_Storm,141,292
2024-09-27,HOSP_DMM_03,Inhalers,21.0,42.64,0,None,124,225
2024-09-28,HOSP_DMM_03,Inhalers,25.9,48.98,0,None,111,198
2024-09-29,HOSP_DMM_03,Inhalers,25.6,62.34,0,None,112,199
2024-09-30,HOSP_DMM_03,Inhalers,30.0,44.36,0,None,119,215
2024-10-01,HOSP_DMM_03,Inhalers,17.3,57.74,0,None,108,193
2024-10-02,HOSP_DMM_03,Inhalers,19.5,60.59,0,None,101,183
2024-10-03,HOSP_DMM_03,Inhalers,25.5,42.82,0,None,106,190
2024-10-04,HOSP_DMM_03,Inhalers,18.6,26.42,0,None,111,200
2024-10-05,HOSP_DMM_03,Inhalers,22.6,60.39,0,None,138,249
2024-10-06,HOSP_DMM_03,Inhalers,22.5,48.96,0,None,125,224
2024-10-07,HOSP_DMM_03,Inhalers,21.8,63.73,0,None,112,203
2024-10-08,HOSP_DMM_03,Inhalers,25.7,47.03,0,None,146,263
2024-10-09,HOSP_DMM_03,Inhalers,17.5,60.17,0,None,125,225
2024-10-10,HOSP_DMM_03,Inhalers,18.3,37.2,0,None,127,227
2024-10-11,HOSP_DMM_03,Inhalers,23.4,51.61,0,None,105,189
2024-10-12,HOSP_DMM_03,Inhalers,20.5,43.41,0,None,133,239
2024-10-13,HOSP_DMM_03,Inhalers,24.1,60.23,0,None,101,180
2024-10-14,HOSP_DMM_03,Inhalers,18.7,60.36,0,None,121,218
2024-10-15,HOSP_DMM_03,Inhalers,20.5,44.45,0,None,120,216
2024-10-16,HOSP_DMM_03,Inhalers,23.6,49.18,0,None,123,221
2024-10-17,HOSP_DMM_03,Inhalers,22.5,40.68,1,Sandstorm/Dust_Storm,158,323
2024-10-18,HOSP_DMM_03,Inhalers,16.7,47.75,0,None,146,262
2024-10-19,HOSP_DMM_03,Inhalers,29.5,40.59,0,None,112,201
2024-10-20,HOSP_DMM_03,Inhalers,20.5,39.7,0,None,117,212
2024-10-21,HOSP_DMM_03,Inhalers,26.4,33.89,1,Sandstorm/Dust_Storm,146,301
2024-10-22,HOSP_DMM_03,Inhalers,24.7,56.6,0,None,124,223
2024-10-23,HOSP_DMM_03,Inhalers,27.9,32.81,1,Sandstorm/Dust_Storm,189,381
2024-10-24,HOSP_DMM_03,Inhalers,24.6,38.35,0,None,78,140
2024-10-25,HOSP_DMM_03,Inhalers,23.7,48.23,0,None,127,229
2024-10-26,HOSP_DMM_03,Inhalers,24.1,51.22,0,None,103,184
2024-10-27,HOSP_DMM_03,Inhalers,19.5,61.54,0,None,131,234
2024-10-28,HOSP_DMM_03,Inhalers,21.9,43.67,0,None,120,216
2024-10-29,HOSP_DMM_03,Inhalers,22.5,61.08,0,None,108,196
2024-10-30,HOSP_DMM_03,Inhalers,21.1,38.24,0,None,119,214
2024-10-31,HOSP_DMM_03,Inhalers,20.3,51.26,0,None,105,191
2024-11-01,HOSP_DMM_03,Inhalers,26.0,51.2,0,None,130,235
2024-11-02,HOSP_DMM_03,Inhalers,26.2,68.45,0,None,144,259
2024-11-03,HOSP_DMM_03,Inhalers,28.7,63.06,0,None,146,262
2024-11-04,HOSP_DMM_03,Inhalers,23.2,96.9,0,None,139,250
2024-11-05,HOSP_DMM_03,Inhalers,22.9,79.77,0,None,173,311
2024-11-06,HOSP_DMM_03,Inhalers,20.2,69.72,0,None,136,244
2024-11-07,HOSP_DMM_03,Inhalers,23.6,97.41,1,Sandstorm/Dust_Storm,157,321
2024-11-08,HOSP_DMM_03,Inhalers,23.3,75.59,0,None,150,270
2024-11-09,HOSP_DMM_03,Inhalers,24.1,72.61,0,None,151,272
2024-11-10,HOSP_DMM_03,Inhalers,25.5,64.07,0,None,154,278
2024-11-11,HOSP_DMM_03,Inhalers,27.8,82.24,1,Sandstorm/Dust_Storm,196,392
2024-11-12,HOSP_DMM_03,Inhalers,22.4,83.52,0,None,129,232
2024-11-13,HOSP_DMM_03,Inhalers,21.8,76.54,0,None,138,249
2024-11-14,HOSP_DMM_03,Inhalers,26.3,97.36,0,None,136,246
2024-11-15,HOSP_DMM_03,Inhalers,19.1,72.07,0,None,143,258
2024-11-16,HOSP_DMM_03,Inhalers,20.6,70.91,0,None,132,237
2024-11-17,HOSP_DMM_03,Inhalers,18.8,74.33,0,None,140,252
2024-11-18,HOSP_DMM_03,Inhalers,22.3,55.35,0,None,151,271
2024-11-19,HOSP_DMM_03,Inhalers,28.0,91.93,0,None,157,281
2024-11-20,HOSP_DMM_03,Inhalers,19.2,87.29,0,None,158,282
2024-11-21,HOSP_DMM_03,Inhalers,27.5,89.74,0,None,153,275
2024-11-22,HOSP_DMM_03,Inhalers,20.9,77.06,0,None,143,256
2024-11-23,HOSP_DMM_03,Inhalers,28.9,89.76,0,None,154,276
2024-11-24,HOSP_DMM_03,Inhalers,23.5,67.63,1,Sandstorm/Dust_Storm,187,378
2024-11-25,HOSP_DMM_03,Inhalers,26.2,56.4,0,None,149,268
2024-11-26,HOSP_DMM_03,Inhalers,19.5,76.83,0,None,140,251
2024-11-27,HOSP_DMM_03,Inhalers,24.8,55.84,0,None,129,233
2024-11-28,HOSP_DMM_03,Inhalers,18.8,91.76,0,None,145,261
2024-11-29,HOSP_DMM_03,Inhalers,25.7,80.35,0,None,142,255
2024-11-30,HOSP_DMM_03,Inhalers,26.2,63.69,1,Sandstorm/Dust_Storm,178,358
2024-12-01,HOSP_DMM_03,Inhalers,26.0,64.91,0,None,138,249
2024-12-02,HOSP_DMM_03,Inhalers,23.9,59.59,0,None,134,241
2024-12-03,HOSP_DMM_03,Inhalers,15.4,83.19,0,None,139,248
2024-12-04,HOSP_DMM_03,Inhalers,18.7,64.79,0,None,169,304
2024-12-05,HOSP_DMM_03,Inhalers,18.9,78.72,0,None,151,273
2024-12-06,HOSP_DMM_03,Inhalers,19.5,68.59,0,None,141,253
2024-12-07,HOSP_DMM_03,Inhalers,25.9,75.42,0,None,139,251
2024-12-08,HOSP_DMM_03,Inhalers,27.4,61.08,0,None,139,250
2024-12-09,HOSP_DMM_03,Inhalers,24.2,82.14,0,None,145,262
2024-12-10,HOSP_DMM_03,Inhalers,29.1,71.97,0,None,133,238
2024-12-11,HOSP_DMM_03,Inhalers,20.8,75.38,0,None,142,255
2024-12-12,HOSP_DMM_03,Inhalers,21.9,82.4,0,None,137,246
2024-12-13,HOSP_DMM_03,Inhalers,24.0,95.7,0,None,138,249
2024-12-14,HOSP_DMM_03,Inhalers,22.7,74.18,0,None,152,274
2024-12-15,HOSP_DMM_03,Inhalers,23.5,90.42,0,None,154,277
2024-12-16,HOSP_DMM_03,Inhalers,10.9,65.36,0,None,149,269
2024-12-17,HOSP_DMM_03,Inhalers,22.1,81.81,1,Sandstorm/Dust_Storm,189,380
2024-12-18,HOSP_DMM_03,Inhalers,22.9,98.62,0,None,164,294
2024-12-19,HOSP_DMM_03,Inhalers,28.1,68.5,0,None,146,262
2024-12-20,HOSP_DMM_03,Inhalers,29.1,80.23,0,None,144,257
2024-12-21,HOSP_DMM_03,Inhalers,20.9,77.57,0,None,132,237
2024-12-22,HOSP_DMM_03,Inhalers,15.2,88.69,0,None,153,273
2024-12-23,HOSP_DMM_03,Inhalers,26.7,64.41,0,None,141,252
2024-12-24,HOSP_DMM_03,Inhalers,22.4,76.8,0,None,153,272
2024-12-25,HOSP_DMM_03,Inhalers,20.3,77.85,0,None,135,243
2024-12-26,HOSP_DMM_03,Inhalers,25.6,71.76,0,None,140,253
2024-12-27,HOSP_DMM_03,Inhalers,27.0,73.64,0,None,157,282
2024-12-28,HOSP_DMM_03,Inhalers,23.7,71.9,0,None,155,278
2024-12-29,HOSP_DMM_03,Inhalers,26.8,82.29,0,None,157,283
2024-12-30,HOSP_DMM_03,Inhalers,23.7,69.31,0,None,129,230
2024-12-31,HOSP_DMM_03,Inhalers,20.4,83.45,0,None,157,282
2025-01-01,HOSP_DMM_03,Inhalers,20.3,89.69,0,None,165,297
2025-01-02,HOSP_DMM_03,Inhalers,23.4,73.66,0,None,133,239
2025-01-03,HOSP_DMM_03,Inhalers,25.9,63.56,0,None,138,248
2025-01-04,HOSP_DMM_03,Inhalers,16.7,71.1,0,None,139,249
2025-01-05,HOSP_DMM_03,Inhalers,35.5,66.45,0,None,134,242
2025-01-06,HOSP_DMM_03,Inhalers,17.8,83.52,0,None,159,285
2025-01-07,HOSP_DMM_03,Inhalers,18.9,84.12,0,None,133,238
2025-01-08,HOSP_DMM_03,Inhalers,22.8,75.74,0,None,132,239
2025-01-09,HOSP_DMM_03,Inhalers,26.8,66.56,0,None,147,265
2025-01-10,HOSP_DMM_03,Inhalers,24.9,67.94,0,None,145,261
2025-01-11,HOSP_DMM_03,Inhalers,24.6,69.42,0,None,157,284
2025-01-12,HOSP_DMM_03,Inhalers,14.7,76.56,0,None,137,246
2025-01-13,HOSP_DMM_03,Inhalers,28.1,86.46,0,None,148,267
2025-01-14,HOSP_DMM_03,Inhalers,28.2,67.75,0,None,141,254
2025-01-15,HOSP_DMM_03,Inhalers,25.0,57.36,0,None,148,268
2025-01-16,HOSP_DMM_03,Inhalers,18.3,87.13,0,None,134,241
2025-01-17,HOSP_DMM_03,Inhalers,29.8,82.04,0,None,132,238
2025-01-18,HOSP_DMM_03,Inhalers,19.6,86.32,0,None,137,245
2025-01-19,HOSP_DMM_03,Inhalers,23.2,76.23,0,None,145,263
2025-01-20,HOSP_DMM_03,Inhalers,25.7,71.48,0,None,137,246
2025-01-21,HOSP_DMM_03,Inhalers,22.0,69.85,0,None,166,299
2025-01-22,HOSP_DMM_03,Inhalers,23.3,67.32,0,None,148,265
2025-01-23,HOSP_DMM_03,Inhalers,20.3,73.53,0,None,135,242
2025-01-24,HOSP_DMM_03,Inhalers,27.2,77.97,0,None,156,279
2025-01-25,HOSP_DMM_03,Inhalers,24.7,72.06,0,None,141,255
2025-01-26,HOSP_DMM_03,Inhalers,30.3,79.42,0,None,136,246
2025-01-27,HOSP_DMM_03,Inhalers,21.9,80.42,1,Sandstorm/Dust_Storm,165,336
2025-01-28,HOSP_DMM_03,Inhalers,17.8,75.2,0,None,139,250
2025-01-29,HOSP_DMM_03,Inhalers,25.7,66.02,1,Sandstorm/Dust_Storm,193,386
2025-01-30,HOSP_DMM_03,Inhalers,20.5,72.64,1,Sandstorm/Dust_Storm,191,384
2025-01-31,HOSP_DMM_03,Inhalers,15.5,87.54,0,None,171,307
2025-02-01,HOSP_DMM_03,Inhalers,18.2,84.96,0,None,168,300
2025-02-02,HOSP_DMM_03,Inhalers,24.0,73.45,0,None,146,263
2025-02-03,HOSP_DMM_03,Inhalers,27.6,60.59,0,None,161,288
2025-02-04,HOSP_DMM_03,Inhalers,24.8,64.23,0,None,151,271
2025-02-05,HOSP_DMM_03,Inhalers,28.4,97.0,0,None,122,218
2025-02-06,HOSP_DMM_03,Inhalers,24.8,88.72,0,None,140,250
2025-02-07,HOSP_DMM_03,Inhalers,29.4,105.21,0,None,169,304
2025-02-08,HOSP_DMM_03,Inhalers,16.6,50.51,0,None,139,251
2025-02-09,HOSP_DMM_03,Inhalers,22.7,73.08,0,None,154,278
2025-02-10,HOSP_DMM_03,Inhalers,19.2,81.94,0,None,141,254
2025-02-11,HOSP_DMM_03,Inhalers,26.6,46.82,0,None,139,251
2025-02-12,HOSP_DMM_03,Inhalers,21.7,66.33,0,None,144,259
2025-02-13,HOSP_DMM_03,Inhalers,29.0,77.86,0,None,150,270
2025-02-14,HOSP_DMM_03,Inhalers,26.3,80.59,0,None,163,293
2025-02-15,HOSP_DMM_03,Inhalers,32.1,84.89,0,None,157,281
2025-02-16,HOSP_DMM_03,Inhalers,25.4,79.31,0,None,141,254
2025-02-17,HOSP_DMM_03,Inhalers,22.9,67.92,0,None,142,255
2025-02-18,HOSP_DMM_03,Inhalers,20.8,70.59,0,None,134,241
2025-02-19,HOSP_DMM_03,Inhalers,25.9,50.46,0,None,149,268
2025-02-20,HOSP_DMM_03,Inhalers,21.9,56.64,0,None,148,268
2025-02-21,HOSP_DMM_03,Inhalers,26.8,89.83,0,None,157,283
2025-02-22,HOSP_DMM_03,Inhalers,21.3,74.81,0,None,139,250
2025-02-23,HOSP_DMM_03,Inhalers,29.0,50.34,1,Sandstorm/Dust_Storm,173,351
2025-02-24,HOSP_DMM_03,Inhalers,20.9,58.8,0,None,145,260
2025-02-25,HOSP_DMM_03,Inhalers,19.5,70.46,0,None,172,310
2025-02-26,HOSP_DMM_03,Inhalers,28.2,81.01,0,None,149,268
2025-02-27,HOSP_DMM_03,Inhalers,27.7,73.43,0,None,147,263
2025-02-28,HOSP_DMM_03,Inhalers,21.7,69.3,0,None,147,266
2025-03-01,HOSP_DMM_03,Inhalers,16.7,51.11,0,None,147,264
2025-03-02,HOSP_DMM_03,Inhalers,22.9,47.47,0,None,102,181
2025-03-03,HOSP_DMM_03,Inhalers,15.2,40.63,0,None,131,236
2025-03-04,HOSP_DMM_03,Inhalers,24.3,49.27,0,None,105,189
2025-03-05,HOSP_DMM_03,Inhalers,29.0,54.7,0,None,123,222
2025-03-06,HOSP_DMM_03,Inhalers,26.4,47.39,0,None,102,183
2025-03-07,HOSP_DMM_03,Inhalers,23.8,41.25,0,None,124,223
2025-03-08,HOSP_DMM_03,Inhalers,23.5,47.29,0,None,130,234
2025-03-09,HOSP_DMM_03,Inhalers,17.3,69.64,0,None,123,219
2025-03-10,HOSP_DMM_03,Inhalers,30.1,44.16,0,None,130,233
2025-03-11,HOSP_DMM_03,Inhalers,22.2,50.05,1,Sandstorm/Dust_Storm,155,319
2025-03-12,HOSP_DMM_03,Inhalers,25.8,49.64,0,None,114,205
2025-03-13,HOSP_DMM_03,Inhalers,23.5,61.12,0,None,100,178
2025-03-14,HOSP_DMM_03,Inhalers,17.0,64.92,1,Sandstorm/Dust_Storm,177,356
2025-03-15,HOSP_DMM_03,Inhalers,28.9,51.55,0,None,143,256
2025-03-16,HOSP_DMM_03,Inhalers,28.0,53.44,0,None,116,210
2025-03-17,HOSP_DMM_03,Inhalers,29.0,48.25,0,None,140,251
2025-03-18,HOSP_DMM_03,Inhalers,21.8,52.91,0,None,144,259
2025-03-19,HOSP_DMM_03,Inhalers,27.5,77.32,0,None,118,212
2025-03-20,HOSP_DMM_03,Inhalers,18.8,37.67,0,None,122,219
2025-03-21,HOSP_DMM_03,Inhalers,22.0,45.37,0,None,116,209
2025-03-22,HOSP_DMM_03,Inhalers,24.2,56.09,0,None,129,232
2025-03-23,HOSP_DMM_03,Inhalers,20.6,37.65,0,None,144,258
2025-03-24,HOSP_DMM_03,Inhalers,22.4,72.26,1,Sandstorm/Dust_Storm,175,353
2025-03-25,HOSP_DMM_03,Inhalers,20.4,62.02,0,None,121,218
2025-03-26,HOSP_DMM_03,Inhalers,22.5,66.15,0,None,112,200
2025-03-27,HOSP_DMM_03,Inhalers,21.9,61.36,0,None,101,183
2025-03-28,HOSP_DMM_03,Inhalers,26.1,46.74,0,None,100,179
2025-03-29,HOSP_DMM_03,Inhalers,25.4,57.79,0,None,119,214
2025-03-30,HOSP_DMM_03,Inhalers,34.7,35.77,0,None,113,205
2025-03-31,HOSP_DMM_03,Inhalers,23.4,62.38,0,None,125,224
2025-04-01,HOSP_DMM_03,Inhalers,16.2,54.44,0,None,138,249
2025-04-02,HOSP_DMM_03,Inhalers,28.9,35.3,0,None,121,218
2025-04-03,HOSP_DMM_03,Inhalers,19.3,45.63,0,None,112,201
2025-04-04,HOSP_DMM_03,Inhalers,26.2,51.29,0,None,122,220
2025-04-05,HOSP_DMM_03,Inhalers,12.5,65.23,0,None,103,185
2025-04-06,HOSP_DMM_03,Inhalers,17.4,37.4,0,None,128,231
2025-04-07,HOSP_DMM_03,Inhalers,21.2,58.83,0,None,141,253
2025-04-08,HOSP_DMM_03,Inhalers,29.0,53.41,0,None,118,212
2025-04-09,HOSP_DMM_03,Inhalers,23.7,54.48,0,None,122,219
2025-04-10,HOSP_DMM_03,Inhalers,27.8,40.93,0,None,113,204
2025-04-11,HOSP_DMM_03,Inhalers,23.6,34.3,0,None,114,204
2025-04-12,HOSP_DMM_03,Inhalers,22.0,52.17,0,None,131,236
2025-04-13,HOSP_DMM_03,Inhalers,18.6,52.05,0,None,127,228
2025-04-14,HOSP_DMM_03,Inhalers,27.0,62.97,0,None,95,171
2025-04-15,HOSP_DMM_03,Inhalers,27.0,38.78,0,None,102,186
2025-04-16,HOSP_DMM_03,Inhalers,16.3,63.52,1,Sandstorm/Dust_Storm,120,254
2025-04-17,HOSP_DMM_03,Inhalers,23.3,35.17,0,None,111,200
2025-04-18,HOSP_DMM_03,Inhalers,20.9,58.88,0,None,144,258
2025-04-19,HOSP_DMM_03,Inhalers,19.7,45.73,0,None,111,199
2025-04-20,HOSP_DMM_03,Inhalers,21.9,46.15,0,None,122,218
2025-04-21,HOSP_DMM_03,Inhalers,15.7,67.71,0,None,127,229
2025-04-22,HOSP_DMM_03,Inhalers,20.7,41.43,0,None,115,208
2025-04-23,HOSP_DMM_03,Inhalers,25.9,53.08,0,None,124,224
2025-04-24,HOSP_DMM_03,Inhalers,27.9,46.93,0,None,136,244
2025-04-25,HOSP_DMM_03,Inhalers,17.5,29.93,0,None,147,264
2025-04-26,HOSP_DMM_03,Inhalers,18.5,67.24,0,None,135,241
2025-04-27,HOSP_DMM_03,Inhalers,26.0,56.99,0,None,126,227
2025-04-28,HOSP_DMM_03,Inhalers,25.4,57.53,0,None,134,240
2025-04-29,HOSP_DMM_03,Inhalers,20.8,53.67,0,None,117,211
2025-04-30,HOSP_DMM_03,Inhalers,22.8,29.62,0,None,114,204
2025-05-01,HOSP_DMM_03,Inhalers,21.7,38.15,0,None,124,224
2025-05-02,HOSP_DMM_03,Inhalers,25.2,60.51,1,Sandstorm/Dust_Storm,152,314
2025-05-03,HOSP_DMM_03,Inhalers,18.8,36.87,0,None,112,204
2025-05-04,HOSP_DMM_03,Inhalers,25.3,57.05,0,None,122,219
2025-05-05,HOSP_DMM_03,Inhalers,28.4,67.94,0,None,129,231
2025-05-06,HOSP_DMM_03,Inhalers,28.3,34.29,0,None,121,218
2025-05-07,HOSP_DMM_03,Inhalers,21.0,51.52,0,None,113,204
2025-05-08,HOSP_DMM_03,Inhalers,24.6,64.61,0,None,141,253
2025-05-09,HOSP_DMM_03,Inhalers,26.0,57.11,0,None,127,228
2025-05-10,HOSP_DMM_03,Inhalers,34.8,50.23,0,None,128,231
2025-05-11,HOSP_DMM_03,Inhalers,22.7,41.39,0,None,116,208
2025-05-12,HOSP_DMM_03,Inhalers,22.5,51.22,0,None,123,222
2025-05-13,HOSP_DMM_03,Inhalers,23.9,59.04,0,None,119,213
2025-05-14,HOSP_DMM_03,Inhalers,31.2,68.79,0,None,128,231
2025-05-15,HOSP_DMM_03,Inhalers,16.9,52.88,0,None,134,241
2025-05-16,HOSP_DMM_03,Inhalers,24.5,45.59,0,None,110,196
2025-05-17,HOSP_DMM_03,Inhalers,35.7,49.49,0,None,107,192
2025-05-18,HOSP_DMM_03,Inhalers,26.1,30.99,0,None,130,234
2025-05-19,HOSP_DMM_03,Inhalers,26.0,48.41,0,None,127,230
2025-05-20,HOSP_DMM_03,Inhalers,28.6,39.91,0,None,99,179
2025-05-21,HOSP_DMM_03,Inhalers,26.3,42.42,0,None,114,204
2025-05-22,HOSP_DMM_03,Inhalers,26.5,41.73,0,None,111,200
2025-05-23,HOSP_DMM_03,Inhalers,24.8,56.32,0,None,126,228
2025-05-24,HOSP_DMM_03,Inhalers,29.4,26.03,0,None,112,203
2025-05-25,HOSP_DMM_03,Inhalers,21.1,56.01,0,None,142,256
2025-05-26,HOSP_DMM_03,Inhalers,29.1,63.04,0,None,116,209
2025-05-27,HOSP_DMM_03,Inhalers,26.8,64.61,0,None,123,222
2025-05-28,HOSP_DMM_03,Inhalers,22.0,61.49,0,None,149,269
2025-05-29,HOSP_DMM_03,Inhalers,19.3,61.75,0,None,124,223
2025-05-30,HOSP_DMM_03,Inhalers,20.4,37.82,0,None,100,179
2025-05-31,HOSP_DMM_03,Inhalers,27.0,47.71,0,None,103,184
2025-06-01,HOSP_DMM_03,Inhalers,33.3,61.94,0,None,126,225
2025-06-02,HOSP_DMM_03,Inhalers,31.3,53.53,0,None,119,211
2025-06-03,HOSP_DMM_03,Inhalers,43.1,48.55,0,None,125,224
2025-06-04,HOSP_DMM_03,Inhalers,40.5,65.61,0,None,129,232
2025-06-05,HOSP_DMM_03,Inhalers,42.3,58.32,0,None,125,225
2025-06-06,HOSP_DMM_03,Inhalers,42.9,57.64,0,None,120,216
2025-06-07,HOSP_DMM_03,Inhalers,38.9,51.07,1,Sandstorm/Dust_Storm,171,347
2025-06-08,HOSP_DMM_03,Inhalers,38.5,45.12,0,None,123,221
2025-06-09,HOSP_DMM_03,Inhalers,36.6,43.72,0,None,122,220
2025-06-10,HOSP_DMM_03,Inhalers,34.4,54.82,0,None,116,210
2025-06-11,HOSP_DMM_03,Inhalers,41.0,55.86,0,None,122,222
2025-06-12,HOSP_DMM_03,Inhalers,36.1,55.96,0,None,105,189
2025-06-13,HOSP_DMM_03,Inhalers,37.9,63.55,0,None,127,228
2025-06-14,HOSP_DMM_03,Inhalers,31.6,62.9,0,None,120,216
2025-06-15,HOSP_DMM_03,Inhalers,35.7,65.99,0,None,132,238
2025-06-16,HOSP_DMM_03,Inhalers,40.7,45.13,0,None,105,188
2025-06-17,HOSP_DMM_03,Inhalers,40.3,44.1,0,None,96,173
2025-06-18,HOSP_DMM_03,Inhalers,33.1,46.44,0,None,110,198
2025-06-19,HOSP_DMM_03,Inhalers,34.8,77.64,0,None,125,224
2025-06-20,HOSP_DMM_03,Inhalers,32.2,52.47,0,None,112,203
2025-06-21,HOSP_DMM_03,Inhalers,43.1,41.7,0,None,119,214
2025-06-22,HOSP_DMM_03,Inhalers,34.6,68.62,0,None,119,212
2025-06-23,HOSP_DMM_03,Inhalers,42.5,63.52,0,None,109,195
2025-06-24,HOSP_DMM_03,Inhalers,38.9,56.09,0,None,132,240
2025-06-25,HOSP_DMM_03,Inhalers,45.1,61.04,0,None,106,191
2025-06-26,HOSP_DMM_03,Inhalers,42.0,36.84,0,None,115,206
2025-06-27,HOSP_DMM_03,Inhalers,37.5,47.5,0,None,113,201
2025-06-28,HOSP_DMM_03,Inhalers,41.5,46.7,0,None,104,188
2025-06-29,HOSP_DMM_03,Inhalers,38.4,44.07,0,None,101,180
2025-06-30,HOSP_DMM_03,Inhalers,35.8,56.68,0,None,117,211
2025-07-01,HOSP_DMM_03,Inhalers,36.9,45.61,0,None,105,188
2025-07-02,HOSP_DMM_03,Inhalers,29.7,58.84,0,None,118,212
2025-07-03,HOSP_DMM_03,Inhalers,34.1,60.05,0,None,121,217
2025-07-04,HOSP_DMM_03,Inhalers,39.6,51.13,0,None,111,197
2025-07-05,HOSP_DMM_03,Inhalers,38.0,58.12,0,None,120,216
2025-07-06,HOSP_DMM_03,Inhalers,37.2,47.29,0,None,120,216
2025-07-07,HOSP_DMM_03,Inhalers,38.5,67.16,0,None,122,218
2025-07-08,HOSP_DMM_03,Inhalers,41.6,62.26,0,None,118,213
2025-07-09,HOSP_DMM_03,Inhalers,41.2,46.15,0,None,128,229
2025-07-10,HOSP_DMM_03,Inhalers,33.2,30.9,0,None,109,196
2025-07-11,HOSP_DMM_03,Inhalers,37.5,38.63,0,None,125,223
2025-07-12,HOSP_DMM_03,Inhalers,34.1,41.61,0,None,128,231
2025-07-13,HOSP_DMM_03,Inhalers,47.2,55.49,0,None,106,192
2025-07-14,HOSP_DMM_03,Inhalers,37.8,65.11,0,None,115,208
2025-07-15,HOSP_DMM_03,Inhalers,34.9,40.3,0,None,108,193
2025-07-16,HOSP_DMM_03,Inhalers,31.1,63.46,0,None,127,227
2025-07-17,HOSP_DMM_03,Inhalers,36.0,57.97,0,None,107,190
2025-07-18,HOSP_DMM_03,Inhalers,30.8,45.99,0,None,144,259
2025-07-19,HOSP_DMM_03,Inhalers,35.5,37.0,0,None,119,214
2025-07-20,HOSP_DMM_03,Inhalers,39.4,29.32,0,None,132,236
2025-07-21,HOSP_DMM_03,Inhalers,39.9,52.8,0,None,117,209
2025-07-22,HOSP_DMM_03,Inhalers,37.0,70.41,0,None,119,213
2025-07-23,HOSP_DMM_03,Inhalers,35.1,67.95,0,None,104,187
2025-07-24,HOSP_DMM_03,Inhalers,39.1,59.96,1,Sandstorm/Dust_Storm,164,335
2025-07-25,HOSP_DMM_03,Inhalers,36.4,46.34,0,None,122,220
2025-07-26,HOSP_DMM_03,Inhalers,38.1,41.28,0,None,104,186
2025-07-27,HOSP_DMM_03,Inhalers,31.2,33.49,0,None,129,232
2025-07-28,HOSP_DMM_03,Inhalers,35.2,49.85,0,None,114,204
2025-07-29,HOSP_DMM_03,Inhalers,38.6,45.59,0,None,131,234
2025-07-30,HOSP_DMM_03,Inhalers,28.4,66.08,0,None,110,198
2025-07-31,HOSP_DMM_03,Inhalers,34.9,46.65,0,None,119,214
2025-08-01,HOSP_DMM_03,Inhalers,37.6,43.39,0,None,126,226
2025-08-02,HOSP_DMM_03,Inhalers,38.9,51.52,0,None,108,196
2025-08-03,HOSP_DMM_03,Inhalers,36.0,53.93,0,None,102,185
2025-08-04,HOSP_DMM_03,Inhalers,35.8,55.63,0,None,118,212
2025-08-05,HOSP_DMM_03,Inhalers,42.7,50.64,0,None,116,208
2025-08-06,HOSP_DMM_03,Inhalers,40.5,42.09,1,Heatwave,180,323
2025-08-07,HOSP_DMM_03,Inhalers,39.6,47.36,0,None,113,203
2025-08-08,HOSP_DMM_03,Inhalers,36.5,57.27,0,None,123,223
2025-08-09,HOSP_DMM_03,Inhalers,34.9,59.22,0,None,139,249
2025-08-10,HOSP_DMM_03,Inhalers,36.4,59.05,0,None,116,207
2025-08-11,HOSP_DMM_03,Inhalers,32.1,30.53,0,None,133,240
2025-08-12,HOSP_DMM_03,Inhalers,37.5,53.54,0,None,113,204
2025-08-13,HOSP_DMM_03,Inhalers,33.1,36.73,0,None,111,199
2025-08-14,HOSP_DMM_03,Inhalers,36.6,62.02,0,None,107,192
2025-08-15,HOSP_DMM_03,Inhalers,36.0,48.64,0,None,115,205
2025-08-16,HOSP_DMM_03,Inhalers,37.9,62.35,0,None,131,236
2025-08-17,HOSP_DMM_03,Inhalers,36.1,51.38,0,None,110,197
2025-08-18,HOSP_DMM_03,Inhalers,37.8,55.48,0,None,115,207
2025-08-19,HOSP_DMM_03,Inhalers,41.0,30.09,0,None,94,169
2025-08-20,HOSP_DMM_03,Inhalers,43.7,57.33,0,None,112,200
2025-08-21,HOSP_DMM_03,Inhalers,37.7,42.99,0,None,95,170
2025-08-22,HOSP_DMM_03,Inhalers,37.0,29.74,0,None,108,191
2025-08-23,HOSP_DMM_03,Inhalers,29.3,65.69,0,None,111,199
2025-08-24,HOSP_DMM_03,Inhalers,38.3,53.3,1,Sandstorm/Dust_Storm,174,354
2025-08-25,HOSP_DMM_03,Inhalers,38.1,48.19,0,None,133,240
2025-08-26,HOSP_DMM_03,Inhalers,28.9,48.59,0,None,135,242
2025-08-27,HOSP_DMM_03,Inhalers,27.6,55.27,0,None,113,202
2025-08-28,HOSP_DMM_03,Inhalers,38.5,65.72,0,None,132,238
2025-08-29,HOSP_DMM_03,Inhalers,31.0,73.52,0,None,103,185
2025-08-30,HOSP_DMM_03,Inhalers,40.1,50.43,1,Heatwave,151,272
2025-08-31,HOSP_DMM_03,Inhalers,38.4,63.01,0,None,130,233
2025-09-01,HOSP_DMM_03,Inhalers,25.3,47.91,0,None,112,199
2025-09-02,HOSP_DMM_03,Inhalers,21.0,47.12,0,None,128,229
2025-09-03,HOSP_DMM_03,Inhalers,22.0,43.15,0,None,135,243
2025-09-04,HOSP_DMM_03,Inhalers,22.7,53.47,0,None,119,212
2025-09-05,HOSP_DMM_03,Inhalers,23.0,42.87,0,None,142,254
2025-09-06,HOSP_DMM_03,Inhalers,16.1,51.92,0,None,106,192
2025-09-07,HOSP_DMM_03,Inhalers,14.6,29.77,0,None,128,228
2025-09-08,HOSP_DMM_03,Inhalers,24.0,41.09,0,None,110,197
2025-09-09,HOSP_DMM_03,Inhalers,22.0,45.93,0,None,126,227
2025-09-10,HOSP_DMM_03,Inhalers,27.5,38.76,0,None,133,239
2025-09-11,HOSP_DMM_03,Inhalers,17.3,48.49,0,None,120,216
2025-09-12,HOSP_DMM_03,Inhalers,23.2,49.19,0,None,138,249
2025-09-13,HOSP_DMM_03,Inhalers,26.8,52.21,0,None,141,254
2025-09-14,HOSP_DMM_03,Inhalers,18.7,55.54,0,None,109,195
2025-09-15,HOSP_DMM_03,Inhalers,23.4,51.51,1,Sandstorm/Dust_Storm,153,316
2025-09-16,HOSP_DMM_03,Inhalers,22.6,66.7,0,None,123,221
2025-09-17,HOSP_DMM_03,Inhalers,23.6,56.91,0,None,116,209
2025-09-18,HOSP_DMM_03,Inhalers,21.8,57.28,0,None,117,210
2025-09-19,HOSP_DMM_03,Inhalers,21.0,57.98,0,None,134,241
2025-09-20,HOSP_DMM_03,Inhalers,22.6,52.7,0,None,138,248
2025-09-21,HOSP_DMM_03,Inhalers,20.8,53.35,0,None,102,182
2025-09-22,HOSP_DMM_03,Inhalers,19.0,45.98,0,None,114,206
2025-09-23,HOSP_DMM_03,Inhalers,27.0,36.9,0,None,130,235
2025-09-24,HOSP_DMM_03,Inhalers,17.7,55.22,1,Sandstorm/Dust_Storm,166,338
2025-09-25,HOSP_DMM_03,Inhalers,21.4,36.75,0,None,146,262
2025-09-26,HOSP_DMM_03,Inhalers,20.3,49.28,0,None,128,230
2025-09-27,HOSP_DMM_03,Inhalers,29.1,45.57,0,None,112,200
2025-09-28,HOSP_DMM_03,Inhalers,21.6,54.67,0,None,127,229
2025-09-29,HOSP_DMM_03,Inhalers,21.3,44.36,0,None,107,192
2025-09-30,HOSP_DMM_03,Inhalers,28.5,42.58,0,None,125,225
2025-10-01,HOSP_DMM_03,Inhalers,28.3,51.55,0,None,148,268
2025-10-02,HOSP_DMM_03,Inhalers,22.2,47.95,0,None,100,181
2025-10-03,HOSP_DMM_03,Inhalers,21.8,40.45,0,None,137,245
2025-10-04,HOSP_DMM_03,Inhalers,15.7,36.65,0,None,115,206
2025-10-05,HOSP_DMM_03,Inhalers,21.3,41.3,0,None,129,230
2025-10-06,HOSP_DMM_03,Inhalers,31.2,42.52,0,None,101,182
2025-10-07,HOSP_DMM_03,Inhalers,32.6,44.78,0,None,96,172
2025-10-08,HOSP_DMM_03,Inhalers,24.0,54.12,0,None,109,197
2025-10-09,HOSP_DMM_03,Inhalers,22.4,32.9,0,None,117,210
2025-10-10,HOSP_DMM_03,Inhalers,18.7,44.39,0,None,139,250
2025-10-11,HOSP_DMM_03,Inhalers,25.5,43.86,0,None,108,194
2025-10-12,HOSP_DMM_03,Inhalers,21.7,47.99,0,None,139,250
2025-10-13,HOSP_DMM_03,Inhalers,20.8,56.2,1,Sandstorm/Dust_Storm,184,370
2025-10-14,HOSP_DMM_03,Inhalers,18.4,60.12,0,None,120,215
2025-10-15,HOSP_DMM_03,Inhalers,19.1,53.33,0,None,109,195
2025-10-16,HOSP_DMM_03,Inhalers,20.1,42.18,0,None,119,214
2025-10-17,HOSP_DMM_03,Inhalers,24.5,62.13,0,None,122,219
2025-10-18,HOSP_DMM_03,Inhalers,23.8,48.66,0,None,135,244
2025-10-19,HOSP_DMM_03,Inhalers,26.8,55.03,0,None,114,205
2025-10-20,HOSP_DMM_03,Inhalers,27.2,61.74,0,None,149,267
2025-10-21,HOSP_DMM_03,Inhalers,26.8,62.76,0,None,92,165
2025-10-22,HOSP_DMM_03,Inhalers,21.2,51.07,0,None,120,216
2025-10-23,HOSP_DMM_03,Inhalers,26.9,57.74,0,None,124,221
2025-10-24,HOSP_DMM_03,Inhalers,23.4,63.38,0,None,125,225
2025-10-25,HOSP_DMM_03,Inhalers,16.5,60.92,0,None,125,224
2025-10-26,HOSP_DMM_03,Inhalers,26.1,44.29,0,None,114,205
2025-10-27,HOSP_DMM_03,Inhalers,24.1,47.88,0,None,141,255
2025-10-28,HOSP_DMM_03,Inhalers,21.6,44.16,0,None,115,207
2025-10-29,HOSP_DMM_03,Inhalers,29.2,40.8,0,None,123,221
2025-10-30,HOSP_DMM_03,Inhalers,23.4,47.89,0,None,122,220
2025-10-31,HOSP_DMM_03,Inhalers,21.2,71.16,0,None,123,222
2025-11-01,HOSP_DMM_03,Inhalers,16.3,49.99,0,None,135,242
2025-11-02,HOSP_DMM_03,Inhalers,23.4,95.34,0,None,151,273
2025-11-03,HOSP_DMM_03,Inhalers,23.4,72.7,0,None,163,293
2025-11-04,HOSP_DMM_03,Inhalers,27.3,80.26,1,Sandstorm/Dust_Storm,188,380
2025-11-05,HOSP_DMM_03,Inhalers,22.2,71.88,0,None,160,290
2025-11-06,HOSP_DMM_03,Inhalers,24.0,86.67,0,None,140,253
2025-11-07,HOSP_DMM_03,Inhalers,20.3,60.38,0,None,140,252
2025-11-08,HOSP_DMM_03,Inhalers,16.9,80.04,0,None,152,273
2025-11-09,HOSP_DMM_03,Inhalers,22.4,81.97,0,None,153,275
2025-11-10,HOSP_DMM_03,Inhalers,23.4,93.06,0,None,135,244
2025-11-11,HOSP_DMM_03,Inhalers,17.0,67.85,0,None,142,255
2025-11-12,HOSP_DMM_03,Inhalers,27.9,76.52,0,None,129,230
2025-11-13,HOSP_DMM_03,Inhalers,29.0,81.77,0,None,162,291
2025-11-14,HOSP_DMM_03,Inhalers,21.9,83.71,0,None,129,231
2025-11-15,HOSP_DMM_03,Inhalers,21.9,73.11,0,None,131,235
2025-11-16,HOSP_DMM_03,Inhalers,22.3,76.58,0,None,128,230
2025-11-17,HOSP_DMM_03,Inhalers,22.7,57.06,0,None,144,259
2025-11-18,HOSP_DMM_03,Inhalers,21.2,62.38,0,None,127,229
2025-11-19,HOSP_DMM_03,Inhalers,22.5,59.04,0,None,115,207
2025-11-20,HOSP_DMM_03,Inhalers,16.5,79.34,0,None,147,262
2025-11-21,HOSP_DMM_03,Inhalers,25.7,85.26,0,None,163,293
2025-11-22,HOSP_DMM_03,Inhalers,23.1,79.57,0,None,138,246
2025-11-23,HOSP_DMM_03,Inhalers,22.7,56.73,0,None,155,278
2025-11-24,HOSP_DMM_03,Inhalers,17.7,67.53,0,None,149,270
2025-11-25,HOSP_DMM_03,Inhalers,19.9,82.5,0,None,147,266
2025-11-26,HOSP_DMM_03,Inhalers,23.4,72.0,0,None,132,236
2025-11-27,HOSP_DMM_03,Inhalers,22.4,81.09,0,None,136,246
2025-11-28,HOSP_DMM_03,Inhalers,21.6,66.99,0,None,139,249
2025-11-29,HOSP_DMM_03,Inhalers,19.1,70.61,1,Sandstorm/Dust_Storm,198,398
2025-11-30,HOSP_DMM_03,Inhalers,23.4,92.73,0,None,144,258
2025-12-01,HOSP_DMM_03,Inhalers,22.0,87.73,1,Sandstorm/Dust_Storm,195,391
2025-12-02,HOSP_DMM_03,Inhalers,29.4,66.79,0,None,147,265
2025-12-03,HOSP_DMM_03,Inhalers,15.9,89.64,0,None,150,269
2025-12-04,HOSP_DMM_03,Inhalers,23.1,62.09,0,None,151,269
2025-12-05,HOSP_DMM_03,Inhalers,15.7,73.62,0,None,154,275
2025-12-06,HOSP_DMM_03,Inhalers,24.3,61.48,1,Sandstorm/Dust_Storm,184,372
2025-12-07,HOSP_DMM_03,Inhalers,21.1,89.64,1,Sandstorm/Dust_Storm,179,363
2025-12-08,HOSP_DMM_03,Inhalers,24.3,90.95,0,None,146,262
2025-12-09,HOSP_DMM_03,Inhalers,28.9,73.05,0,None,153,274
2025-12-10,HOSP_DMM_03,Inhalers,26.2,78.31,0,None,139,250
2025-12-11,HOSP_DMM_03,Inhalers,14.9,61.8,0,None,146,262
2025-12-12,HOSP_DMM_03,Inhalers,23.1,88.21,0,None,150,269
2025-12-13,HOSP_DMM_03,Inhalers,30.0,81.19,0,None,133,238
2025-12-14,HOSP_DMM_03,Inhalers,27.0,79.55,0,None,158,284
2025-12-15,HOSP_DMM_03,Inhalers,25.2,87.14,0,None,163,294
2025-12-16,HOSP_DMM_03,Inhalers,11.8,69.8,0,None,140,252
2025-12-17,HOSP_DMM_03,Inhalers,25.1,78.44,0,None,131,234
2025-12-18,HOSP_DMM_03,Inhalers,26.8,50.94,0,None,152,272
2025-12-19,HOSP_DMM_03,Inhalers,23.2,62.99,0,None,144,257
2025-12-20,HOSP_DMM_03,Inhalers,32.0,66.55,0,None,150,270
2025-12-21,HOSP_DMM_03,Inhalers,20.6,83.38,0,None,126,226
2025-12-22,HOSP_DMM_03,Inhalers,24.0,66.95,0,None,143,258
2025-12-23,HOSP_DMM_03,Inhalers,20.0,70.63,1,Sandstorm/Dust_Storm,211,419
2025-12-24,HOSP_DMM_03,Inhalers,15.2,91.36,0,None,143,256
2025-12-25,HOSP_DMM_03,Inhalers,23.1,78.47,0,None,156,281
2025-12-26,HOSP_DMM_03,Inhalers,22.2,80.37,0,None,159,286
2025-12-27,HOSP_DMM_03,Inhalers,21.6,68.89,1,Sandstorm/Dust_Storm,185,372
2025-12-28,HOSP_DMM_03,Inhalers,22.2,79.09,0,None,129,232
2025-12-29,HOSP_DMM_03,Inhalers,22.6,74.21,0,None,148,266
2025-12-30,HOSP_DMM_03,Inhalers,16.9,101.84,0,None,143,257
2025-12-31,HOSP_DMM_03,Inhalers,25.0,70.94,0,None,150,272
2026-01-01,HOSP_DMM_03,Inhalers,25.3,64.41,0,None,138,249
2024-01-01,HOSP_DMM_03,Insulin_Vials,24.7,75.69,0,None,158,63
2024-01-02,HOSP_DMM_03,Insulin_Vials,22.7,81.79,0,None,149,60
2024-01-03,HOSP_DMM_03,Insulin_Vials,21.1,82.39,0,None,141,55
2024-01-04,HOSP_DMM_03,Insulin_Vials,21.9,72.2,0,None,144,56
2024-01-05,HOSP_DMM_03,Insulin_Vials,26.9,72.3,0,None,135,53
2024-01-06,HOSP_DMM_03,Insulin_Vials,31.1,76.02,0,None,157,61
2024-01-07,HOSP_DMM_03,Insulin_Vials,19.0,79.57,0,None,164,64
2024-01-08,HOSP_DMM_03,Insulin_Vials,24.4,78.1,0,None,145,59
2024-01-09,HOSP_DMM_03,Insulin_Vials,23.6,93.01,0,None,152,61
2024-01-10,HOSP_DMM_03,Insulin_Vials,16.9,76.44,0,None,137,55
2024-01-11,HOSP_DMM_03,Insulin_Vials,26.4,80.72,0,None,146,58
2024-01-12,HOSP_DMM_03,Insulin_Vials,28.9,87.31,0,None,150,59
2024-01-13,HOSP_DMM_03,Insulin_Vials,28.3,76.85,0,None,154,63
2024-01-14,HOSP_DMM_03,Insulin_Vials,15.7,98.54,0,None,137,55
2024-01-15,HOSP_DMM_03,Insulin_Vials,29.4,62.84,0,None,153,60
2024-01-16,HOSP_DMM_03,Insulin_Vials,16.2,67.72,0,None,162,64
2024-01-17,HOSP_DMM_03,Insulin_Vials,17.9,69.28,0,None,133,52
2024-01-18,HOSP_DMM_03,Insulin_Vials,23.8,73.83,0,None,135,54
2024-01-19,HOSP_DMM_03,Insulin_Vials,22.5,65.19,0,None,120,47
2024-01-20,HOSP_DMM_03,Insulin_Vials,23.0,80.32,0,None,134,53
2024-01-21,HOSP_DMM_03,Insulin_Vials,23.8,76.53,0,None,141,55
2024-01-22,HOSP_DMM_03,Insulin_Vials,21.7,47.95,0,None,154,60
2024-01-23,HOSP_DMM_03,Insulin_Vials,25.1,53.46,0,None,143,58
2024-01-24,HOSP_DMM_03,Insulin_Vials,25.3,71.15,0,None,152,60
2024-01-25,HOSP_DMM_03,Insulin_Vials,22.1,107.31,0,None,133,50
2024-01-26,HOSP_DMM_03,Insulin_Vials,31.7,66.15,0,None,156,62
2024-01-27,HOSP_DMM_03,Insulin_Vials,25.9,98.32,0,None,135,52
2024-01-28,HOSP_DMM_03,Insulin_Vials,22.8,69.05,0,None,148,59
2024-01-29,HOSP_DMM_03,Insulin_Vials,16.8,65.33,0,None,154,60
2024-01-30,HOSP_DMM_03,Insulin_Vials,26.3,73.15,0,None,142,57
2024-01-31,HOSP_DMM_03,Insulin_Vials,26.2,82.9,0,None,150,60
2024-02-01,HOSP_DMM_03,Insulin_Vials,25.7,62.05,0,None,139,54
2024-02-02,HOSP_DMM_03,Insulin_Vials,27.8,84.96,0,None,144,56
2024-02-03,HOSP_DMM_03,Insulin_Vials,19.5,65.81,0,None,144,59
2024-02-04,HOSP_DMM_03,Insulin_Vials,22.0,82.95,0,None,112,44
2024-02-05,HOSP_DMM_03,Insulin_Vials,24.7,70.7,0,None,145,58
2024-02-06,HOSP_DMM_03,Insulin_Vials,20.4,85.2,0,None,147,60
2024-02-07,HOSP_DMM_03,Insulin_Vials,25.8,78.54,0,None,140,54
2024-02-08,HOSP_DMM_03,Insulin_Vials,25.9,68.28,0,None,142,55
2024-02-09,HOSP_DMM_03,Insulin_Vials,19.6,74.08,0,None,120,49
2024-02-10,HOSP_DMM_03,Insulin_Vials,19.8,61.0,0,None,143,58
2024-02-11,HOSP_DMM_03,Insulin_Vials,17.8,90.34,0,None,130,53
2024-02-12,HOSP_DMM_03,Insulin_Vials,27.2,68.38,0,None,130,52
2024-02-13,HOSP_DMM_03,Insulin_Vials,26.1,79.57,0,None,148,58
2024-02-14,HOSP_DMM_03,Insulin_Vials,25.5,80.38,0,None,147,57
2024-02-15,HOSP_DMM_03,Insulin_Vials,17.6,70.15,0,None,133,53
2024-02-16,HOSP_DMM_03,Insulin_Vials,22.2,70.63,0,None,153,59
2024-02-17,HOSP_DMM_03,Insulin_Vials,21.9,59.05,0,None,153,62
2024-02-18,HOSP_DMM_03,Insulin_Vials,25.3,63.22,0,None,147,59
2024-02-19,HOSP_DMM_03,Insulin_Vials,28.1,61.31,1,Sandstorm/Dust_Storm,179,72
2024-02-20,HOSP_DMM_03,Insulin_Vials,26.4,66.28,0,None,148,60
2024-02-21,HOSP_DMM_03,Insulin_Vials,20.0,64.54,0,None,149,60
2024-02-22,HOSP_DMM_03,Insulin_Vials,23.2,58.39,0,None,137,55
2024-02-23,HOSP_DMM_03,Insulin_Vials,20.3,62.2,0,None,126,51
2024-02-24,HOSP_DMM_03,Insulin_Vials,18.3,77.39,0,None,173,68
2024-02-25,HOSP_DMM_03,Insulin_Vials,25.0,71.67,0,None,139,54
2024-02-26,HOSP_DMM_03,Insulin_Vials,27.7,88.4,0,None,143,56
2024-02-27,HOSP_DMM_03,Insulin_Vials,21.7,77.91,0,None,150,61
2024-02-28,HOSP_DMM_03,Insulin_Vials,16.3,66.04,0,None,164,65
2024-02-29,HOSP_DMM_03,Insulin_Vials,24.7,44.71,0,None,161,63
2024-03-01,HOSP_DMM_03,Insulin_Vials,23.5,51.38,0,None,111,45
2024-03-02,HOSP_DMM_03,Insulin_Vials,20.6,59.01,0,None,116,45
2024-03-03,HOSP_DMM_03,Insulin_Vials,17.1,55.69,0,None,127,51
2024-03-04,HOSP_DMM_03,Insulin_Vials,19.3,68.3,0,None,97,39
2024-03-05,HOSP_DMM_03,Insulin_Vials,20.8,64.56,0,None,130,52
2024-03-06,HOSP_DMM_03,Insulin_Vials,23.6,50.89,0,None,142,57
2024-03-07,HOSP_DMM_03,Insulin_Vials,27.2,57.07,0,None,112,44
2024-03-08,HOSP_DMM_03,Insulin_Vials,22.2,40.61,0,None,127,50
2024-03-09,HOSP_DMM_03,Insulin_Vials,29.6,66.98,0,None,111,43
2024-03-10,HOSP_DMM_03,Insulin_Vials,22.3,48.82,0,None,108,42
2024-03-11,HOSP_DMM_03,Insulin_Vials,20.9,44.49,0,None,116,47
2024-03-12,HOSP_DMM_03,Insulin_Vials,26.0,50.49,0,None,120,49
2024-03-13,HOSP_DMM_03,Insulin_Vials,22.9,57.93,0,None,136,52
2024-03-14,HOSP_DMM_03,Insulin_Vials,29.2,49.96,0,None,142,55
2024-03-15,HOSP_DMM_03,Insulin_Vials,18.9,55.18,0,None,114,47
2024-03-16,HOSP_DMM_03,Insulin_Vials,20.6,64.66,0,None,128,51
2024-03-17,HOSP_DMM_03,Insulin_Vials,18.5,49.35,0,None,114,46
2024-03-18,HOSP_DMM_03,Insulin_Vials,20.7,44.88,0,None,108,43
2024-03-19,HOSP_DMM_03,Insulin_Vials,27.5,42.49,0,None,126,49
2024-03-20,HOSP_DMM_03,Insulin_Vials,26.2,43.39,0,None,147,58
2024-03-21,HOSP_DMM_03,Insulin_Vials,26.3,57.94,0,None,112,44
2024-03-22,HOSP_DMM_03,Insulin_Vials,27.4,30.04,0,None,120,49
2024-03-23,HOSP_DMM_03,Insulin_Vials,17.1,49.98,0,None,128,50
2024-03-24,HOSP_DMM_03,Insulin_Vials,24.9,40.34,0,None,117,46
2024-03-25,HOSP_DMM_03,Insulin_Vials,23.3,51.25,0,None,114,46
2024-03-26,HOSP_DMM_03,Insulin_Vials,24.7,40.48,0,None,147,58
2024-03-27,HOSP_DMM_03,Insulin_Vials,19.2,46.15,0,None,132,53
2024-03-28,HOSP_DMM_03,Insulin_Vials,22.4,59.6,0,None,108,43
2024-03-29,HOSP_DMM_03,Insulin_Vials,28.9,68.72,0,None,122,50
2024-03-30,HOSP_DMM_03,Insulin_Vials,24.9,64.07,0,None,119,48
2024-03-31,HOSP_DMM_03,Insulin_Vials,20.2,51.18,0,None,114,46
2024-04-01,HOSP_DMM_03,Insulin_Vials,22.9,55.61,0,None,94,37
2024-04-02,HOSP_DMM_03,Insulin_Vials,19.3,49.05,0,None,119,49
2024-04-03,HOSP_DMM_03,Insulin_Vials,28.3,41.05,0,None,115,46
2024-04-04,HOSP_DMM_03,Insulin_Vials,22.4,43.44,0,None,109,42
2024-04-05,HOSP_DMM_03,Insulin_Vials,22.6,66.85,0,None,107,41
2024-04-06,HOSP_DMM_03,Insulin_Vials,22.0,63.51,0,None,112,45
2024-04-07,HOSP_DMM_03,Insulin_Vials,25.6,59.16,0,None,95,38
2024-04-08,HOSP_DMM_03,Insulin_Vials,27.4,42.81,0,None,116,47
2024-04-09,HOSP_DMM_03,Insulin_Vials,23.5,57.98,0,None,143,59
2024-04-10,HOSP_DMM_03,Insulin_Vials,26.6,46.1,0,None,104,41
2024-04-11,HOSP_DMM_03,Insulin_Vials,18.3,24.54,0,None,116,47
2024-04-12,HOSP_DMM_03,Insulin_Vials,21.4,42.48,0,None,118,48
2024-04-13,HOSP_DMM_03,Insulin_Vials,24.7,54.54,0,None,126,50
2024-04-14,HOSP_DMM_03,Insulin_Vials,18.0,59.24,0,None,112,41
2024-04-15,HOSP_DMM_03,Insulin_Vials,12.0,63.29,0,None,127,52
2024-04-16,HOSP_DMM_03,Insulin_Vials,19.3,45.9,0,None,117,45
2024-04-17,HOSP_DMM_03,Insulin_Vials,23.6,44.96,0,None,119,47
2024-04-18,HOSP_DMM_03,Insulin_Vials,28.7,45.77,0,None,109,44
2024-04-19,HOSP_DMM_03,Insulin_Vials,23.7,47.52,0,None,106,41
2024-04-20,HOSP_DMM_03,Insulin_Vials,21.7,52.8,0,None,121,48
2024-04-21,HOSP_DMM_03,Insulin_Vials,21.1,59.82,0,None,109,42
2024-04-22,HOSP_DMM_03,Insulin_Vials,17.3,40.71,0,None,127,49
2024-04-23,HOSP_DMM_03,Insulin_Vials,24.6,67.91,0,None,109,40
2024-04-24,HOSP_DMM_03,Insulin_Vials,19.5,51.9,0,None,133,52
2024-04-25,HOSP_DMM_03,Insulin_Vials,21.7,64.33,0,None,110,44
2024-04-26,HOSP_DMM_03,Insulin_Vials,23.9,37.63,0,None,136,57
2024-04-27,HOSP_DMM_03,Insulin_Vials,24.9,49.98,0,None,120,48
2024-04-28,HOSP_DMM_03,Insulin_Vials,21.9,52.03,0,None,128,50
2024-04-29,HOSP_DMM_03,Insulin_Vials,20.4,76.9,0,None,130,52
2024-04-30,HOSP_DMM_03,Insulin_Vials,25.6,49.22,0,None,115,45
2024-05-01,HOSP_DMM_03,Insulin_Vials,23.3,35.61,0,None,132,54
2024-05-02,HOSP_DMM_03,Insulin_Vials,21.7,65.11,0,None,99,39
2024-05-03,HOSP_DMM_03,Insulin_Vials,31.3,38.11,0,None,106,41
2024-05-04,HOSP_DMM_03,Insulin_Vials,26.5,50.47,0,None,120,48
2024-05-05,HOSP_DMM_03,Insulin_Vials,24.0,47.78,0,None,126,49
2024-05-06,HOSP_DMM_03,Insulin_Vials,21.3,53.49,0,None,109,42
2024-05-07,HOSP_DMM_03,Insulin_Vials,23.6,52.39,0,None,116,46
2024-05-08,HOSP_DMM_03,Insulin_Vials,29.2,60.59,0,None,103,42
2024-05-09,HOSP_DMM_03,Insulin_Vials,25.3,26.48,0,None,125,50
2024-05-10,HOSP_DMM_03,Insulin_Vials,19.9,58.35,0,None,125,50
2024-05-11,HOSP_DMM_03,Insulin_Vials,28.1,61.23,0,None,108,43
2024-05-12,HOSP_DMM_03,Insulin_Vials,27.6,38.34,1,Sandstorm/Dust_Storm,151,59
2024-05-13,HOSP_DMM_03,Insulin_Vials,24.2,59.25,0,None,120,48
2024-05-14,HOSP_DMM_03,Insulin_Vials,27.1,32.33,0,None,118,45
2024-05-15,HOSP_DMM_03,Insulin_Vials,23.1,57.46,0,None,121,46
2024-05-16,HOSP_DMM_03,Insulin_Vials,20.2,53.4,0,None,144,57
2024-05-17,HOSP_DMM_03,Insulin_Vials,17.9,40.41,0,None,92,37
2024-05-18,HOSP_DMM_03,Insulin_Vials,21.5,44.26,1,Sandstorm/Dust_Storm,152,60
2024-05-19,HOSP_DMM_03,Insulin_Vials,22.6,33.82,0,None,147,58
2024-05-20,HOSP_DMM_03,Insulin_Vials,17.6,46.1,0,None,106,41
2024-05-21,HOSP_DMM_03,Insulin_Vials,24.6,54.47,0,None,123,49
2024-05-22,HOSP_DMM_03,Insulin_Vials,20.4,50.87,0,None,135,54
2024-05-23,HOSP_DMM_03,Insulin_Vials,22.3,46.14,0,None,130,52
2024-05-24,HOSP_DMM_03,Insulin_Vials,30.0,55.8,0,None,117,47
2024-05-25,HOSP_DMM_03,Insulin_Vials,25.0,45.51,0,None,138,55
2024-05-26,HOSP_DMM_03,Insulin_Vials,19.3,43.91,0,None,100,39
2024-05-27,HOSP_DMM_03,Insulin_Vials,23.9,42.6,0,None,102,41
2024-05-28,HOSP_DMM_03,Insulin_Vials,22.0,39.84,0,None,108,44
2024-05-29,HOSP_DMM_03,Insulin_Vials,21.3,59.31,0,None,110,44
2024-05-30,HOSP_DMM_03,Insulin_Vials,30.0,45.45,0,None,114,44
2024-05-31,HOSP_DMM_03,Insulin_Vials,14.8,51.24,0,None,127,51
2024-06-01,HOSP_DMM_03,Insulin_Vials,43.1,43.86,0,None,112,45
2024-06-02,HOSP_DMM_03,Insulin_Vials,42.7,51.37,0,None,113,46
2024-06-03,HOSP_DMM_03,Insulin_Vials,32.1,37.93,0,None,117,47
2024-06-04,HOSP_DMM_03,Insulin_Vials,31.0,69.33,0,None,110,42
2024-06-05,HOSP_DMM_03,Insulin_Vials,36.3,56.5,0,None,122,49
2024-06-06,HOSP_DMM_03,Insulin_Vials,27.3,40.81,0,None,126,51
2024-06-07,HOSP_DMM_03,Insulin_Vials,47.4,39.06,0,None,120,49
2024-06-08,HOSP_DMM_03,Insulin_Vials,36.2,43.04,0,None,107,42
2024-06-09,HOSP_DMM_03,Insulin_Vials,38.9,47.05,0,None,128,50
2024-06-10,HOSP_DMM_03,Insulin_Vials,40.2,54.98,0,None,123,49
2024-06-11,HOSP_DMM_03,Insulin_Vials,37.6,43.4,0,None,112,45
2024-06-12,HOSP_DMM_03,Insulin_Vials,39.3,46.45,0,None,112,45
2024-06-13,HOSP_DMM_03,Insulin_Vials,46.1,31.59,0,None,130,52
2024-06-14,HOSP_DMM_03,Insulin_Vials,41.4,61.78,0,None,135,52
2024-06-15,HOSP_DMM_03,Insulin_Vials,41.0,35.59,0,None,128,50
2024-06-16,HOSP_DMM_03,Insulin_Vials,36.3,36.98,0,None,135,54
2024-06-17,HOSP_DMM_03,Insulin_Vials,40.7,51.07,0,None,115,46
2024-06-18,HOSP_DMM_03,Insulin_Vials,44.9,49.74,0,None,98,38
2024-06-19,HOSP_DMM_03,Insulin_Vials,44.1,58.74,0,None,128,50
2024-06-20,HOSP_DMM_03,Insulin_Vials,41.9,61.55,0,None,128,51
2024-06-21,HOSP_DMM_03,Insulin_Vials,38.3,60.62,0,None,108,44
2024-06-22,HOSP_DMM_03,Insulin_Vials,38.9,31.43,0,None,109,41
2024-06-23,HOSP_DMM_03,Insulin_Vials,34.2,41.77,0,None,106,42
2024-06-24,HOSP_DMM_03,Insulin_Vials,31.1,52.27,0,None,117,46
2024-06-25,HOSP_DMM_03,Insulin_Vials,38.0,58.3,0,None,109,43
2024-06-26,HOSP_DMM_03,Insulin_Vials,35.3,42.11,0,None,134,53
2024-06-27,HOSP_DMM_03,Insulin_Vials,37.8,65.69,0,None,139,56
2024-06-28,HOSP_DMM_03,Insulin_Vials,40.5,57.3,0,None,104,41
2024-06-29,HOSP_DMM_03,Insulin_Vials,41.7,41.49,0,None,113,46
2024-06-30,HOSP_DMM_03,Insulin_Vials,32.7,59.56,0,None,115,45
2024-07-01,HOSP_DMM_03,Insulin_Vials,35.5,66.28,0,None,123,48
2024-07-02,HOSP_DMM_03,Insulin_Vials,36.8,56.57,0,None,109,44
2024-07-03,HOSP_DMM_03,Insulin_Vials,33.5,57.35,0,None,127,50
2024-07-04,HOSP_DMM_03,Insulin_Vials,35.1,67.54,0,None,137,56
2024-07-05,HOSP_DMM_03,Insulin_Vials,42.6,64.54,0,None,131,53
2024-07-06,HOSP_DMM_03,Insulin_Vials,39.5,54.71,0,None,135,53
2024-07-07,HOSP_DMM_03,Insulin_Vials,35.8,41.43,0,None,112,45
2024-07-08,HOSP_DMM_03,Insulin_Vials,34.2,39.58,0,None,103,41
2024-07-09,HOSP_DMM_03,Insulin_Vials,40.1,48.11,0,None,125,50
2024-07-10,HOSP_DMM_03,Insulin_Vials,30.2,66.34,0,None,145,56
2024-07-11,HOSP_DMM_03,Insulin_Vials,30.8,46.82,0,None,120,48
2024-07-12,HOSP_DMM_03,Insulin_Vials,37.8,46.0,0,None,115,43
2024-07-13,HOSP_DMM_03,Insulin_Vials,40.8,56.8,0,None,108,41
2024-07-14,HOSP_DMM_03,Insulin_Vials,38.9,43.83,0,None,119,45
2024-07-15,HOSP_DMM_03,Insulin_Vials,30.1,47.2,0,None,107,41
2024-07-16,HOSP_DMM_03,Insulin_Vials,36.3,39.08,0,None,134,51
2024-07-17,HOSP_DMM_03,Insulin_Vials,38.3,47.56,0,None,109,43
2024-07-18,HOSP_DMM_03,Insulin_Vials,33.9,48.37,0,None,143,56
2024-07-19,HOSP_DMM_03,Insulin_Vials,34.2,54.42,0,None,113,43
2024-07-20,HOSP_DMM_03,Insulin_Vials,39.8,38.04,0,None,130,53
2024-07-21,HOSP_DMM_03,Insulin_Vials,25.2,51.08,0,None,105,40
2024-07-22,HOSP_DMM_03,Insulin_Vials,44.8,54.17,0,None,133,55
2024-07-23,HOSP_DMM_03,Insulin_Vials,31.5,40.56,0,None,129,54
2024-07-24,HOSP_DMM_03,Insulin_Vials,36.4,51.5,0,None,113,45
2024-07-25,HOSP_DMM_03,Insulin_Vials,32.2,40.64,0,None,119,48
2024-07-26,HOSP_DMM_03,Insulin_Vials,38.1,48.14,1,Sandstorm/Dust_Storm,162,64
2024-07-27,HOSP_DMM_03,Insulin_Vials,35.3,55.49,0,None,121,49
2024-07-28,HOSP_DMM_03,Insulin_Vials,42.5,56.29,0,None,125,49
2024-07-29,HOSP_DMM_03,Insulin_Vials,41.4,42.52,0,None,110,42
2024-07-30,HOSP_DMM_03,Insulin_Vials,41.0,48.84,0,None,124,49
2024-07-31,HOSP_DMM_03,Insulin_Vials,39.0,48.99,0,None,119,48
2024-08-01,HOSP_DMM_03,Insulin_Vials,28.6,70.86,1,Sandstorm/Dust_Storm,172,67
2024-08-02,HOSP_DMM_03,Insulin_Vials,39.9,50.7,0,None,115,43
2024-08-03,HOSP_DMM_03,Insulin_Vials,34.4,45.55,0,None,110,42
2024-08-04,HOSP_DMM_03,Insulin_Vials,32.1,57.48,0,None,109,43
2024-08-05,HOSP_DMM_03,Insulin_Vials,34.6,56.23,0,None,114,45
2024-08-06,HOSP_DMM_03,Insulin_Vials,34.6,45.68,0,None,120,47
2024-08-07,HOSP_DMM_03,Insulin_Vials,41.8,50.92,0,None,115,48
2024-08-08,HOSP_DMM_03,Insulin_Vials,41.0,47.51,0,None,118,46
2024-08-09,HOSP_DMM_03,Insulin_Vials,38.9,51.05,0,None,149,59
2024-08-10,HOSP_DMM_03,Insulin_Vials,46.8,23.93,0,None,113,44
2024-08-11,HOSP_DMM_03,Insulin_Vials,36.2,66.13,0,None,100,40
2024-08-12,HOSP_DMM_03,Insulin_Vials,39.1,73.2,0,None,128,50
2024-08-13,HOSP_DMM_03,Insulin_Vials,38.8,55.54,0,None,130,52
2024-08-14,HOSP_DMM_03,Insulin_Vials,35.4,53.18,0,None,119,49
2024-08-15,HOSP_DMM_03,Insulin_Vials,40.1,34.35,0,None,114,45
2024-08-16,HOSP_DMM_03,Insulin_Vials,35.7,36.33,0,None,116,47
2024-08-17,HOSP_DMM_03,Insulin_Vials,41.2,40.67,0,None,133,54
2024-08-18,HOSP_DMM_03,Insulin_Vials,37.4,60.13,0,None,140,57
2024-08-19,HOSP_DMM_03,Insulin_Vials,33.6,48.84,0,None,108,42
2024-08-20,HOSP_DMM_03,Insulin_Vials,37.0,49.88,0,None,127,51
2024-08-21,HOSP_DMM_03,Insulin_Vials,41.6,59.61,0,None,132,52
2024-08-22,HOSP_DMM_03,Insulin_Vials,32.7,47.96,1,Sandstorm/Dust_Storm,155,60
2024-08-23,HOSP_DMM_03,Insulin_Vials,40.4,47.3,0,None,114,46
2024-08-24,HOSP_DMM_03,Insulin_Vials,33.3,53.26,0,None,109,44
2024-08-25,HOSP_DMM_03,Insulin_Vials,34.4,54.49,0,None,129,50
2024-08-26,HOSP_DMM_03,Insulin_Vials,38.5,62.11,0,None,123,49
2024-08-27,HOSP_DMM_03,Insulin_Vials,41.7,49.08,0,None,137,54
2024-08-28,HOSP_DMM_03,Insulin_Vials,40.3,58.61,0,None,120,47
2024-08-29,HOSP_DMM_03,Insulin_Vials,39.4,53.3,0,None,105,42
2024-08-30,HOSP_DMM_03,Insulin_Vials,44.4,82.7,0,None,132,52
2024-08-31,HOSP_DMM_03,Insulin_Vials,38.7,68.79,0,None,110,44
2024-09-01,HOSP_DMM_03,Insulin_Vials,25.9,48.91,0,None,132,53
2024-09-02,HOSP_DMM_03,Insulin_Vials,24.4,53.59,0,None,124,51
2024-09-03,HOSP_DMM_03,Insulin_Vials,23.1,65.0,0,None,117,46
2024-09-04,HOSP_DMM_03,Insulin_Vials,24.0,57.89,0,None,114,46
2024-09-05,HOSP_DMM_03,Insulin_Vials,18.9,24.12,0,None,124,48
2024-09-06,HOSP_DMM_03,Insulin_Vials,19.5,32.73,0,None,133,52
2024-09-07,HOSP_DMM_03,Insulin_Vials,25.7,37.88,0,None,114,44
2024-09-08,HOSP_DMM_03,Insulin_Vials,14.7,49.42,0,None,102,42
2024-09-09,HOSP_DMM_03,Insulin_Vials,23.1,52.67,0,None,122,48
2024-09-10,HOSP_DMM_03,Insulin_Vials,21.8,61.18,0,None,119,47
2024-09-11,HOSP_DMM_03,Insulin_Vials,31.6,39.79,0,None,132,53
2024-09-12,HOSP_DMM_03,Insulin_Vials,17.3,37.92,0,None,110,44
2024-09-13,HOSP_DMM_03,Insulin_Vials,15.5,49.84,0,None,135,54
2024-09-14,HOSP_DMM_03,Insulin_Vials,20.7,45.27,0,None,124,50
2024-09-15,HOSP_DMM_03,Insulin_Vials,23.3,60.91,0,None,107,41
2024-09-16,HOSP_DMM_03,Insulin_Vials,21.6,37.21,0,None,116,46
2024-09-17,HOSP_DMM_03,Insulin_Vials,21.5,66.98,0,None,95,38
2024-09-18,HOSP_DMM_03,Insulin_Vials,25.3,30.3,0,None,117,46
2024-09-19,HOSP_DMM_03,Insulin_Vials,25.5,63.91,0,None,116,47
2024-09-20,HOSP_DMM_03,Insulin_Vials,25.0,42.16,0,None,94,36
2024-09-21,HOSP_DMM_03,Insulin_Vials,20.2,61.71,0,None,117,44
2024-09-22,HOSP_DMM_03,Insulin_Vials,16.9,68.22,0,None,126,51
2024-09-23,HOSP_DMM_03,Insulin_Vials,25.2,65.08,0,None,122,49
2024-09-24,HOSP_DMM_03,Insulin_Vials,27.1,80.75,0,None,140,55
2024-09-25,HOSP_DMM_03,Insulin_Vials,20.4,42.93,0,None,129,49
2024-09-26,HOSP_DMM_03,Insulin_Vials,22.6,61.66,0,None,105,42
2024-09-27,HOSP_DMM_03,Insulin_Vials,25.3,53.87,0,None,116,45
2024-09-28,HOSP_DMM_03,Insulin_Vials,20.7,53.7,0,None,105,42
2024-09-29,HOSP_DMM_03,Insulin_Vials,24.1,63.43,0,None,120,47
2024-09-30,HOSP_DMM_03,Insulin_Vials,18.1,27.56,0,None,99,38
2024-10-01,HOSP_DMM_03,Insulin_Vials,18.9,50.0,0,None,123,48
2024-10-02,HOSP_DMM_03,Insulin_Vials,17.3,42.65,0,None,134,54
2024-10-03,HOSP_DMM_03,Insulin_Vials,26.8,33.64,0,None,135,53
2024-10-04,HOSP_DMM_03,Insulin_Vials,24.5,64.71,0,None,115,47
2024-10-05,HOSP_DMM_03,Insulin_Vials,21.7,59.31,0,None,112,44
2024-10-06,HOSP_DMM_03,Insulin_Vials,21.1,51.17,0,None,123,48
2024-10-07,HOSP_DMM_03,Insulin_Vials,17.0,64.58,0,None,111,44
2024-10-08,HOSP_DMM_03,Insulin_Vials,22.0,62.8,0,None,141,57
2024-10-09,HOSP_DMM_03,Insulin_Vials,25.8,43.86,1,Sandstorm/Dust_Storm,164,66
2024-10-10,HOSP_DMM_03,Insulin_Vials,18.1,54.18,0,None,121,50
2024-10-11,HOSP_DMM_03,Insulin_Vials,23.2,63.91,0,None,114,44
2024-10-12,HOSP_DMM_03,Insulin_Vials,23.1,49.43,0,None,118,45
2024-10-13,HOSP_DMM_03,Insulin_Vials,21.8,67.99,0,None,96,37
2024-10-14,HOSP_DMM_03,Insulin_Vials,19.6,62.27,0,None,130,50
2024-10-15,HOSP_DMM_03,Insulin_Vials,23.9,41.2,0,None,120,47
2024-10-16,HOSP_DMM_03,Insulin_Vials,26.6,47.79,0,None,100,39
2024-10-17,HOSP_DMM_03,Insulin_Vials,16.0,36.72,0,None,123,49
2024-10-18,HOSP_DMM_03,Insulin_Vials,20.6,49.06,0,None,120,48
2024-10-19,HOSP_DMM_03,Insulin_Vials,22.8,56.21,0,None,120,48
2024-10-20,HOSP_DMM_03,Insulin_Vials,20.2,51.93,0,None,127,50
2024-10-21,HOSP_DMM_03,Insulin_Vials,17.7,47.99,0,None,133,52
2024-10-22,HOSP_DMM_03,Insulin_Vials,21.9,48.9,0,None,114,45
2024-10-23,HOSP_DMM_03,Insulin_Vials,17.9,56.71,0,None,98,39
2024-10-24,HOSP_DMM_03,Insulin_Vials,24.9,43.31,1,Sandstorm/Dust_Storm,144,58
2024-10-25,HOSP_DMM_03,Insulin_Vials,20.9,36.05,0,None,112,42
2024-10-26,HOSP_DMM_03,Insulin_Vials,22.5,47.94,0,None,115,46
2024-10-27,HOSP_DMM_03,Insulin_Vials,21.5,44.93,0,None,116,47
2024-10-28,HOSP_DMM_03,Insulin_Vials,23.9,58.55,0,None,111,44
2024-10-29,HOSP_DMM_03,Insulin_Vials,19.9,62.63,0,None,124,49
2024-10-30,HOSP_DMM_03,Insulin_Vials,24.3,51.47,0,None,104,42
2024-10-31,HOSP_DMM_03,Insulin_Vials,21.4,44.82,0,None,131,51
2024-11-01,HOSP_DMM_03,Insulin_Vials,25.6,75.28,0,None,136,53
2024-11-02,HOSP_DMM_03,Insulin_Vials,23.7,86.6,0,None,140,56
2024-11-03,HOSP_DMM_03,Insulin_Vials,16.7,61.76,0,None,157,62
2024-11-04,HOSP_DMM_03,Insulin_Vials,27.5,77.61,0,None,137,54
2024-11-05,HOSP_DMM_03,Insulin_Vials,25.1,77.17,0,None,159,62
2024-11-06,HOSP_DMM_03,Insulin_Vials,25.0,96.1,1,Sandstorm/Dust_Storm,174,69
2024-11-07,HOSP_DMM_03,Insulin_Vials,21.3,75.7,0,None,141,56
2024-11-08,HOSP_DMM_03,Insulin_Vials,21.9,84.59,1,Sandstorm/Dust_Storm,198,79
2024-11-09,HOSP_DMM_03,Insulin_Vials,25.2,77.88,0,None,145,57
2024-11-10,HOSP_DMM_03,Insulin_Vials,12.7,94.04,0,None,146,57
2024-11-11,HOSP_DMM_03,Insulin_Vials,24.9,76.04,0,None,127,49
2024-11-12,HOSP_DMM_03,Insulin_Vials,25.4,72.85,0,None,146,60
2024-11-13,HOSP_DMM_03,Insulin_Vials,21.8,83.5,0,None,145,58
2024-11-14,HOSP_DMM_03,Insulin_Vials,27.8,63.99,0,None,148,58
2024-11-15,HOSP_DMM_03,Insulin_Vials,26.0,65.09,0,None,155,62
2024-11-16,HOSP_DMM_03,Insulin_Vials,27.5,78.35,0,None,151,61
2024-11-17,HOSP_DMM_03,Insulin_Vials,24.2,72.06,0,None,133,54
2024-11-18,HOSP_DMM_03,Insulin_Vials,15.2,73.52,0,None,137,56
2024-11-19,HOSP_DMM_03,Insulin_Vials,14.2,72.43,0,None,145,57
2024-11-20,HOSP_DMM_03,Insulin_Vials,26.0,64.41,1,Sandstorm/Dust_Storm,179,71
2024-11-21,HOSP_DMM_03,Insulin_Vials,28.2,81.06,0,None,134,53
2024-11-22,HOSP_DMM_03,Insulin_Vials,24.2,71.32,0,None,134,52
2024-11-23,HOSP_DMM_03,Insulin_Vials,24.4,63.61,0,None,155,62
2024-11-24,HOSP_DMM_03,Insulin_Vials,18.8,60.32,0,None,121,48
2024-11-25,HOSP_DMM_03,Insulin_Vials,17.5,68.17,0,None,152,60
2024-11-26,HOSP_DMM_03,Insulin_Vials,16.8,82.45,0,None,143,57
2024-11-27,HOSP_DMM_03,Insulin_Vials,23.5,77.15,0,None,144,57
2024-11-28,HOSP_DMM_03,Insulin_Vials,16.5,64.87,0,None,156,62
2024-11-29,HOSP_DMM_03,Insulin_Vials,25.6,90.7,0,None,150,59
2024-11-30,HOSP_DMM_03,Insulin_Vials,27.5,71.51,0,None,125,49
2024-12-01,HOSP_DMM_03,Insulin_Vials,25.8,80.81,0,None,129,51
2024-12-02,HOSP_DMM_03,Insulin_Vials,23.8,81.47,0,None,138,55
2024-12-03,HOSP_DMM_03,Insulin_Vials,24.8,73.01,0,None,114,44
2024-12-04,HOSP_DMM_03,Insulin_Vials,24.3,68.35,0,None,155,62
2024-12-05,HOSP_DMM_03,Insulin_Vials,22.4,89.63,0,None,142,57
2024-12-06,HOSP_DMM_03,Insulin_Vials,19.3,86.21,0,None,128,50
2024-12-07,HOSP_DMM_03,Insulin_Vials,30.8,63.47,0,None,161,65
2024-12-08,HOSP_DMM_03,Insulin_Vials,21.3,85.67,0,None,152,60
2024-12-09,HOSP_DMM_03,Insulin_Vials,21.2,70.32,0,None,134,52
2024-12-10,HOSP_DMM_03,Insulin_Vials,24.7,73.55,0,None,143,58
2024-12-11,HOSP_DMM_03,Insulin_Vials,28.5,67.32,0,None,156,61
2024-12-12,HOSP_DMM_03,Insulin_Vials,25.7,69.64,0,None,142,57
2024-12-13,HOSP_DMM_03,Insulin_Vials,23.6,82.31,1,Sandstorm/Dust_Storm,169,68
2024-12-14,HOSP_DMM_03,Insulin_Vials,25.6,83.13,0,None,144,57
2024-12-15,HOSP_DMM_03,Insulin_Vials,28.5,54.58,0,None,152,61
2024-12-16,HOSP_DMM_03,Insulin_Vials,24.6,69.82,0,None,149,61
2024-12-17,HOSP_DMM_03,Insulin_Vials,27.3,99.75,0,None,152,60
2024-12-18,HOSP_DMM_03,Insulin_Vials,26.5,71.37,0,None,140,56
2024-12-19,HOSP_DMM_03,Insulin_Vials,22.2,71.79,0,None,133,52
2024-12-20,HOSP_DMM_03,Insulin_Vials,24.4,73.71,0,None,154,60
2024-12-21,HOSP_DMM_03,Insulin_Vials,17.9,81.51,0,None,152,61
2024-12-22,HOSP_DMM_03,Insulin_Vials,25.4,73.28,0,None,144,57
2024-12-23,HOSP_DMM_03,Insulin_Vials,20.0,84.74,0,None,157,60
2024-12-24,HOSP_DMM_03,Insulin_Vials,22.7,65.14,0,None,145,58
2024-12-25,HOSP_DMM_03,Insulin_Vials,28.2,73.82,0,None,153,61
2024-12-26,HOSP_DMM_03,Insulin_Vials,27.4,76.35,0,None,148,59
2024-12-27,HOSP_DMM_03,Insulin_Vials,17.0,76.79,0,None,134,53
2024-12-28,HOSP_DMM_03,Insulin_Vials,14.0,65.97,0,None,151,59
2024-12-29,HOSP_DMM_03,Insulin_Vials,23.0,84.24,0,None,123,48
2024-12-30,HOSP_DMM_03,Insulin_Vials,19.7,72.31,0,None,158,63
2024-12-31,HOSP_DMM_03,Insulin_Vials,21.5,55.65,0,None,134,54
2025-01-01,HOSP_DMM_03,Insulin_Vials,19.7,69.79,0,None,147,59
2025-01-02,HOSP_DMM_03,Insulin_Vials,24.1,77.34,0,None,150,60
2025-01-03,HOSP_DMM_03,Insulin_Vials,14.3,76.54,0,None,126,50
2025-01-04,HOSP_DMM_03,Insulin_Vials,19.6,68.11,0,None,146,57
2025-01-05,HOSP_DMM_03,Insulin_Vials,25.9,80.18,0,None,133,54
2025-01-06,HOSP_DMM_03,Insulin_Vials,27.5,70.23,0,None,164,64
2025-01-07,HOSP_DMM_03,Insulin_Vials,20.8,67.06,0,None,147,59
2025-01-08,HOSP_DMM_03,Insulin_Vials,23.6,91.29,0,None,179,72
2025-01-09,HOSP_DMM_03,Insulin_Vials,21.8,71.08,0,None,136,56
2025-01-10,HOSP_DMM_03,Insulin_Vials,19.5,87.97,0,None,143,58
2025-01-11,HOSP_DMM_03,Insulin_Vials,24.4,81.08,0,None,118,47
2025-01-12,HOSP_DMM_03,Insulin_Vials,24.8,72.28,0,None,147,59
2025-01-13,HOSP_DMM_03,Insulin_Vials,23.5,71.65,0,None,158,63
2025-01-14,HOSP_DMM_03,Insulin_Vials,17.5,85.51,0,None,135,55
2025-01-15,HOSP_DMM_03,Insulin_Vials,27.7,74.04,0,None,144,56
2025-01-16,HOSP_DMM_03,Insulin_Vials,24.3,66.41,0,None,152,61
2025-01-17,HOSP_DMM_03,Insulin_Vials,24.8,54.71,0,None,139,55
2025-01-18,HOSP_DMM_03,Insulin_Vials,33.9,59.81,0,None,174,71
2025-01-19,HOSP_DMM_03,Insulin_Vials,25.1,78.6,0,None,155,62
2025-01-20,HOSP_DMM_03,Insulin_Vials,20.2,80.48,0,None,128,50
2025-01-21,HOSP_DMM_03,Insulin_Vials,21.9,89.16,0,None,166,65
2025-01-22,HOSP_DMM_03,Insulin_Vials,23.5,73.11,0,None,148,60
2025-01-23,HOSP_DMM_03,Insulin_Vials,27.3,79.09,0,None,164,66
2025-01-24,HOSP_DMM_03,Insulin_Vials,22.5,77.9,0,None,149,59
2025-01-25,HOSP_DMM_03,Insulin_Vials,13.8,71.29,0,None,140,56
2025-01-26,HOSP_DMM_03,Insulin_Vials,23.0,77.02,0,None,149,58
2025-01-27,HOSP_DMM_03,Insulin_Vials,25.1,64.42,0,None,148,59
2025-01-28,HOSP_DMM_03,Insulin_Vials,16.3,59.13,0,None,153,62
2025-01-29,HOSP_DMM_03,Insulin_Vials,31.6,67.28,0,None,148,58
2025-01-30,HOSP_DMM_03,Insulin_Vials,24.3,85.35,0,None,139,57
2025-01-31,HOSP_DMM_03,Insulin_Vials,24.3,75.39,0,None,144,56
2025-02-01,HOSP_DMM_03,Insulin_Vials,23.4,52.94,0,None,130,52
2025-02-02,HOSP_DMM_03,Insulin_Vials,21.6,84.59,0,None,165,66
2025-02-03,HOSP_DMM_03,Insulin_Vials,24.8,87.37,0,None,166,68
2025-02-04,HOSP_DMM_03,Insulin_Vials,23.2,90.3,0,None,140,54
2025-02-05,HOSP_DMM_03,Insulin_Vials,26.5,49.98,0,None,135,52
2025-02-06,HOSP_DMM_03,Insulin_Vials,28.0,78.8,0,None,131,52
2025-02-07,HOSP_DMM_03,Insulin_Vials,23.2,71.16,0,None,132,53
2025-02-08,HOSP_DMM_03,Insulin_Vials,21.8,87.0,1,Sandstorm/Dust_Storm,171,69
2025-02-09,HOSP_DMM_03,Insulin_Vials,26.6,71.29,0,None,149,58
2025-02-10,HOSP_DMM_03,Insulin_Vials,27.3,72.18,0,None,155,61
2025-02-11,HOSP_DMM_03,Insulin_Vials,17.8,87.17,0,None,154,62
2025-02-12,HOSP_DMM_03,Insulin_Vials,23.5,80.77,0,None,157,63
2025-02-13,HOSP_DMM_03,Insulin_Vials,22.1,71.88,0,None,140,55
2025-02-14,HOSP_DMM_03,Insulin_Vials,17.0,86.34,0,None,162,65
2025-02-15,HOSP_DMM_03,Insulin_Vials,18.3,71.46,0,None,154,60
2025-02-16,HOSP_DMM_03,Insulin_Vials,21.1,63.98,0,None,141,56
2025-02-17,HOSP_DMM_03,Insulin_Vials,23.5,92.0,0,None,136,52
2025-02-18,HOSP_DMM_03,Insulin_Vials,24.8,71.38,0,None,125,49
2025-02-19,HOSP_DMM_03,Insulin_Vials,28.0,82.26,0,None,134,52
2025-02-20,HOSP_DMM_03,Insulin_Vials,18.6,80.0,0,None,162,64
2025-02-21,HOSP_DMM_03,Insulin_Vials,28.9,62.49,1,Sandstorm/Dust_Storm,194,78
2025-02-22,HOSP_DMM_03,Insulin_Vials,27.4,94.63,0,None,148,59
2025-02-23,HOSP_DMM_03,Insulin_Vials,28.0,90.79,0,None,147,58
2025-02-24,HOSP_DMM_03,Insulin_Vials,28.2,71.85,0,None,142,56
2025-02-25,HOSP_DMM_03,Insulin_Vials,20.1,93.79,0,None,139,55
2025-02-26,HOSP_DMM_03,Insulin_Vials,21.8,72.11,0,None,149,59
2025-02-27,HOSP_DMM_03,Insulin_Vials,17.7,77.32,0,None,146,57
2025-02-28,HOSP_DMM_03,Insulin_Vials,16.3,74.86,0,None,143,59
2025-03-01,HOSP_DMM_03,Insulin_Vials,21.9,55.48,0,None,124,51
2025-03-02,HOSP_DMM_03,Insulin_Vials,26.7,52.45,0,None,122,49
2025-03-03,HOSP_DMM_03,Insulin_Vials,27.3,54.67,0,None,103,43
2025-03-04,HOSP_DMM_03,Insulin_Vials,20.5,56.98,0,None,136,56
2025-03-05,HOSP_DMM_03,Insulin_Vials,16.0,43.66,0,None,122,48
2025-03-06,HOSP_DMM_03,Insulin_Vials,23.2,39.72,0,None,114,45
2025-03-07,HOSP_DMM_03,Insulin_Vials,29.4,48.39,0,None,110,44
2025-03-08,HOSP_DMM_03,Insulin_Vials,24.4,60.11,0,None,124,50
2025-03-09,HOSP_DMM_03,Insulin_Vials,14.5,32.92,0,None,110,44
2025-03-10,HOSP_DMM_03,Insulin_Vials,17.9,49.29,0,None,102,39
2025-03-11,HOSP_DMM_03,Insulin_Vials,17.3,42.56,0,None,136,54
2025-03-12,HOSP_DMM_03,Insulin_Vials,19.1,38.93,0,None,119,49
2025-03-13,HOSP_DMM_03,Insulin_Vials,20.1,49.0,0,None,111,43
2025-03-14,HOSP_DMM_03,Insulin_Vials,17.6,47.81,0,None,127,51
2025-03-15,HOSP_DMM_03,Insulin_Vials,17.9,46.67,0,None,144,58
2025-03-16,HOSP_DMM_03,Insulin_Vials,17.5,57.92,0,None,91,35
2025-03-17,HOSP_DMM_03,Insulin_Vials,24.6,51.9,0,None,113,44
2025-03-18,HOSP_DMM_03,Insulin_Vials,22.0,71.62,0,None,122,48
2025-03-19,HOSP_DMM_03,Insulin_Vials,20.7,34.8,0,None,116,46
2025-03-20,HOSP_DMM_03,Insulin_Vials,23.3,45.84,0,None,97,38
2025-03-21,HOSP_DMM_03,Insulin_Vials,19.5,49.62,0,None,123,51
2025-03-22,HOSP_DMM_03,Insulin_Vials,16.9,34.21,0,None,133,52
2025-03-23,HOSP_DMM_03,Insulin_Vials,20.6,58.79,0,None,107,44
2025-03-24,HOSP_DMM_03,Insulin_Vials,22.9,33.34,0,None,116,45
2025-03-25,HOSP_DMM_03,Insulin_Vials,21.2,68.04,0,None,107,43
2025-03-26,HOSP_DMM_03,Insulin_Vials,21.2,50.06,0,None,105,43
2025-03-27,HOSP_DMM_03,Insulin_Vials,25.4,48.57,0,None,146,60
2025-03-28,HOSP_DMM_03,Insulin_Vials,25.5,53.98,0,None,126,52
2025-03-29,HOSP_DMM_03,Insulin_Vials,23.6,47.73,0,None,134,53
2025-03-30,HOSP_DMM_03,Insulin_Vials,18.7,44.75,0,None,132,52
2025-03-31,HOSP_DMM_03,Insulin_Vials,26.3,61.81,0,None,134,53
2025-04-01,HOSP_DMM_03,Insulin_Vials,23.0,48.95,0,None,111,45
2025-04-02,HOSP_DMM_03,Insulin_Vials,19.9,54.25,0,None,119,48
2025-04-03,HOSP_DMM_03,Insulin_Vials,18.8,60.22,0,None,127,49
2025-04-04,HOSP_DMM_03,Insulin_Vials,24.3,68.52,0,None,107,42
2025-04-05,HOSP_DMM_03,Insulin_Vials,26.0,48.91,0,None,123,50
2025-04-06,HOSP_DMM_03,Insulin_Vials,15.6,53.82,0,None,116,46
2025-04-07,HOSP_DMM_03,Insulin_Vials,23.5,58.0,1,Sandstorm/Dust_Storm,153,60
2025-04-08,HOSP_DMM_03,Insulin_Vials,24.9,59.04,0,None,128,50
2025-04-09,HOSP_DMM_03,Insulin_Vials,20.3,45.47,0,None,124,49
2025-04-10,HOSP_DMM_03,Insulin_Vials,20.9,20.55,0,None,128,51
2025-04-11,HOSP_DMM_03,Insulin_Vials,27.6,39.02,0,None,134,53
2025-04-12,HOSP_DMM_03,Insulin_Vials,22.0,34.29,0,None,125,48
2025-04-13,HOSP_DMM_03,Insulin_Vials,20.3,29.81,0,None,138,55
2025-04-14,HOSP_DMM_03,Insulin_Vials,27.5,57.94,0,None,126,50
2025-04-15,HOSP_DMM_03,Insulin_Vials,24.9,52.02,0,None,122,47
2025-04-16,HOSP_DMM_03,Insulin_Vials,18.4,65.76,0,None,128,52
2025-04-17,HOSP_DMM_03,Insulin_Vials,25.1,57.06,0,None,117,46
2025-04-18,HOSP_DMM_03,Insulin_Vials,23.7,50.39,0,None,135,53
2025-04-19,HOSP_DMM_03,Insulin_Vials,17.7,51.51,1,Sandstorm/Dust_Storm,152,61
2025-04-20,HOSP_DMM_03,Insulin_Vials,13.7,56.24,0,None,119,48
2025-04-21,HOSP_DMM_03,Insulin_Vials,19.5,57.66,0,None,118,48
2025-04-22,HOSP_DMM_03,Insulin_Vials,22.2,56.06,0,None,111,45
2025-04-23,HOSP_DMM_03,Insulin_Vials,22.8,56.12,0,None,111,44
2025-04-24,HOSP_DMM_03,Insulin_Vials,26.5,53.37,0,None,133,52
2025-04-25,HOSP_DMM_03,Insulin_Vials,20.9,46.09,0,None,115,45
2025-04-26,HOSP_DMM_03,Insulin_Vials,24.4,50.33,0,None,106,43
2025-04-27,HOSP_DMM_03,Insulin_Vials,21.7,46.61,0,None,129,50
2025-04-28,HOSP_DMM_03,Insulin_Vials,24.7,73.86,1,Sandstorm/Dust_Storm,162,64
2025-04-29,HOSP_DMM_03,Insulin_Vials,27.0,45.99,0,None,110,42
2025-04-30,HOSP_DMM_03,Insulin_Vials,30.0,37.76,0,None,105,41
2025-05-01,HOSP_DMM_03,Insulin_Vials,16.5,47.74,0,None,117,47
2025-05-02,HOSP_DMM_03,Insulin_Vials,20.9,56.33,0,None,107,42
2025-05-03,HOSP_DMM_03,Insulin_Vials,25.2,60.01,0,None,138,54
2025-05-04,HOSP_DMM_03,Insulin_Vials,23.0,64.97,0,None,114,46
2025-05-05,HOSP_DMM_03,Insulin_Vials,25.3,50.83,0,None,108,44
2025-05-06,HOSP_DMM_03,Insulin_Vials,21.3,60.7,0,None,98,40
2025-05-07,HOSP_DMM_03,Insulin_Vials,20.0,32.97,0,None,105,43
2025-05-08,HOSP_DMM_03,Insulin_Vials,22.7,41.54,0,None,105,43
2025-05-09,HOSP_DMM_03,Insulin_Vials,23.3,60.8,1,Sandstorm/Dust_Storm,159,64
2025-05-10,HOSP_DMM_03,Insulin_Vials,25.2,51.67,0,None,122,47
2025-05-11,HOSP_DMM_03,Insulin_Vials,25.0,37.23,0,None,138,54
2025-05-12,HOSP_DMM_03,Insulin_Vials,24.0,52.23,0,None,105,42
2025-05-13,HOSP_DMM_03,Insulin_Vials,19.4,65.18,0,None,110,44
2025-05-14,HOSP_DMM_03,Insulin_Vials,21.8,26.57,0,None,130,54
2025-05-15,HOSP_DMM_03,Insulin_Vials,22.5,76.06,0,None,102,39
2025-05-16,HOSP_DMM_03,Insulin_Vials,22.1,54.28,0,None,125,49
2025-05-17,HOSP_DMM_03,Insulin_Vials,20.7,49.05,0,None,126,48
2025-05-18,HOSP_DMM_03,Insulin_Vials,21.3,44.55,0,None,105,40
2025-05-19,HOSP_DMM_03,Insulin_Vials,27.5,43.88,0,None,121,47
2025-05-20,HOSP_DMM_03,Insulin_Vials,29.1,47.15,0,None,119,49
2025-05-21,HOSP_DMM_03,Insulin_Vials,27.5,32.68,1,Sandstorm/Dust_Storm,160,63
2025-05-22,HOSP_DMM_03,Insulin_Vials,18.9,61.71,0,None,128,51
2025-05-23,HOSP_DMM_03,Insulin_Vials,30.2,40.58,0,None,121,46
2025-05-24,HOSP_DMM_03,Insulin_Vials,26.0,23.46,0,None,105,41
2025-05-25,HOSP_DMM_03,Insulin_Vials,25.9,52.84,0,None,133,53
2025-05-26,HOSP_DMM_03,Insulin_Vials,23.0,51.64,0,None,131,52
2025-05-27,HOSP_DMM_03,Insulin_Vials,22.0,54.89,0,None,135,54
2025-05-28,HOSP_DMM_03,Insulin_Vials,25.6,53.33,1,Sandstorm/Dust_Storm,174,70
2025-05-29,HOSP_DMM_03,Insulin_Vials,23.3,57.29,0,None,90,36
2025-05-30,HOSP_DMM_03,Insulin_Vials,20.9,51.56,0,None,132,53
2025-05-31,HOSP_DMM_03,Insulin_Vials,22.8,47.66,0,None,97,39
2025-06-01,HOSP_DMM_03,Insulin_Vials,42.4,64.39,0,None,103,42
2025-06-02,HOSP_DMM_03,Insulin_Vials,40.8,47.25,1,Heatwave,145,59
2025-06-03,HOSP_DMM_03,Insulin_Vials,37.7,49.08,0,None,128,50
2025-06-04,HOSP_DMM_03,Insulin_Vials,44.0,49.7,0,None,114,46
2025-06-05,HOSP_DMM_03,Insulin_Vials,36.8,58.41,0,None,127,51
2025-06-06,HOSP_DMM_03,Insulin_Vials,40.8,30.55,0,None,125,49
2025-06-07,HOSP_DMM_03,Insulin_Vials,42.9,43.73,1,Heatwave,158,63
2025-06-08,HOSP_DMM_03,Insulin_Vials,34.8,46.36,0,None,105,42
2025-06-09,HOSP_DMM_03,Insulin_Vials,34.8,44.41,0,None,129,50
2025-06-10,HOSP_DMM_03,Insulin_Vials,41.9,47.13,1,Heatwave,154,60
2025-06-11,HOSP_DMM_03,Insulin_Vials,34.4,43.97,0,None,120,49
2025-06-12,HOSP_DMM_03,Insulin_Vials,37.8,58.65,0,None,78,31
2025-06-13,HOSP_DMM_03,Insulin_Vials,40.1,55.22,0,None,133,54
2025-06-14,HOSP_DMM_03,Insulin_Vials,36.6,55.84,0,None,122,47
2025-06-15,HOSP_DMM_03,Insulin_Vials,32.8,29.76,0,None,122,48
2025-06-16,HOSP_DMM_03,Insulin_Vials,36.4,50.66,0,None,123,51
2025-06-17,HOSP_DMM_03,Insulin_Vials,29.7,53.61,0,None,113,46
2025-06-18,HOSP_DMM_03,Insulin_Vials,34.9,53.29,1,Sandstorm/Dust_Storm,166,66
2025-06-19,HOSP_DMM_03,Insulin_Vials,34.3,50.1,0,None,121,49
2025-06-20,HOSP_DMM_03,Insulin_Vials,43.8,43.94,0,None,116,46
2025-06-21,HOSP_DMM_03,Insulin_Vials,36.7,47.4,0,None,123,49
2025-06-22,HOSP_DMM_03,Insulin_Vials,31.2,53.13,0,None,115,45
2025-06-23,HOSP_DMM_03,Insulin_Vials,36.3,45.26,0,None,125,49
2025-06-24,HOSP_DMM_03,Insulin_Vials,38.2,66.26,0,None,116,47
2025-06-25,HOSP_DMM_03,Insulin_Vials,39.9,43.89,0,None,119,47
2025-06-26,HOSP_DMM_03,Insulin_Vials,33.2,68.69,0,None,132,53
2025-06-27,HOSP_DMM_03,Insulin_Vials,35.7,45.84,0,None,123,49
2025-06-28,HOSP_DMM_03,Insulin_Vials,38.3,41.7,1,Sandstorm/Dust_Storm,166,66
2025-06-29,HOSP_DMM_03,Insulin_Vials,34.9,42.16,0,None,107,43
2025-06-30,HOSP_DMM_03,Insulin_Vials,37.6,58.64,0,None,106,42
2025-07-01,HOSP_DMM_03,Insulin_Vials,41.8,40.53,0,None,134,55
2025-07-02,HOSP_DMM_03,Insulin_Vials,34.0,58.24,0,None,113,45
2025-07-03,HOSP_DMM_03,Insulin_Vials,32.6,38.21,0,None,129,51
2025-07-04,HOSP_DMM_03,Insulin_Vials,44.5,52.47,0,None,113,44
2025-07-05,HOSP_DMM_03,Insulin_Vials,36.2,67.08,0,None,119,46
2025-07-06,HOSP_DMM_03,Insulin_Vials,34.7,22.55,0,None,142,54
2025-07-07,HOSP_DMM_03,Insulin_Vials,43.4,33.35,0,None,128,50
2025-07-08,HOSP_DMM_03,Insulin_Vials,43.6,48.38,0,None,119,48
2025-07-09,HOSP_DMM_03,Insulin_Vials,40.3,60.02,0,None,113,45
2025-07-10,HOSP_DMM_03,Insulin_Vials,33.2,53.01,0,None,142,57
2025-07-11,HOSP_DMM_03,Insulin_Vials,39.9,44.76,0,None,108,43
2025-07-12,HOSP_DMM_03,Insulin_Vials,32.2,45.72,0,None,112,44
2025-07-13,HOSP_DMM_03,Insulin_Vials,35.2,29.8,0,None,119,46
2025-07-14,HOSP_DMM_03,Insulin_Vials,48.0,46.72,0,None,106,42
2025-07-15,HOSP_DMM_03,Insulin_Vials,47.9,57.72,0,None,134,54
2025-07-16,HOSP_DMM_03,Insulin_Vials,36.8,51.96,0,None,134,54
2025-07-17,HOSP_DMM_03,Insulin_Vials,39.0,49.43,0,None,103,39
2025-07-18,HOSP_DMM_03,Insulin_Vials,41.2,37.64,0,None,110,43
2025-07-19,HOSP_DMM_03,Insulin_Vials,36.3,58.56,0,None,127,51
2025-07-20,HOSP_DMM_03,Insulin_Vials,36.4,44.0,0,None,108,43
2025-07-21,HOSP_DMM_03,Insulin_Vials,37.4,61.1,0,None,133,53
2025-07-22,HOSP_DMM_03,Insulin_Vials,34.7,52.29,0,None,85,32
2025-07-23,HOSP_DMM_03,Insulin_Vials,35.9,57.48,0,None,108,46
2025-07-24,HOSP_DMM_03,Insulin_Vials,37.7,45.2,0,None,113,44
2025-07-25,HOSP_DMM_03,Insulin_Vials,29.8,64.67,0,None,127,51
2025-07-26,HOSP_DMM_03,Insulin_Vials,36.7,47.85,1,Sandstorm/Dust_Storm,158,64
2025-07-27,HOSP_DMM_03,Insulin_Vials,41.2,49.4,0,None,118,47
2025-07-28,HOSP_DMM_03,Insulin_Vials,42.7,63.92,1,Heatwave,173,69
2025-07-29,HOSP_DMM_03,Insulin_Vials,38.6,50.47,0,None,98,41
2025-07-30,HOSP_DMM_03,Insulin_Vials,35.0,58.43,0,None,111,45
2025-07-31,HOSP_DMM_03,Insulin_Vials,39.3,47.86,0,None,120,47
2025-08-01,HOSP_DMM_03,Insulin_Vials,35.2,47.12,0,None,123,49
2025-08-02,HOSP_DMM_03,Insulin_Vials,30.5,61.1,0,None,106,43
2025-08-03,HOSP_DMM_03,Insulin_Vials,32.4,54.28,0,None,108,43
2025-08-04,HOSP_DMM_03,Insulin_Vials,42.3,28.61,0,None,110,43
2025-08-05,HOSP_DMM_03,Insulin_Vials,36.0,53.79,0,None,109,41
2025-08-06,HOSP_DMM_03,Insulin_Vials,33.1,45.37,0,None,127,49
2025-08-07,HOSP_DMM_03,Insulin_Vials,43.7,64.57,0,None,116,48
2025-08-08,HOSP_DMM_03,Insulin_Vials,39.3,29.47,0,None,109,44
2025-08-09,HOSP_DMM_03,Insulin_Vials,35.1,57.55,0,None,99,38
2025-08-10,HOSP_DMM_03,Insulin_Vials,44.8,56.16,0,None,132,51
2025-08-11,HOSP_DMM_03,Insulin_Vials,42.0,60.28,0,None,113,43
2025-08-12,HOSP_DMM_03,Insulin_Vials,33.7,42.17,0,None,134,53
2025-08-13,HOSP_DMM_03,Insulin_Vials,43.6,47.36,0,None,119,48
2025-08-14,HOSP_DMM_03,Insulin_Vials,37.1,45.11,0,None,136,53
2025-08-15,HOSP_DMM_03,Insulin_Vials,28.1,41.02,0,None,118,47
2025-08-16,HOSP_DMM_03,Insulin_Vials,40.4,45.34,0,None,134,55
2025-08-17,HOSP_DMM_03,Insulin_Vials,36.1,32.68,0,None,114,45
2025-08-18,HOSP_DMM_03,Insulin_Vials,37.8,38.32,0,None,129,51
2025-08-19,HOSP_DMM_03,Insulin_Vials,40.5,32.84,0,None,107,42
2025-08-20,HOSP_DMM_03,Insulin_Vials,33.3,49.36,0,None,118,47
2025-08-21,HOSP_DMM_03,Insulin_Vials,38.6,33.12,0,None,138,56
2025-08-22,HOSP_DMM_03,Insulin_Vials,31.6,48.27,0,None,114,45
2025-08-23,HOSP_DMM_03,Insulin_Vials,34.6,63.56,0,None,126,49
2025-08-24,HOSP_DMM_03,Insulin_Vials,33.3,40.35,0,None,119,49
2025-08-25,HOSP_DMM_03,Insulin_Vials,44.4,52.75,0,None,117,44
2025-08-26,HOSP_DMM_03,Insulin_Vials,39.5,53.94,0,None,126,51
2025-08-27,HOSP_DMM_03,Insulin_Vials,37.7,54.13,1,Sandstorm/Dust_Storm,141,55
2025-08-28,HOSP_DMM_03,Insulin_Vials,41.4,64.27,0,None,124,49
2025-08-29,HOSP_DMM_03,Insulin_Vials,34.7,63.77,0,None,128,51
2025-08-30,HOSP_DMM_03,Insulin_Vials,39.3,25.45,0,None,92,36
2025-08-31,HOSP_DMM_03,Insulin_Vials,36.3,40.17,0,None,150,60
2025-09-01,HOSP_DMM_03,Insulin_Vials,24.6,44.09,0,None,103,42
2025-09-02,HOSP_DMM_03,Insulin_Vials,21.1,59.02,0,None,127,53
2025-09-03,HOSP_DMM_03,Insulin_Vials,18.2,41.47,0,None,133,52
2025-09-04,HOSP_DMM_03,Insulin_Vials,26.2,62.04,0,None,105,42
2025-09-05,HOSP_DMM_03,Insulin_Vials,18.9,61.62,0,None,115,46
2025-09-06,HOSP_DMM_03,Insulin_Vials,24.3,64.44,0,None,97,40
2025-09-07,HOSP_DMM_03,Insulin_Vials,29.4,48.68,0,None,125,50
2025-09-08,HOSP_DMM_03,Insulin_Vials,30.1,24.98,0,None,112,44
2025-09-09,HOSP_DMM_03,Insulin_Vials,24.6,61.49,0,None,118,46
2025-09-10,HOSP_DMM_03,Insulin_Vials,26.4,49.32,0,None,120,47
2025-09-11,HOSP_DMM_03,Insulin_Vials,24.2,48.3,0,None,108,43
2025-09-12,HOSP_DMM_03,Insulin_Vials,19.0,42.65,0,None,128,51
2025-09-13,HOSP_DMM_03,Insulin_Vials,25.0,53.17,0,None,125,48
2025-09-14,HOSP_DMM_03,Insulin_Vials,18.4,48.45,0,None,130,52
2025-09-15,HOSP_DMM_03,Insulin_Vials,22.6,47.74,1,Sandstorm/Dust_Storm,159,64
2025-09-16,HOSP_DMM_03,Insulin_Vials,23.4,38.77,0,None,101,40
2025-09-17,HOSP_DMM_03,Insulin_Vials,24.5,36.77,0,None,133,55
2025-09-18,HOSP_DMM_03,Insulin_Vials,23.1,34.99,0,None,115,46
2025-09-19,HOSP_DMM_03,Insulin_Vials,26.8,42.84,0,None,90,36
2025-09-20,HOSP_DMM_03,Insulin_Vials,19.2,52.32,0,None,101,40
2025-09-21,HOSP_DMM_03,Insulin_Vials,26.6,45.94,0,None,108,42
2025-09-22,HOSP_DMM_03,Insulin_Vials,31.4,65.08,0,None,107,41
2025-09-23,HOSP_DMM_03,Insulin_Vials,26.2,61.07,0,None,134,54
2025-09-24,HOSP_DMM_03,Insulin_Vials,21.2,40.34,0,None,135,55
2025-09-25,HOSP_DMM_03,Insulin_Vials,19.9,44.23,0,None,132,55
2025-09-26,HOSP_DMM_03,Insulin_Vials,25.3,56.64,0,None,115,45
2025-09-27,HOSP_DMM_03,Insulin_Vials,22.8,51.05,0,None,117,47
2025-09-28,HOSP_DMM_03,Insulin_Vials,21.6,41.42,0,None,116,45
2025-09-29,HOSP_DMM_03,Insulin_Vials,23.5,35.76,0,None,131,52
2025-09-30,HOSP_DMM_03,Insulin_Vials,27.6,52.27,0,None,122,49
2025-10-01,HOSP_DMM_03,Insulin_Vials,26.7,43.89,1,Sandstorm/Dust_Storm,163,65
2025-10-02,HOSP_DMM_03,Insulin_Vials,19.2,44.19,0,None,114,46
2025-10-03,HOSP_DMM_03,Insulin_Vials,36.2,51.79,0,None,97,39
2025-10-04,HOSP_DMM_03,Insulin_Vials,24.3,69.49,0,None,114,43
2025-10-05,HOSP_DMM_03,Insulin_Vials,20.7,50.59,0,None,116,47
2025-10-06,HOSP_DMM_03,Insulin_Vials,24.3,64.76,0,None,93,37
2025-10-07,HOSP_DMM_03,Insulin_Vials,22.1,42.21,0,None,114,44
2025-10-08,HOSP_DMM_03,Insulin_Vials,15.6,42.42,0,None,122,48
2025-10-09,HOSP_DMM_03,Insulin_Vials,24.5,62.87,0,None,130,53
2025-10-10,HOSP_DMM_03,Insulin_Vials,15.3,65.78,0,None,123,51
2025-10-11,HOSP_DMM_03,Insulin_Vials,19.9,54.01,0,None,122,50
2025-10-12,HOSP_DMM_03,Insulin_Vials,29.4,62.4,0,None,100,40
2025-10-13,HOSP_DMM_03,Insulin_Vials,30.0,41.87,1,Sandstorm/Dust_Storm,160,64
2025-10-14,HOSP_DMM_03,Insulin_Vials,25.5,40.77,0,None,122,49
2025-10-15,HOSP_DMM_03,Insulin_Vials,18.8,83.68,0,None,127,50
2025-10-16,HOSP_DMM_03,Insulin_Vials,28.3,44.26,0,None,126,51
2025-10-17,HOSP_DMM_03,Insulin_Vials,21.8,54.77,0,None,118,48
2025-10-18,HOSP_DMM_03,Insulin_Vials,29.1,66.0,0,None,99,39
2025-10-19,HOSP_DMM_03,Insulin_Vials,26.1,64.96,0,None,118,47
2025-10-20,HOSP_DMM_03,Insulin_Vials,25.8,57.02,0,None,114,44
2025-10-21,HOSP_DMM_03,Insulin_Vials,22.2,51.02,0,None,117,47
2025-10-22,HOSP_DMM_03,Insulin_Vials,23.5,54.42,0,None,120,48
2025-10-23,HOSP_DMM_03,Insulin_Vials,24.0,55.28,0,None,105,41
2025-10-24,HOSP_DMM_03,Insulin_Vials,25.9,52.62,0,None,97,39
2025-10-25,HOSP_DMM_03,Insulin_Vials,21.7,46.97,0,None,136,54
2025-10-26,HOSP_DMM_03,Insulin_Vials,22.3,52.86,0,None,115,44
2025-10-27,HOSP_DMM_03,Insulin_Vials,26.2,49.58,0,None,128,51
2025-10-28,HOSP_DMM_03,Insulin_Vials,26.5,53.79,0,None,125,48
2025-10-29,HOSP_DMM_03,Insulin_Vials,25.4,30.26,0,None,98,38
2025-10-30,HOSP_DMM_03,Insulin_Vials,31.8,62.82,0,None,120,47
2025-10-31,HOSP_DMM_03,Insulin_Vials,15.0,52.32,0,None,121,48
2025-11-01,HOSP_DMM_03,Insulin_Vials,21.6,65.36,0,None,153,60
2025-11-02,HOSP_DMM_03,Insulin_Vials,26.4,71.25,0,None,131,53
2025-11-03,HOSP_DMM_03,Insulin_Vials,22.8,63.5,0,None,157,61
2025-11-04,HOSP_DMM_03,Insulin_Vials,21.8,80.45,0,None,142,56
2025-11-05,HOSP_DMM_03,Insulin_Vials,17.6,64.96,0,None,132,52
2025-11-06,HOSP_DMM_03,Insulin_Vials,19.6,84.58,0,None,142,56
2025-11-07,HOSP_DMM_03,Insulin_Vials,17.6,87.82,0,None,151,60
2025-11-08,HOSP_DMM_03,Insulin_Vials,32.9,90.09,0,None,148,59
2025-11-09,HOSP_DMM_03,Insulin_Vials,26.1,62.58,0,None,148,61
2025-11-10,HOSP_DMM_03,Insulin_Vials,27.1,74.35,0,None,148,61
2025-11-11,HOSP_DMM_03,Insulin_Vials,18.8,89.64,0,None,127,52
2025-11-12,HOSP_DMM_03,Insulin_Vials,23.8,71.7,0,None,146,60
2025-11-13,HOSP_DMM_03,Insulin_Vials,16.1,76.4,0,None,137,53
2025-11-14,HOSP_DMM_03,Insulin_Vials,25.2,64.87,0,None,164,66
2025-11-15,HOSP_DMM_03,Insulin_Vials,23.9,80.68,0,None,144,58
2025-11-16,HOSP_DMM_03,Insulin_Vials,29.3,91.05,1,Sandstorm/Dust_Storm,151,60
2025-11-17,HOSP_DMM_03,Insulin_Vials,23.7,89.03,0,None,145,58
2025-11-18,HOSP_DMM_03,Insulin_Vials,18.8,61.8,0,None,133,51
2025-11-19,HOSP_DMM_03,Insulin_Vials,20.4,77.03,0,None,135,54
2025-11-20,HOSP_DMM_03,Insulin_Vials,19.4,75.99,1,Sandstorm/Dust_Storm,203,81
2025-11-21,HOSP_DMM_03,Insulin_Vials,20.2,94.08,0,None,151,61
2025-11-22,HOSP_DMM_03,Insulin_Vials,29.4,78.63,0,None,117,46
2025-11-23,HOSP_DMM_03,Insulin_Vials,24.2,81.81,0,None,134,53
2025-11-24,HOSP_DMM_03,Insulin_Vials,25.1,78.46,0,None,143,58
2025-11-25,HOSP_DMM_03,Insulin_Vials,24.9,71.95,0,None,165,66
2025-11-26,HOSP_DMM_03,Insulin_Vials,18.1,76.13,0,None,149,61
2025-11-27,HOSP_DMM_03,Insulin_Vials,23.8,68.39,0,None,129,51
2025-11-28,HOSP_DMM_03,Insulin_Vials,22.9,94.67,0,None,150,59
2025-11-29,HOSP_DMM_03,Insulin_Vials,18.7,89.19,0,None,160,64
2025-11-30,HOSP_DMM_03,Insulin_Vials,22.2,87.91,0,None,150,59
2025-12-01,HOSP_DMM_03,Insulin_Vials,21.5,69.78,0,None,143,56
2025-12-02,HOSP_DMM_03,Insulin_Vials,32.1,74.94,0,None,148,59
2025-12-03,HOSP_DMM_03,Insulin_Vials,24.8,58.04,0,None,128,50
2025-12-04,HOSP_DMM_03,Insulin_Vials,23.1,70.79,0,None,143,57
2025-12-05,HOSP_DMM_03,Insulin_Vials,23.3,69.11,0,None,143,56
2025-12-06,HOSP_DMM_03,Insulin_Vials,10.7,64.77,0,None,124,48
2025-12-07,HOSP_DMM_03,Insulin_Vials,29.1,81.02,0,None,173,69
2025-12-08,HOSP_DMM_03,Insulin_Vials,24.2,82.48,0,None,149,59
2025-12-09,HOSP_DMM_03,Insulin_Vials,25.1,84.56,0,None,129,50
2025-12-10,HOSP_DMM_03,Insulin_Vials,24.9,56.89,0,None,157,62
2025-12-11,HOSP_DMM_03,Insulin_Vials,31.7,81.27,0,None,140,56
2025-12-12,HOSP_DMM_03,Insulin_Vials,20.6,71.8,0,None,135,54
2025-12-13,HOSP_DMM_03,Insulin_Vials,22.1,69.79,0,None,139,57
2025-12-14,HOSP_DMM_03,Insulin_Vials,22.0,62.89,0,None,155,61
2025-12-15,HOSP_DMM_03,Insulin_Vials,21.0,92.98,0,None,156,63
2025-12-16,HOSP_DMM_03,Insulin_Vials,28.4,72.3,0,None,160,64
2025-12-17,HOSP_DMM_03,Insulin_Vials,20.5,68.57,0,None,161,65
2025-12-18,HOSP_DMM_03,Insulin_Vials,17.3,69.61,0,None,150,59
2025-12-19,HOSP_DMM_03,Insulin_Vials,25.4,89.66,0,None,145,56
2025-12-20,HOSP_DMM_03,Insulin_Vials,20.1,69.49,0,None,155,62
2025-12-21,HOSP_DMM_03,Insulin_Vials,21.6,74.14,0,None,146,58
2025-12-22,HOSP_DMM_03,Insulin_Vials,19.2,78.61,0,None,139,56
2025-12-23,HOSP_DMM_03,Insulin_Vials,21.1,82.64,0,None,135,54
2025-12-24,HOSP_DMM_03,Insulin_Vials,28.9,74.56,1,Sandstorm/Dust_Storm,183,72
2025-12-25,HOSP_DMM_03,Insulin_Vials,20.7,71.3,0,None,133,52
2025-12-26,HOSP_DMM_03,Insulin_Vials,17.2,80.87,1,Sandstorm/Dust_Storm,170,69
2025-12-27,HOSP_DMM_03,Insulin_Vials,22.7,81.13,0,None,143,56
2025-12-28,HOSP_DMM_03,Insulin_Vials,22.2,72.83,0,None,131,53
2025-12-29,HOSP_DMM_03,Insulin_Vials,26.5,71.76,0,None,166,66
2025-12-30,HOSP_DMM_03,Insulin_Vials,27.8,76.01,0,None,127,49
2025-12-31,HOSP_DMM_03,Insulin_Vials,26.0,68.47,0,None,147,58
2026-01-01,HOSP_DMM_03,Insulin_Vials,25.7,74.32,0,None,166,66
2024-01-01,HOSP_DMM_03,Painkillers,23.3,48.0,0,None,133,122
2024-01-02,HOSP_DMM_03,Painkillers,23.1,58.19,0,None,130,117
2024-01-03,HOSP_DMM_03,Painkillers,25.9,92.39,1,Sandstorm/Dust_Storm,181,160
2024-01-04,HOSP_DMM_03,Painkillers,24.3,66.37,0,None,134,122
2024-01-05,HOSP_DMM_03,Painkillers,24.1,76.79,0,None,146,131
2024-01-06,HOSP_DMM_03,Painkillers,26.4,64.45,0,None,119,112
2024-01-07,HOSP_DMM_03,Painkillers,21.6,77.05,0,None,152,137
2024-01-08,HOSP_DMM_03,Painkillers,24.3,93.37,1,Sandstorm/Dust_Storm,171,151
2024-01-09,HOSP_DMM_03,Painkillers,26.3,61.19,0,None,120,112
2024-01-10,HOSP_DMM_03,Painkillers,26.2,80.7,0,None,131,118
2024-01-11,HOSP_DMM_03,Painkillers,24.9,64.49,0,None,140,127
2024-01-12,HOSP_DMM_03,Painkillers,22.3,69.12,0,None,164,147
2024-01-13,HOSP_DMM_03,Painkillers,23.1,82.24,0,None,135,122
2024-01-14,HOSP_DMM_03,Painkillers,23.4,61.59,0,None,140,127
2024-01-15,HOSP_DMM_03,Painkillers,24.9,66.01,0,None,136,124
2024-01-16,HOSP_DMM_03,Painkillers,26.5,99.31,0,None,153,135
2024-01-17,HOSP_DMM_03,Painkillers,21.0,95.49,0,None,158,142
2024-01-18,HOSP_DMM_03,Painkillers,18.9,53.29,0,None,138,128
2024-01-19,HOSP_DMM_03,Painkillers,24.7,70.67,0,None,150,135
2024-01-20,HOSP_DMM_03,Painkillers,25.7,75.12,0,None,165,147
2024-01-21,HOSP_DMM_03,Painkillers,18.9,64.59,0,None,143,127
2024-01-22,HOSP_DMM_03,Painkillers,23.7,85.67,0,None,151,134
2024-01-23,HOSP_DMM_03,Painkillers,21.0,58.15,0,None,142,128
2024-01-24,HOSP_DMM_03,Painkillers,22.4,86.27,0,None,128,116
2024-01-25,HOSP_DMM_03,Painkillers,19.7,88.59,1,Sandstorm/Dust_Storm,191,168
2024-01-26,HOSP_DMM_03,Painkillers,22.3,84.65,0,None,134,123
2024-01-27,HOSP_DMM_03,Painkillers,22.9,77.27,0,None,133,119
2024-01-28,HOSP_DMM_03,Painkillers,23.1,90.68,0,None,133,120
2024-01-29,HOSP_DMM_03,Painkillers,29.4,71.12,0,None,141,128
2024-01-30,HOSP_DMM_03,Painkillers,18.2,81.63,0,None,155,139
2024-01-31,HOSP_DMM_03,Painkillers,28.6,60.79,0,None,144,129
2024-02-01,HOSP_DMM_03,Painkillers,23.6,83.59,0,None,147,132
2024-02-02,HOSP_DMM_03,Painkillers,28.7,76.75,0,None,136,122
2024-02-03,HOSP_DMM_03,Painkillers,23.8,69.87,0,None,142,127
2024-02-04,HOSP_DMM_03,Painkillers,14.2,60.71,0,None,142,128
2024-02-05,HOSP_DMM_03,Painkillers,23.6,80.1,0,None,149,134
2024-02-06,HOSP_DMM_03,Painkillers,22.5,53.38,0,None,140,127
2024-02-07,HOSP_DMM_03,Painkillers,28.5,72.48,0,None,140,127
2024-02-08,HOSP_DMM_03,Painkillers,24.7,75.22,0,None,153,138
2024-02-09,HOSP_DMM_03,Painkillers,25.6,72.98,0,None,116,109
2024-02-10,HOSP_DMM_03,Painkillers,27.1,87.85,0,None,124,113
2024-02-11,HOSP_DMM_03,Painkillers,26.2,89.17,0,None,139,125
2024-02-12,HOSP_DMM_03,Painkillers,19.7,83.24,0,None,141,127
2024-02-13,HOSP_DMM_03,Painkillers,22.6,67.71,0,None,168,149
2024-02-14,HOSP_DMM_03,Painkillers,24.8,66.06,0,None,145,130
2024-02-15,HOSP_DMM_03,Painkillers,24.1,70.58,0,None,149,133
2024-02-16,HOSP_DMM_03,Painkillers,21.6,67.04,0,None,154,137
2024-02-17,HOSP_DMM_03,Painkillers,23.4,83.5,0,None,139,126
2024-02-18,HOSP_DMM_03,Painkillers,22.5,86.99,0,None,139,127
2024-02-19,HOSP_DMM_03,Painkillers,24.8,101.69,0,None,125,114
2024-02-20,HOSP_DMM_03,Painkillers,26.5,89.03,0,None,157,142
2024-02-21,HOSP_DMM_03,Painkillers,20.4,73.7,0,None,129,119
2024-02-22,HOSP_DMM_03,Painkillers,18.4,82.38,0,None,151,136
2024-02-23,HOSP_DMM_03,Painkillers,24.8,92.67,0,None,148,132
2024-02-24,HOSP_DMM_03,Painkillers,28.0,64.35,0,None,153,138
2024-02-25,HOSP_DMM_03,Painkillers,20.2,76.84,0,None,141,126
2024-02-26,HOSP_DMM_03,Painkillers,30.1,79.77,0,None,153,137
2024-02-27,HOSP_DMM_03,Painkillers,27.8,80.75,0,None,122,114
2024-02-28,HOSP_DMM_03,Painkillers,22.3,83.33,0,None,152,136
2024-02-29,HOSP_DMM_03,Painkillers,18.9,70.69,0,None,151,136
2024-03-01,HOSP_DMM_03,Painkillers,18.3,52.67,0,None,142,113
2024-03-02,HOSP_DMM_03,Painkillers,26.1,79.08,0,None,122,98
2024-03-03,HOSP_DMM_03,Painkillers,24.9,61.93,0,None,123,99
2024-03-04,HOSP_DMM_03,Painkillers,24.3,43.08,0,None,125,99
2024-03-05,HOSP_DMM_03,Painkillers,24.6,46.2,0,None,127,101
2024-03-06,HOSP_DMM_03,Painkillers,27.0,45.95,0,None,135,108
2024-03-07,HOSP_DMM_03,Painkillers,19.8,50.95,0,None,105,82
2024-03-08,HOSP_DMM_03,Painkillers,24.1,48.57,0,None,141,112
2024-03-09,HOSP_DMM_03,Painkillers,24.5,73.42,0,None,116,94
2024-03-10,HOSP_DMM_03,Painkillers,20.8,56.24,0,None,124,101
2024-03-11,HOSP_DMM_03,Painkillers,21.8,53.92,0,None,132,105
2024-03-12,HOSP_DMM_03,Painkillers,31.2,36.84,0,None,119,94
2024-03-13,HOSP_DMM_03,Painkillers,18.1,59.68,0,None,93,74
2024-03-14,HOSP_DMM_03,Painkillers,20.4,43.62,0,None,106,86
2024-03-15,HOSP_DMM_03,Painkillers,15.8,42.2,0,None,116,92
2024-03-16,HOSP_DMM_03,Painkillers,15.1,64.21,0,None,136,109
2024-03-17,HOSP_DMM_03,Painkillers,24.6,55.79,0,None,127,101
2024-03-18,HOSP_DMM_03,Painkillers,23.8,45.71,0,None,118,95
2024-03-19,HOSP_DMM_03,Painkillers,19.8,48.24,0,None,135,109
2024-03-20,HOSP_DMM_03,Painkillers,20.1,35.59,0,None,131,104
2024-03-21,HOSP_DMM_03,Painkillers,18.1,62.19,0,None,135,107
2024-03-22,HOSP_DMM_03,Painkillers,21.4,44.23,0,None,112,89
2024-03-23,HOSP_DMM_03,Painkillers,32.1,52.51,0,None,124,99
2024-03-24,HOSP_DMM_03,Painkillers,28.4,46.08,0,None,135,107
2024-03-25,HOSP_DMM_03,Painkillers,21.7,46.4,0,None,112,89
2024-03-26,HOSP_DMM_03,Painkillers,25.9,43.66,0,None,129,104
2024-03-27,HOSP_DMM_03,Painkillers,26.0,52.22,0,None,103,81
2024-03-28,HOSP_DMM_03,Painkillers,23.2,41.86,0,None,134,108
2024-03-29,HOSP_DMM_03,Painkillers,29.7,68.72,0,None,111,89
2024-03-30,HOSP_DMM_03,Painkillers,30.6,55.5,0,None,99,79
2024-03-31,HOSP_DMM_03,Painkillers,26.4,49.61,0,None,128,102
2024-04-01,HOSP_DMM_03,Painkillers,23.2,35.49,0,None,114,92
2024-04-02,HOSP_DMM_03,Painkillers,27.0,56.25,0,None,115,92
2024-04-03,HOSP_DMM_03,Painkillers,17.3,51.62,0,None,122,96
2024-04-04,HOSP_DMM_03,Painkillers,26.4,58.24,0,None,119,96
2024-04-05,HOSP_DMM_03,Painkillers,26.6,52.86,0,None,104,83
2024-04-06,HOSP_DMM_03,Painkillers,20.2,53.25,0,None,138,110
2024-04-07,HOSP_DMM_03,Painkillers,29.0,50.5,0,None,114,92
2024-04-08,HOSP_DMM_03,Painkillers,26.2,41.63,0,None,114,92
2024-04-09,HOSP_DMM_03,Painkillers,28.6,52.43,0,None,131,105
2024-04-10,HOSP_DMM_03,Painkillers,30.4,45.27,0,None,120,97
2024-04-11,HOSP_DMM_03,Painkillers,26.5,36.6,0,None,108,85
2024-04-12,HOSP_DMM_03,Painkillers,25.1,46.19,0,None,135,107
2024-04-13,HOSP_DMM_03,Painkillers,18.7,37.23,0,None,119,94
2024-04-14,HOSP_DMM_03,Painkillers,20.7,52.04,0,None,128,101
2024-04-15,HOSP_DMM_03,Painkillers,27.8,51.0,1,Sandstorm/Dust_Storm,156,125
2024-04-16,HOSP_DMM_03,Painkillers,21.6,37.11,0,None,147,116
2024-04-17,HOSP_DMM_03,Painkillers,28.3,50.91,0,None,142,113
2024-04-18,HOSP_DMM_03,Painkillers,23.7,51.29,0,None,111,87
2024-04-19,HOSP_DMM_03,Painkillers,20.0,53.22,0,None,126,103
2024-04-20,HOSP_DMM_03,Painkillers,23.4,75.95,0,None,127,102
2024-04-21,HOSP_DMM_03,Painkillers,23.3,51.61,0,None,113,92
2024-04-22,HOSP_DMM_03,Painkillers,26.9,65.31,0,None,130,104
2024-04-23,HOSP_DMM_03,Painkillers,25.5,42.86,1,Sandstorm/Dust_Storm,160,127
2024-04-24,HOSP_DMM_03,Painkillers,23.8,69.16,0,None,122,97
2024-04-25,HOSP_DMM_03,Painkillers,26.3,54.58,0,None,121,96
2024-04-26,HOSP_DMM_03,Painkillers,17.2,46.96,0,None,118,96
2024-04-27,HOSP_DMM_03,Painkillers,25.3,59.35,0,None,127,101
2024-04-28,HOSP_DMM_03,Painkillers,32.6,33.63,0,None,139,111
2024-04-29,HOSP_DMM_03,Painkillers,21.4,64.29,0,None,114,91
2024-04-30,HOSP_DMM_03,Painkillers,24.1,47.41,1,Sandstorm/Dust_Storm,142,113
2024-05-01,HOSP_DMM_03,Painkillers,21.0,44.13,0,None,106,85
2024-05-02,HOSP_DMM_03,Painkillers,23.0,28.18,0,None,104,83
2024-05-03,HOSP_DMM_03,Painkillers,23.6,57.23,0,None,125,99
2024-05-04,HOSP_DMM_03,Painkillers,26.7,54.16,0,None,111,90
2024-05-05,HOSP_DMM_03,Painkillers,13.5,63.66,0,None,114,90
2024-05-06,HOSP_DMM_03,Painkillers,27.2,51.47,0,None,126,99
2024-05-07,HOSP_DMM_03,Painkillers,27.5,61.11,1,Sandstorm/Dust_Storm,168,134
2024-05-08,HOSP_DMM_03,Painkillers,21.1,53.1,0,None,131,103
2024-05-09,HOSP_DMM_03,Painkillers,20.1,52.7,0,None,118,95
2024-05-10,HOSP_DMM_03,Painkillers,22.5,57.07,0,None,119,94
2024-05-11,HOSP_DMM_03,Painkillers,20.0,44.98,0,None,130,105
2024-05-12,HOSP_DMM_03,Painkillers,26.7,50.96,0,None,101,82
2024-05-13,HOSP_DMM_03,Painkillers,25.5,64.32,0,None,137,108
2024-05-14,HOSP_DMM_03,Painkillers,12.7,65.62,0,None,121,96
2024-05-15,HOSP_DMM_03,Painkillers,23.4,49.4,0,None,112,89
2024-05-16,HOSP_DMM_03,Painkillers,26.3,69.86,0,None,118,93
2024-05-17,HOSP_DMM_03,Painkillers,25.9,56.81,0,None,122,96
2024-05-18,HOSP_DMM_03,Painkillers,20.8,47.22,0,None,130,105
2024-05-19,HOSP_DMM_03,Painkillers,22.4,36.08,1,Sandstorm/Dust_Storm,149,118
2024-05-20,HOSP_DMM_03,Painkillers,24.7,58.15,0,None,113,89
2024-05-21,HOSP_DMM_03,Painkillers,22.2,46.65,0,None,146,117
2024-05-22,HOSP_DMM_03,Painkillers,23.3,49.68,0,None,133,105
2024-05-23,HOSP_DMM_03,Painkillers,32.5,56.61,0,None,136,108
2024-05-24,HOSP_DMM_03,Painkillers,26.1,65.19,0,None,134,107
2024-05-25,HOSP_DMM_03,Painkillers,26.2,46.02,0,None,117,92
2024-05-26,HOSP_DMM_03,Painkillers,20.2,38.79,0,None,133,107
2024-05-27,HOSP_DMM_03,Painkillers,20.0,43.08,0,None,129,103
2024-05-28,HOSP_DMM_03,Painkillers,22.1,50.65,0,None,109,88
2024-05-29,HOSP_DMM_03,Painkillers,22.8,58.84,0,None,123,98
2024-05-30,HOSP_DMM_03,Painkillers,19.4,58.57,0,None,114,90
2024-05-31,HOSP_DMM_03,Painkillers,21.5,65.97,0,None,114,91
2024-06-01,HOSP_DMM_03,Painkillers,35.1,41.9,1,Sandstorm/Dust_Storm,159,128
2024-06-02,HOSP_DMM_03,Painkillers,42.4,40.27,0,None,133,108
2024-06-03,HOSP_DMM_03,Painkillers,37.6,33.0,0,None,109,87
2024-06-04,HOSP_DMM_03,Painkillers,46.7,41.4,0,None,139,111
2024-06-05,HOSP_DMM_03,Painkillers,33.7,50.89,0,None,116,92
2024-06-06,HOSP_DMM_03,Painkillers,33.3,57.72,0,None,98,79
2024-06-07,HOSP_DMM_03,Painkillers,35.6,50.1,0,None,114,91
2024-06-08,HOSP_DMM_03,Painkillers,39.5,52.88,0,None,121,96
2024-06-09,HOSP_DMM_03,Painkillers,39.5,44.28,0,None,88,68
2024-06-10,HOSP_DMM_03,Painkillers,34.8,56.39,0,None,113,91
2024-06-11,HOSP_DMM_03,Painkillers,41.0,56.67,0,None,111,89
2024-06-12,HOSP_DMM_03,Painkillers,37.0,47.82,0,None,127,101
2024-06-13,HOSP_DMM_03,Painkillers,36.3,60.65,0,None,109,87
2024-06-14,HOSP_DMM_03,Painkillers,38.8,46.85,0,None,101,80
2024-06-15,HOSP_DMM_03,Painkillers,37.7,61.63,0,None,121,95
2024-06-16,HOSP_DMM_03,Painkillers,45.4,38.16,0,None,115,91
2024-06-17,HOSP_DMM_03,Painkillers,35.7,50.64,0,None,119,95
2024-06-18,HOSP_DMM_03,Painkillers,35.5,69.95,0,None,124,99
2024-06-19,HOSP_DMM_03,Painkillers,50.1,48.11,0,None,128,100
2024-06-20,HOSP_DMM_03,Painkillers,40.4,81.83,0,None,117,93
2024-06-21,HOSP_DMM_03,Painkillers,39.8,45.99,0,None,116,95
2024-06-22,HOSP_DMM_03,Painkillers,49.0,49.07,0,None,106,84
2024-06-23,HOSP_DMM_03,Painkillers,39.8,50.71,0,None,127,102
2024-06-24,HOSP_DMM_03,Painkillers,33.2,39.71,0,None,127,101
2024-06-25,HOSP_DMM_03,Painkillers,38.5,43.68,0,None,131,105
2024-06-26,HOSP_DMM_03,Painkillers,38.2,76.84,0,None,103,82
2024-06-27,HOSP_DMM_03,Painkillers,38.2,41.31,0,None,135,108
2024-06-28,HOSP_DMM_03,Painkillers,39.1,63.48,0,None,98,76
2024-06-29,HOSP_DMM_03,Painkillers,39.3,51.27,0,None,119,93
2024-06-30,HOSP_DMM_03,Painkillers,37.5,50.44,0,None,116,93
2024-07-01,HOSP_DMM_03,Painkillers,33.1,57.59,0,None,112,88
2024-07-02,HOSP_DMM_03,Painkillers,41.3,68.14,0,None,106,85
2024-07-03,HOSP_DMM_03,Painkillers,45.1,46.47,0,None,104,83
2024-07-04,HOSP_DMM_03,Painkillers,40.4,55.26,0,None,114,92
2024-07-05,HOSP_DMM_03,Painkillers,38.5,75.11,0,None,120,97
2024-07-06,HOSP_DMM_03,Painkillers,36.6,36.92,0,None,98,78
2024-07-07,HOSP_DMM_03,Painkillers,36.5,66.45,0,None,98,78
2024-07-08,HOSP_DMM_03,Painkillers,43.9,61.24,0,None,112,89
2024-07-09,HOSP_DMM_03,Painkillers,36.9,56.71,0,None,141,110
2024-07-10,HOSP_DMM_03,Painkillers,34.8,55.33,0,None,117,95
2024-07-11,HOSP_DMM_03,Painkillers,38.4,45.78,0,None,117,93
2024-07-12,HOSP_DMM_03,Painkillers,44.9,50.36,0,None,124,99
2024-07-13,HOSP_DMM_03,Painkillers,34.8,49.24,0,None,126,100
2024-07-14,HOSP_DMM_03,Painkillers,43.7,48.35,0,None,138,112
2024-07-15,HOSP_DMM_03,Painkillers,31.8,59.79,0,None,129,103
2024-07-16,HOSP_DMM_03,Painkillers,37.3,65.8,0,None,103,81
2024-07-17,HOSP_DMM_03,Painkillers,44.1,65.06,0,None,127,100
2024-07-18,HOSP_DMM_03,Painkillers,40.2,44.46,0,None,133,106
2024-07-19,HOSP_DMM_03,Painkillers,34.9,36.08,0,None,139,110
2024-07-20,HOSP_DMM_03,Painkillers,33.8,51.5,0,None,110,88
2024-07-21,HOSP_DMM_03,Painkillers,40.5,53.9,0,None,122,97
2024-07-22,HOSP_DMM_03,Painkillers,40.1,71.76,0,None,127,101
2024-07-23,HOSP_DMM_03,Painkillers,38.8,58.92,0,None,124,100
2024-07-24,HOSP_DMM_03,Painkillers,38.1,42.29,0,None,147,118
2024-07-25,HOSP_DMM_03,Painkillers,42.8,62.59,0,None,127,102
2024-07-26,HOSP_DMM_03,Painkillers,43.4,48.29,0,None,105,84
2024-07-27,HOSP_DMM_03,Painkillers,40.8,54.31,0,None,130,102
2024-07-28,HOSP_DMM_03,Painkillers,38.8,32.66,0,None,103,82
2024-07-29,HOSP_DMM_03,Painkillers,35.1,39.71,0,None,114,90
2024-07-30,HOSP_DMM_03,Painkillers,38.2,50.98,0,None,114,89
2024-07-31,HOSP_DMM_03,Painkillers,36.9,32.94,0,None,95,77
2024-08-01,HOSP_DMM_03,Painkillers,37.3,59.19,0,None,102,81
2024-08-02,HOSP_DMM_03,Painkillers,37.1,60.82,0,None,105,83
2024-08-03,HOSP_DMM_03,Painkillers,35.4,40.49,0,None,100,79
2024-08-04,HOSP_DMM_03,Painkillers,42.6,57.12,0,None,130,103
2024-08-05,HOSP_DMM_03,Painkillers,33.2,50.29,0,None,127,103
2024-08-06,HOSP_DMM_03,Painkillers,37.0,42.95,0,None,112,89
2024-08-07,HOSP_DMM_03,Painkillers,39.7,37.79,0,None,136,107
2024-08-08,HOSP_DMM_03,Painkillers,33.8,49.33,0,None,127,101
2024-08-09,HOSP_DMM_03,Painkillers,38.5,62.12,0,None,128,102
2024-08-10,HOSP_DMM_03,Painkillers,36.1,52.05,0,None,105,84
2024-08-11,HOSP_DMM_03,Painkillers,35.3,42.24,0,None,122,95
2024-08-12,HOSP_DMM_03,Painkillers,37.5,47.51,0,None,124,99
2024-08-13,HOSP_DMM_03,Painkillers,38.4,60.01,0,None,127,103
2024-08-14,HOSP_DMM_03,Painkillers,35.0,57.02,0,None,130,103
2024-08-15,HOSP_DMM_03,Painkillers,38.0,41.78,0,None,116,92
2024-08-16,HOSP_DMM_03,Painkillers,34.7,55.16,0,None,118,93
2024-08-17,HOSP_DMM_03,Painkillers,33.0,39.95,0,None,98,77
2024-08-18,HOSP_DMM_03,Painkillers,45.6,22.69,0,None,141,114
2024-08-19,HOSP_DMM_03,Painkillers,32.9,27.98,0,None,134,107
2024-08-20,HOSP_DMM_03,Painkillers,35.6,44.98,0,None,106,83
2024-08-21,HOSP_DMM_03,Painkillers,42.5,44.95,0,None,112,89
2024-08-22,HOSP_DMM_03,Painkillers,35.7,41.01,0,None,107,86
2024-08-23,HOSP_DMM_03,Painkillers,39.6,36.42,0,None,140,113
2024-08-24,HOSP_DMM_03,Painkillers,35.2,62.14,0,None,122,98
2024-08-25,HOSP_DMM_03,Painkillers,34.8,57.14,0,None,124,98
2024-08-26,HOSP_DMM_03,Painkillers,32.2,60.04,0,None,135,108
2024-08-27,HOSP_DMM_03,Painkillers,41.3,50.37,0,None,135,109
2024-08-28,HOSP_DMM_03,Painkillers,39.3,73.37,0,None,121,99
2024-08-29,HOSP_DMM_03,Painkillers,33.9,57.15,0,None,122,96
2024-08-30,HOSP_DMM_03,Painkillers,43.3,58.83,0,None,115,91
2024-08-31,HOSP_DMM_03,Painkillers,36.5,48.14,0,None,128,104
2024-09-01,HOSP_DMM_03,Painkillers,30.4,43.49,0,None,123,99
2024-09-02,HOSP_DMM_03,Painkillers,23.5,55.76,0,None,113,90
2024-09-03,HOSP_DMM_03,Painkillers,22.3,57.01,1,Sandstorm/Dust_Storm,165,131
2024-09-04,HOSP_DMM_03,Painkillers,21.1,38.67,0,None,141,115
2024-09-05,HOSP_DMM_03,Painkillers,18.2,60.15,0,None,127,103
2024-09-06,HOSP_DMM_03,Painkillers,21.4,59.42,0,None,116,93
2024-09-07,HOSP_DMM_03,Painkillers,23.8,55.32,0,None,118,95
2024-09-08,HOSP_DMM_03,Painkillers,21.9,63.43,0,None,107,86
2024-09-09,HOSP_DMM_03,Painkillers,24.9,63.91,1,Sandstorm/Dust_Storm,162,129
2024-09-10,HOSP_DMM_03,Painkillers,21.1,67.21,0,None,133,106
2024-09-11,HOSP_DMM_03,Painkillers,19.7,50.85,0,None,107,85
2024-09-12,HOSP_DMM_03,Painkillers,22.2,43.4,0,None,97,77
2024-09-13,HOSP_DMM_03,Painkillers,27.3,45.24,0,None,125,99
2024-09-14,HOSP_DMM_03,Painkillers,19.5,54.35,0,None,117,93
2024-09-15,HOSP_DMM_03,Painkillers,16.0,34.56,0,None,131,104
2024-09-16,HOSP_DMM_03,Painkillers,24.1,48.96,0,None,120,95
2024-09-17,HOSP_DMM_03,Painkillers,19.7,54.78,0,None,141,112
2024-09-18,HOSP_DMM_03,Painkillers,18.7,42.24,0,None,118,93
2024-09-19,HOSP_DMM_03,Painkillers,19.8,46.07,0,None,118,94
2024-09-20,HOSP_DMM_03,Painkillers,24.4,39.48,0,None,128,102
2024-09-21,HOSP_DMM_03,Painkillers,20.0,47.71,0,None,112,90
2024-09-22,HOSP_DMM_03,Painkillers,25.8,53.27,0,None,119,94
2024-09-23,HOSP_DMM_03,Painkillers,26.7,39.98,0,None,121,96
2024-09-24,HOSP_DMM_03,Painkillers,25.8,57.47,0,None,115,94
2024-09-25,HOSP_DMM_03,Painkillers,22.0,39.4,0,None,119,94
2024-09-26,HOSP_DMM_03,Painkillers,29.7,45.86,0,None,125,101
2024-09-27,HOSP_DMM_03,Painkillers,18.7,51.23,0,None,127,100
2024-09-28,HOSP_DMM_03,Painkillers,20.7,63.57,0,None,116,92
2024-09-29,HOSP_DMM_03,Painkillers,21.2,42.97,0,None,137,108
2024-09-30,HOSP_DMM_03,Painkillers,27.1,51.15,0,None,116,94
2024-10-01,HOSP_DMM_03,Painkillers,23.6,58.95,0,None,134,106
2024-10-02,HOSP_DMM_03,Painkillers,26.2,51.53,0,None,93,73
2024-10-03,HOSP_DMM_03,Painkillers,20.8,41.2,0,None,142,114
2024-10-04,HOSP_DMM_03,Painkillers,22.1,47.15,0,None,128,102
2024-10-05,HOSP_DMM_03,Painkillers,18.7,40.33,0,None,119,92
2024-10-06,HOSP_DMM_03,Painkillers,26.6,41.93,0,None,105,84
2024-10-07,HOSP_DMM_03,Painkillers,22.3,33.47,0,None,127,102
2024-10-08,HOSP_DMM_03,Painkillers,16.9,44.87,0,None,121,96
2024-10-09,HOSP_DMM_03,Painkillers,20.8,38.02,0,None,106,85
2024-10-10,HOSP_DMM_03,Painkillers,21.2,56.02,0,None,121,95
2024-10-11,HOSP_DMM_03,Painkillers,19.5,60.93,0,None,119,96
2024-10-12,HOSP_DMM_03,Painkillers,27.2,59.06,0,None,116,93
2024-10-13,HOSP_DMM_03,Painkillers,17.5,50.92,0,None,134,107
2024-10-14,HOSP_DMM_03,Painkillers,23.6,35.61,0,None,122,97
2024-10-15,HOSP_DMM_03,Painkillers,24.4,53.6,0,None,122,96
2024-10-16,HOSP_DMM_03,Painkillers,24.1,58.42,0,None,95,75
2024-10-17,HOSP_DMM_03,Painkillers,21.8,37.21,0,None,118,96
2024-10-18,HOSP_DMM_03,Painkillers,23.1,59.56,0,None,105,83
2024-10-19,HOSP_DMM_03,Painkillers,30.7,57.56,0,None,117,95
2024-10-20,HOSP_DMM_03,Painkillers,28.0,46.46,0,None,106,86
2024-10-21,HOSP_DMM_03,Painkillers,21.3,68.63,0,None,119,94
2024-10-22,HOSP_DMM_03,Painkillers,26.8,48.82,0,None,117,92
2024-10-23,HOSP_DMM_03,Painkillers,22.5,34.13,0,None,115,91
2024-10-24,HOSP_DMM_03,Painkillers,20.0,55.2,0,None,126,99
2024-10-25,HOSP_DMM_03,Painkillers,24.3,53.39,0,None,131,103
2024-10-26,HOSP_DMM_03,Painkillers,16.3,47.54,0,None,131,106
2024-10-27,HOSP_DMM_03,Painkillers,22.7,51.31,1,Sandstorm/Dust_Storm,171,138
2024-10-28,HOSP_DMM_03,Painkillers,24.9,48.39,0,None,108,87
2024-10-29,HOSP_DMM_03,Painkillers,22.9,46.63,0,None,112,90
2024-10-30,HOSP_DMM_03,Painkillers,21.4,42.38,0,None,135,108
2024-10-31,HOSP_DMM_03,Painkillers,19.2,51.29,0,None,128,102
2024-11-01,HOSP_DMM_03,Painkillers,16.5,54.76,1,Sandstorm/Dust_Storm,210,182
2024-11-02,HOSP_DMM_03,Painkillers,21.4,80.4,0,None,130,120
2024-11-03,HOSP_DMM_03,Painkillers,17.9,80.59,0,None,159,142
2024-11-04,HOSP_DMM_03,Painkillers,25.8,93.6,0,None,164,146
2024-11-05,HOSP_DMM_03,Painkillers,22.2,83.25,0,None,156,140
2024-11-06,HOSP_DMM_03,Painkillers,21.8,86.85,0,None,140,127
2024-11-07,HOSP_DMM_03,Painkillers,28.9,73.18,0,None,129,117
2024-11-08,HOSP_DMM_03,Painkillers,22.8,74.45,0,None,148,132
2024-11-09,HOSP_DMM_03,Painkillers,27.8,76.36,0,None,141,128
2024-11-10,HOSP_DMM_03,Painkillers,27.0,77.29,0,None,153,138
2024-11-11,HOSP_DMM_03,Painkillers,25.3,85.11,0,None,149,134
2024-11-12,HOSP_DMM_03,Painkillers,24.0,76.43,0,None,148,133
2024-11-13,HOSP_DMM_03,Painkillers,29.1,74.31,0,None,142,130
2024-11-14,HOSP_DMM_03,Painkillers,25.2,77.96,0,None,134,121
2024-11-15,HOSP_DMM_03,Painkillers,18.2,87.93,0,None,162,145
2024-11-16,HOSP_DMM_03,Painkillers,15.1,77.43,0,None,147,134
2024-11-17,HOSP_DMM_03,Painkillers,19.9,63.2,0,None,148,132
2024-11-18,HOSP_DMM_03,Painkillers,22.5,85.27,0,None,153,138
2024-11-19,HOSP_DMM_03,Painkillers,24.7,78.2,0,None,155,138
2024-11-20,HOSP_DMM_03,Painkillers,19.8,63.88,0,None,128,118
2024-11-21,HOSP_DMM_03,Painkillers,19.5,89.55,0,None,155,138
2024-11-22,HOSP_DMM_03,Painkillers,19.7,57.41,0,None,140,126
2024-11-23,HOSP_DMM_03,Painkillers,15.5,64.92,0,None,148,134
2024-11-24,HOSP_DMM_03,Painkillers,25.5,64.8,0,None,136,122
2024-11-25,HOSP_DMM_03,Painkillers,25.3,65.38,0,None,154,138
2024-11-26,HOSP_DMM_03,Painkillers,18.2,70.46,0,None,136,124
2024-11-27,HOSP_DMM_03,Painkillers,20.5,88.75,0,None,156,141
2024-11-28,HOSP_DMM_03,Painkillers,17.3,68.48,0,None,136,122
2024-11-29,HOSP_DMM_03,Painkillers,30.4,77.5,0,None,147,133
2024-11-30,HOSP_DMM_03,Painkillers,15.3,74.02,0,None,140,130
2024-12-01,HOSP_DMM_03,Painkillers,27.7,54.52,0,None,158,142
2024-12-02,HOSP_DMM_03,Painkillers,22.8,78.08,0,None,140,127
2024-12-03,HOSP_DMM_03,Painkillers,26.9,80.2,0,None,133,120
2024-12-04,HOSP_DMM_03,Painkillers,21.6,62.74,0,None,144,130
2024-12-05,HOSP_DMM_03,Painkillers,20.9,75.85,0,None,145,129
2024-12-06,HOSP_DMM_03,Painkillers,25.0,78.5,0,None,130,118
2024-12-07,HOSP_DMM_03,Painkillers,16.6,81.44,0,None,150,134
2024-12-08,HOSP_DMM_03,Painkillers,19.1,73.79,0,None,166,148
2024-12-09,HOSP_DMM_03,Painkillers,24.4,64.69,0,None,160,143
2024-12-10,HOSP_DMM_03,Painkillers,30.8,87.37,0,None,154,137
2024-12-11,HOSP_DMM_03,Painkillers,19.5,92.27,0,None,138,126
2024-12-12,HOSP_DMM_03,Painkillers,20.4,87.68,0,None,137,124
2024-12-13,HOSP_DMM_03,Painkillers,15.0,89.1,0,None,162,144
2024-12-14,HOSP_DMM_03,Painkillers,26.2,72.07,0,None,128,117
2024-12-15,HOSP_DMM_03,Painkillers,26.3,63.75,0,None,144,131
2024-12-16,HOSP_DMM_03,Painkillers,22.7,65.95,0,None,157,139
2024-12-17,HOSP_DMM_03,Painkillers,16.6,93.24,0,None,156,140
2024-12-18,HOSP_DMM_03,Painkillers,22.4,64.06,0,None,144,130
2024-12-19,HOSP_DMM_03,Painkillers,21.8,74.23,0,None,155,137
2024-12-20,HOSP_DMM_03,Painkillers,21.3,79.48,0,None,163,146
2024-12-21,HOSP_DMM_03,Painkillers,19.5,89.78,0,None,145,132
2024-12-22,HOSP_DMM_03,Painkillers,24.1,75.6,0,None,154,138
2024-12-23,HOSP_DMM_03,Painkillers,19.7,79.0,0,None,151,134
2024-12-24,HOSP_DMM_03,Painkillers,20.0,84.04,0,None,139,126
2024-12-25,HOSP_DMM_03,Painkillers,25.7,74.97,0,None,157,140
2024-12-26,HOSP_DMM_03,Painkillers,20.6,70.31,0,None,143,128
2024-12-27,HOSP_DMM_03,Painkillers,22.9,64.81,0,None,148,133
2024-12-28,HOSP_DMM_03,Painkillers,23.1,81.35,0,None,129,117
2024-12-29,HOSP_DMM_03,Painkillers,20.2,83.63,0,None,147,130
2024-12-30,HOSP_DMM_03,Painkillers,22.9,66.24,0,None,143,128
2024-12-31,HOSP_DMM_03,Painkillers,19.8,76.74,1,Sandstorm/Dust_Storm,202,177
2025-01-01,HOSP_DMM_03,Painkillers,33.0,64.19,0,None,152,137
2025-01-02,HOSP_DMM_03,Painkillers,20.0,78.76,0,None,151,135
2025-01-03,HOSP_DMM_03,Painkillers,25.5,69.93,0,None,138,125
2025-01-04,HOSP_DMM_03,Painkillers,24.1,77.46,0,None,159,145
2025-01-05,HOSP_DMM_03,Painkillers,21.9,71.95,0,None,149,134
2025-01-06,HOSP_DMM_03,Painkillers,16.1,63.9,0,None,136,123
2025-01-07,HOSP_DMM_03,Painkillers,25.0,70.31,0,None,159,144
2025-01-08,HOSP_DMM_03,Painkillers,29.3,82.28,0,None,151,135
2025-01-09,HOSP_DMM_03,Painkillers,16.3,74.32,0,None,137,125
2025-01-10,HOSP_DMM_03,Painkillers,16.8,70.0,0,None,154,138
2025-01-11,HOSP_DMM_03,Painkillers,21.5,77.0,0,None,146,131
2025-01-12,HOSP_DMM_03,Painkillers,27.6,53.22,0,None,149,134
2025-01-13,HOSP_DMM_03,Painkillers,26.1,77.37,0,None,139,129
2025-01-14,HOSP_DMM_03,Painkillers,30.8,82.7,0,None,142,129
2025-01-15,HOSP_DMM_03,Painkillers,22.8,72.67,0,None,149,133
2025-01-16,HOSP_DMM_03,Painkillers,26.6,82.22,0,None,170,151
2025-01-17,HOSP_DMM_03,Painkillers,24.4,90.98,0,None,133,121
2025-01-18,HOSP_DMM_03,Painkillers,19.2,71.81,0,None,141,126
2025-01-19,HOSP_DMM_03,Painkillers,20.8,71.12,0,None,130,117
2025-01-20,HOSP_DMM_03,Painkillers,20.5,68.3,0,None,148,134
2025-01-21,HOSP_DMM_03,Painkillers,19.5,64.9,0,None,132,121
2025-01-22,HOSP_DMM_03,Painkillers,19.2,61.91,0,None,153,135
2025-01-23,HOSP_DMM_03,Painkillers,30.2,65.35,0,None,155,139
2025-01-24,HOSP_DMM_03,Painkillers,16.4,70.1,1,Sandstorm/Dust_Storm,163,145
2025-01-25,HOSP_DMM_03,Painkillers,22.9,54.19,0,None,123,112
2025-01-26,HOSP_DMM_03,Painkillers,25.6,78.26,0,None,157,139
2025-01-27,HOSP_DMM_03,Painkillers,27.8,64.96,0,None,127,117
2025-01-28,HOSP_DMM_03,Painkillers,29.7,88.8,0,None,140,125
2025-01-29,HOSP_DMM_03,Painkillers,19.4,79.11,0,None,127,116
2025-01-30,HOSP_DMM_03,Painkillers,26.7,69.75,0,None,147,132
2025-01-31,HOSP_DMM_03,Painkillers,18.2,51.4,0,None,140,127
2025-02-01,HOSP_DMM_03,Painkillers,25.4,96.9,0,None,156,140
2025-02-02,HOSP_DMM_03,Painkillers,25.7,67.88,0,None,129,118
2025-02-03,HOSP_DMM_03,Painkillers,20.8,78.68,0,None,155,139
2025-02-04,HOSP_DMM_03,Painkillers,20.3,69.9,0,None,145,130
2025-02-05,HOSP_DMM_03,Painkillers,18.7,72.35,0,None,147,131
2025-02-06,HOSP_DMM_03,Painkillers,22.5,70.82,0,None,132,120
2025-02-07,HOSP_DMM_03,Painkillers,25.9,58.14,0,None,143,130
2025-02-08,HOSP_DMM_03,Painkillers,21.2,86.75,0,None,141,127
2025-02-09,HOSP_DMM_03,Painkillers,24.4,92.86,0,None,157,142
2025-02-10,HOSP_DMM_03,Painkillers,18.7,73.61,0,None,154,138
2025-02-11,HOSP_DMM_03,Painkillers,16.7,85.35,0,None,136,124
2025-02-12,HOSP_DMM_03,Painkillers,18.6,63.02,0,None,139,125
2025-02-13,HOSP_DMM_03,Painkillers,22.4,78.13,0,None,152,136
2025-02-14,HOSP_DMM_03,Painkillers,25.9,73.32,0,None,132,120
2025-02-15,HOSP_DMM_03,Painkillers,21.2,69.92,0,None,142,127
2025-02-16,HOSP_DMM_03,Painkillers,25.6,65.68,0,None,110,102
2025-02-17,HOSP_DMM_03,Painkillers,25.5,85.79,0,None,142,127
2025-02-18,HOSP_DMM_03,Painkillers,20.2,88.04,0,None,142,127
2025-02-19,HOSP_DMM_03,Painkillers,26.3,60.78,0,None,151,135
2025-02-20,HOSP_DMM_03,Painkillers,25.5,68.33,0,None,162,145
2025-02-21,HOSP_DMM_03,Painkillers,18.0,73.41,0,None,160,143
2025-02-22,HOSP_DMM_03,Painkillers,26.0,80.21,0,None,139,127
2025-02-23,HOSP_DMM_03,Painkillers,25.7,69.96,0,None,139,126
2025-02-24,HOSP_DMM_03,Painkillers,26.7,75.26,0,None,150,134
2025-02-25,HOSP_DMM_03,Painkillers,19.8,73.83,0,None,139,125
2025-02-26,HOSP_DMM_03,Painkillers,22.5,53.68,0,None,143,128
2025-02-27,HOSP_DMM_03,Painkillers,27.4,68.0,0,None,142,129
2025-02-28,HOSP_DMM_03,Painkillers,25.5,79.1,0,None,147,134
2025-03-01,HOSP_DMM_03,Painkillers,25.7,39.2,1,Sandstorm/Dust_Storm,147,117
2025-03-02,HOSP_DMM_03,Painkillers,22.5,41.43,0,None,123,98
2025-03-03,HOSP_DMM_03,Painkillers,19.6,62.79,0,None,122,96
2025-03-04,HOSP_DMM_03,Painkillers,20.6,51.22,0,None,133,107
2025-03-05,HOSP_DMM_03,Painkillers,25.4,51.16,0,None,116,95
2025-03-06,HOSP_DMM_03,Painkillers,25.9,41.23,0,None,105,84
2025-03-07,HOSP_DMM_03,Painkillers,27.8,33.81,0,None,114,91
2025-03-08,HOSP_DMM_03,Painkillers,17.3,43.13,0,None,107,86
2025-03-09,HOSP_DMM_03,Painkillers,23.8,53.7,0,None,134,106
2025-03-10,HOSP_DMM_03,Painkillers,22.8,32.39,0,None,114,91
2025-03-11,HOSP_DMM_03,Painkillers,27.0,39.54,0,None,112,91
2025-03-12,HOSP_DMM_03,Painkillers,26.8,48.56,0,None,134,107
2025-03-13,HOSP_DMM_03,Painkillers,22.1,52.98,0,None,135,107
2025-03-14,HOSP_DMM_03,Painkillers,28.6,58.34,0,None,113,90
2025-03-15,HOSP_DMM_03,Painkillers,25.4,49.39,0,None,115,92
2025-03-16,HOSP_DMM_03,Painkillers,24.7,40.32,0,None,125,99
2025-03-17,HOSP_DMM_03,Painkillers,19.3,46.34,0,None,126,102
2025-03-18,HOSP_DMM_03,Painkillers,26.2,41.64,0,None,117,93
2025-03-19,HOSP_DMM_03,Painkillers,27.4,45.72,0,None,104,84
2025-03-20,HOSP_DMM_03,Painkillers,20.8,34.69,0,None,116,92
2025-03-21,HOSP_DMM_03,Painkillers,21.0,51.26,0,None,122,96
2025-03-22,HOSP_DMM_03,Painkillers,22.3,46.48,0,None,126,101
2025-03-23,HOSP_DMM_03,Painkillers,27.3,51.01,0,None,125,99
2025-03-24,HOSP_DMM_03,Painkillers,23.4,47.59,0,None,120,95
2025-03-25,HOSP_DMM_03,Painkillers,23.2,51.74,0,None,128,102
2025-03-26,HOSP_DMM_03,Painkillers,23.8,55.33,0,None,130,105
2025-03-27,HOSP_DMM_03,Painkillers,25.3,30.82,0,None,111,88
2025-03-28,HOSP_DMM_03,Painkillers,30.1,53.92,0,None,115,92
2025-03-29,HOSP_DMM_03,Painkillers,25.9,48.3,0,None,113,93
2025-03-30,HOSP_DMM_03,Painkillers,18.7,59.27,0,None,103,81
2025-03-31,HOSP_DMM_03,Painkillers,31.6,55.87,0,None,117,92
2025-04-01,HOSP_DMM_03,Painkillers,25.2,62.64,0,None,124,99
2025-04-02,HOSP_DMM_03,Painkillers,24.8,37.39,0,None,126,101
2025-04-03,HOSP_DMM_03,Painkillers,25.3,66.77,0,None,126,102
2025-04-04,HOSP_DMM_03,Painkillers,20.8,57.96,0,None,121,98
2025-04-05,HOSP_DMM_03,Painkillers,18.5,35.61,0,None,106,85
2025-04-06,HOSP_DMM_03,Painkillers,27.5,38.53,1,Sandstorm/Dust_Storm,171,136
2025-04-07,HOSP_DMM_03,Painkillers,17.7,57.0,0,None,146,118
2025-04-08,HOSP_DMM_03,Painkillers,22.7,43.17,0,None,104,82
2025-04-09,HOSP_DMM_03,Painkillers,24.9,52.9,0,None,126,100
2025-04-10,HOSP_DMM_03,Painkillers,30.7,54.3,0,None,105,83
2025-04-11,HOSP_DMM_03,Painkillers,19.9,62.13,0,None,123,97
2025-04-12,HOSP_DMM_03,Painkillers,21.0,55.27,0,None,104,84
2025-04-13,HOSP_DMM_03,Painkillers,21.9,36.55,0,None,112,89
2025-04-14,HOSP_DMM_03,Painkillers,14.3,56.23,0,None,117,91
2025-04-15,HOSP_DMM_03,Painkillers,23.0,51.92,0,None,100,80
2025-04-16,HOSP_DMM_03,Painkillers,22.0,45.21,0,None,117,95
2025-04-17,HOSP_DMM_03,Painkillers,27.1,49.57,0,None,110,87
2025-04-18,HOSP_DMM_03,Painkillers,14.1,53.91,0,None,124,98
2025-04-19,HOSP_DMM_03,Painkillers,23.3,42.55,0,None,94,75
2025-04-20,HOSP_DMM_03,Painkillers,24.0,46.56,0,None,138,110
2025-04-21,HOSP_DMM_03,Painkillers,21.5,59.94,0,None,114,92
2025-04-22,HOSP_DMM_03,Painkillers,24.4,58.96,0,None,108,87
2025-04-23,HOSP_DMM_03,Painkillers,25.8,55.71,0,None,128,102
2025-04-24,HOSP_DMM_03,Painkillers,21.3,53.88,0,None,125,101
2025-04-25,HOSP_DMM_03,Painkillers,24.4,42.82,0,None,130,104
2025-04-26,HOSP_DMM_03,Painkillers,17.9,48.84,0,None,121,97
2025-04-27,HOSP_DMM_03,Painkillers,31.8,45.13,0,None,116,92
2025-04-28,HOSP_DMM_03,Painkillers,23.2,32.14,0,None,128,100
2025-04-29,HOSP_DMM_03,Painkillers,18.3,59.42,0,None,131,105
2025-04-30,HOSP_DMM_03,Painkillers,23.6,45.93,0,None,126,99
2025-05-01,HOSP_DMM_03,Painkillers,25.2,61.3,0,None,124,96
2025-05-02,HOSP_DMM_03,Painkillers,23.7,63.01,0,None,115,93
2025-05-03,HOSP_DMM_03,Painkillers,27.8,41.86,0,None,123,99
2025-05-04,HOSP_DMM_03,Painkillers,26.4,64.86,0,None,128,102
2025-05-05,HOSP_DMM_03,Painkillers,20.3,43.23,0,None,123,99
2025-05-06,HOSP_DMM_03,Painkillers,23.2,61.62,0,None,118,94
2025-05-07,HOSP_DMM_03,Painkillers,22.1,52.75,0,None,117,94
2025-05-08,HOSP_DMM_03,Painkillers,20.8,51.43,0,None,127,101
2025-05-09,HOSP_DMM_03,Painkillers,22.2,64.16,0,None,150,119
2025-05-10,HOSP_DMM_03,Painkillers,20.3,46.59,0,None,117,93
2025-05-11,HOSP_DMM_03,Painkillers,21.3,57.72,0,None,111,89
2025-05-12,HOSP_DMM_03,Painkillers,25.8,66.68,0,None,98,78
2025-05-13,HOSP_DMM_03,Painkillers,19.8,63.65,0,None,125,99
2025-05-14,HOSP_DMM_03,Painkillers,38.4,47.35,0,None,101,81
2025-05-15,HOSP_DMM_03,Painkillers,30.1,42.08,0,None,115,90
2025-05-16,HOSP_DMM_03,Painkillers,22.4,42.74,1,Sandstorm/Dust_Storm,179,144
2025-05-17,HOSP_DMM_03,Painkillers,23.2,42.51,0,None,136,107
2025-05-18,HOSP_DMM_03,Painkillers,15.7,66.5,0,None,125,99
2025-05-19,HOSP_DMM_03,Painkillers,25.6,56.45,0,None,109,87
2025-05-20,HOSP_DMM_03,Painkillers,22.4,44.23,0,None,121,96
2025-05-21,HOSP_DMM_03,Painkillers,20.8,43.43,0,None,132,107
2025-05-22,HOSP_DMM_03,Painkillers,24.0,55.56,0,None,101,80
2025-05-23,HOSP_DMM_03,Painkillers,25.6,33.77,0,None,122,98
2025-05-24,HOSP_DMM_03,Painkillers,27.4,53.65,0,None,120,96
2025-05-25,HOSP_DMM_03,Painkillers,28.8,48.44,0,None,108,85
2025-05-26,HOSP_DMM_03,Painkillers,22.0,59.53,0,None,124,97
2025-05-27,HOSP_DMM_03,Painkillers,21.6,71.49,0,None,126,100
2025-05-28,HOSP_DMM_03,Painkillers,26.3,61.1,0,None,109,84
2025-05-29,HOSP_DMM_03,Painkillers,21.1,38.99,0,None,119,95
2025-05-30,HOSP_DMM_03,Painkillers,26.6,32.91,0,None,138,113
2025-05-31,HOSP_DMM_03,Painkillers,27.4,36.52,0,None,142,114
2025-06-01,HOSP_DMM_03,Painkillers,29.7,42.98,0,None,116,92
2025-06-02,HOSP_DMM_03,Painkillers,35.3,50.26,0,None,117,93
2025-06-03,HOSP_DMM_03,Painkillers,44.2,50.66,0,None,135,107
2025-06-04,HOSP_DMM_03,Painkillers,38.3,41.34,0,None,145,117
2025-06-05,HOSP_DMM_03,Painkillers,40.4,64.32,0,None,102,81
2025-06-06,HOSP_DMM_03,Painkillers,36.6,47.57,0,None,104,83
2025-06-07,HOSP_DMM_03,Painkillers,46.4,43.96,0,None,112,88
2025-06-08,HOSP_DMM_03,Painkillers,35.7,58.07,0,None,123,100
2025-06-09,HOSP_DMM_03,Painkillers,38.4,65.09,0,None,114,90
2025-06-10,HOSP_DMM_03,Painkillers,38.6,61.94,0,None,120,95
2025-06-11,HOSP_DMM_03,Painkillers,37.5,49.88,0,None,132,107
2025-06-12,HOSP_DMM_03,Painkillers,43.4,52.76,0,None,120,96
2025-06-13,HOSP_DMM_03,Painkillers,36.7,35.31,0,None,114,90
2025-06-14,HOSP_DMM_03,Painkillers,43.0,55.17,0,None,146,119
2025-06-15,HOSP_DMM_03,Painkillers,32.9,53.6,0,None,106,84
2025-06-16,HOSP_DMM_03,Painkillers,39.7,84.07,0,None,139,112
2025-06-17,HOSP_DMM_03,Painkillers,34.4,57.62,0,None,143,113
2025-06-18,HOSP_DMM_03,Painkillers,38.7,84.42,1,Sandstorm/Dust_Storm,155,125
2025-06-19,HOSP_DMM_03,Painkillers,39.6,25.83,0,None,118,93
2025-06-20,HOSP_DMM_03,Painkillers,38.7,54.66,0,None,106,86
2025-06-21,HOSP_DMM_03,Painkillers,35.9,46.49,0,None,143,113
2025-06-22,HOSP_DMM_03,Painkillers,46.8,41.78,0,None,101,81
2025-06-23,HOSP_DMM_03,Painkillers,34.0,56.0,0,None,112,89
2025-06-24,HOSP_DMM_03,Painkillers,28.5,57.79,0,None,135,109
2025-06-25,HOSP_DMM_03,Painkillers,34.5,56.53,0,None,113,91
2025-06-26,HOSP_DMM_03,Painkillers,38.3,35.3,0,None,126,101
2025-06-27,HOSP_DMM_03,Painkillers,38.6,47.27,0,None,82,65
2025-06-28,HOSP_DMM_03,Painkillers,36.9,61.01,0,None,114,89
2025-06-29,HOSP_DMM_03,Painkillers,44.8,56.62,0,None,110,87
2025-06-30,HOSP_DMM_03,Painkillers,42.6,45.61,0,None,109,88
2025-07-01,HOSP_DMM_03,Painkillers,38.8,53.77,0,None,126,100
2025-07-02,HOSP_DMM_03,Painkillers,42.6,54.3,0,None,140,111
2025-07-03,HOSP_DMM_03,Painkillers,40.3,42.77,0,None,136,107
2025-07-04,HOSP_DMM_03,Painkillers,36.7,34.5,0,None,120,95
2025-07-05,HOSP_DMM_03,Painkillers,32.9,39.61,0,None,115,91
2025-07-06,HOSP_DMM_03,Painkillers,33.7,53.2,0,None,121,96
2025-07-07,HOSP_DMM_03,Painkillers,35.4,41.68,1,Sandstorm/Dust_Storm,162,128
2025-07-08,HOSP_DMM_03,Painkillers,40.1,23.24,0,None,141,111
2025-07-09,HOSP_DMM_03,Painkillers,46.4,62.65,0,None,82,66
2025-07-10,HOSP_DMM_03,Painkillers,35.8,40.79,1,Sandstorm/Dust_Storm,172,136
2025-07-11,HOSP_DMM_03,Painkillers,48.1,63.08,0,None,128,101
2025-07-12,HOSP_DMM_03,Painkillers,42.3,33.77,0,None,127,101
2025-07-13,HOSP_DMM_03,Painkillers,36.8,68.22,0,None,115,91
2025-07-14,HOSP_DMM_03,Painkillers,41.2,51.17,0,None,125,99
2025-07-15,HOSP_DMM_03,Painkillers,39.5,38.63,0,None,120,94
2025-07-16,HOSP_DMM_03,Painkillers,38.3,60.86,1,Sandstorm/Dust_Storm,157,125
2025-07-17,HOSP_DMM_03,Painkillers,35.7,51.74,0,None,136,109
2025-07-18,HOSP_DMM_03,Painkillers,36.1,64.24,0,None,133,106
2025-07-19,HOSP_DMM_03,Painkillers,38.9,36.17,0,None,96,77
2025-07-20,HOSP_DMM_03,Painkillers,33.9,55.65,0,None,102,82
2025-07-21,HOSP_DMM_03,Painkillers,36.0,67.54,0,None,111,89
2025-07-22,HOSP_DMM_03,Painkillers,37.6,53.32,0,None,125,101
2025-07-23,HOSP_DMM_03,Painkillers,33.3,46.62,0,None,105,83
2025-07-24,HOSP_DMM_03,Painkillers,31.9,55.25,0,None,128,102
2025-07-25,HOSP_DMM_03,Painkillers,39.3,55.39,0,None,120,95
2025-07-26,HOSP_DMM_03,Painkillers,43.3,51.52,0,None,119,95
2025-07-27,HOSP_DMM_03,Painkillers,43.7,50.24,0,None,125,99
2025-07-28,HOSP_DMM_03,Painkillers,43.0,47.31,0,None,101,81
2025-07-29,HOSP_DMM_03,Painkillers,39.9,52.2,0,None,125,99
2025-07-30,HOSP_DMM_03,Painkillers,35.9,44.28,0,None,118,96
2025-07-31,HOSP_DMM_03,Painkillers,30.9,32.4,0,None,112,89
2025-08-01,HOSP_DMM_03,Painkillers,46.5,51.86,0,None,113,92
2025-08-02,HOSP_DMM_03,Painkillers,33.5,56.46,0,None,120,95
2025-08-03,HOSP_DMM_03,Painkillers,36.9,59.56,0,None,134,107
2025-08-04,HOSP_DMM_03,Painkillers,37.6,53.08,0,None,121,96
2025-08-05,HOSP_DMM_03,Painkillers,31.7,53.95,0,None,121,96
2025-08-06,HOSP_DMM_03,Painkillers,33.3,67.11,1,Sandstorm/Dust_Storm,158,124
2025-08-07,HOSP_DMM_03,Painkillers,39.3,53.92,0,None,136,108
2025-08-08,HOSP_DMM_03,Painkillers,28.4,45.92,0,None,139,112
2025-08-09,HOSP_DMM_03,Painkillers,45.5,44.17,0,None,120,95
2025-08-10,HOSP_DMM_03,Painkillers,32.6,58.48,0,None,108,85
2025-08-11,HOSP_DMM_03,Painkillers,48.6,44.89,0,None,130,102
2025-08-12,HOSP_DMM_03,Painkillers,39.3,35.38,0,None,100,79
2025-08-13,HOSP_DMM_03,Painkillers,39.0,40.83,0,None,136,108
2025-08-14,HOSP_DMM_03,Painkillers,34.0,46.77,0,None,109,88
2025-08-15,HOSP_DMM_03,Painkillers,35.4,42.42,1,Sandstorm/Dust_Storm,171,138
2025-08-16,HOSP_DMM_03,Painkillers,39.9,66.26,0,None,109,86
2025-08-17,HOSP_DMM_03,Painkillers,38.6,56.9,0,None,144,116
2025-08-18,HOSP_DMM_03,Painkillers,39.0,50.09,0,None,112,89
2025-08-19,HOSP_DMM_03,Painkillers,41.1,39.91,0,None,115,91
2025-08-20,HOSP_DMM_03,Painkillers,26.4,48.43,0,None,111,90
2025-08-21,HOSP_DMM_03,Painkillers,30.5,62.57,0,None,118,95
2025-08-22,HOSP_DMM_03,Painkillers,38.8,48.45,0,None,131,104
2025-08-23,HOSP_DMM_03,Painkillers,38.7,60.26,0,None,129,103
2025-08-24,HOSP_DMM_03,Painkillers,43.8,53.49,0,None,112,89
2025-08-25,HOSP_DMM_03,Painkillers,35.8,57.61,0,None,125,99
2025-08-26,HOSP_DMM_03,Painkillers,41.6,58.19,0,None,126,102
2025-08-27,HOSP_DMM_03,Painkillers,35.1,51.31,0,None,116,92
2025-08-28,HOSP_DMM_03,Painkillers,38.4,50.75,0,None,130,105
2025-08-29,HOSP_DMM_03,Painkillers,33.6,41.93,0,None,128,104
2025-08-30,HOSP_DMM_03,Painkillers,46.1,53.94,0,None,114,92
2025-08-31,HOSP_DMM_03,Painkillers,35.6,49.13,0,None,121,96
2025-09-01,HOSP_DMM_03,Painkillers,17.7,57.57,0,None,116,91
2025-09-02,HOSP_DMM_03,Painkillers,20.2,48.74,0,None,116,92
2025-09-03,HOSP_DMM_03,Painkillers,18.8,53.89,0,None,121,97
2025-09-04,HOSP_DMM_03,Painkillers,28.8,47.73,0,None,143,115
2025-09-05,HOSP_DMM_03,Painkillers,25.6,60.99,0,None,124,99
2025-09-06,HOSP_DMM_03,Painkillers,23.6,50.82,0,None,124,100
2025-09-07,HOSP_DMM_03,Painkillers,20.7,59.71,1,Sandstorm/Dust_Storm,171,135
2025-09-08,HOSP_DMM_03,Painkillers,18.7,47.29,0,None,88,69
2025-09-09,HOSP_DMM_03,Painkillers,20.0,51.59,0,None,118,93
2025-09-10,HOSP_DMM_03,Painkillers,21.7,56.74,0,None,119,94
2025-09-11,HOSP_DMM_03,Painkillers,29.9,60.84,0,None,130,103
2025-09-12,HOSP_DMM_03,Painkillers,22.0,45.41,0,None,135,109
2025-09-13,HOSP_DMM_03,Painkillers,28.1,46.87,0,None,118,95
2025-09-14,HOSP_DMM_03,Painkillers,21.0,47.71,0,None,123,97
2025-09-15,HOSP_DMM_03,Painkillers,19.6,59.03,0,None,104,83
2025-09-16,HOSP_DMM_03,Painkillers,26.4,55.48,0,None,123,98
2025-09-17,HOSP_DMM_03,Painkillers,20.1,54.23,0,None,90,70
2025-09-18,HOSP_DMM_03,Painkillers,27.4,33.22,0,None,122,97
2025-09-19,HOSP_DMM_03,Painkillers,31.0,54.74,0,None,136,110
2025-09-20,HOSP_DMM_03,Painkillers,24.0,58.53,0,None,111,89
2025-09-21,HOSP_DMM_03,Painkillers,20.3,41.45,0,None,107,86
2025-09-22,HOSP_DMM_03,Painkillers,22.7,50.63,0,None,115,91
2025-09-23,HOSP_DMM_03,Painkillers,17.3,63.39,0,None,136,108
2025-09-24,HOSP_DMM_03,Painkillers,16.1,36.72,0,None,95,75
2025-09-25,HOSP_DMM_03,Painkillers,22.8,56.67,0,None,117,95
2025-09-26,HOSP_DMM_03,Painkillers,29.9,47.94,0,None,124,100
2025-09-27,HOSP_DMM_03,Painkillers,23.4,62.75,0,None,98,77
2025-09-28,HOSP_DMM_03,Painkillers,29.4,47.13,0,None,133,105
2025-09-29,HOSP_DMM_03,Painkillers,24.7,57.38,0,None,110,87
2025-09-30,HOSP_DMM_03,Painkillers,28.0,66.95,0,None,118,96
2025-10-01,HOSP_DMM_03,Painkillers,21.0,52.43,0,None,113,88
2025-10-02,HOSP_DMM_03,Painkillers,27.5,51.14,0,None,127,99
2025-10-03,HOSP_DMM_03,Painkillers,16.3,35.47,0,None,130,105
2025-10-04,HOSP_DMM_03,Painkillers,20.1,50.51,1,Sandstorm/Dust_Storm,169,134
2025-10-05,HOSP_DMM_03,Painkillers,17.6,63.79,0,None,120,96
2025-10-06,HOSP_DMM_03,Painkillers,21.3,50.34,0,None,125,98
2025-10-07,HOSP_DMM_03,Painkillers,20.3,43.01,0,None,115,91
2025-10-08,HOSP_DMM_03,Painkillers,22.5,44.15,0,None,116,92
2025-10-09,HOSP_DMM_03,Painkillers,22.8,27.52,0,None,103,82
2025-10-10,HOSP_DMM_03,Painkillers,29.7,50.56,0,None,120,96
2025-10-11,HOSP_DMM_03,Painkillers,20.6,67.87,0,None,113,91
2025-10-12,HOSP_DMM_03,Painkillers,20.6,56.79,0,None,102,81
2025-10-13,HOSP_DMM_03,Painkillers,27.3,46.71,0,None,133,106
2025-10-14,HOSP_DMM_03,Painkillers,17.1,45.79,0,None,125,101
2025-10-15,HOSP_DMM_03,Painkillers,27.1,57.03,0,None,121,96
2025-10-16,HOSP_DMM_03,Painkillers,26.3,65.64,0,None,112,87
2025-10-17,HOSP_DMM_03,Painkillers,25.2,29.49,0,None,128,103
2025-10-18,HOSP_DMM_03,Painkillers,26.5,55.2,0,None,123,96
2025-10-19,HOSP_DMM_03,Painkillers,27.0,45.41,0,None,107,84
2025-10-20,HOSP_DMM_03,Painkillers,27.5,58.01,0,None,125,100
2025-10-21,HOSP_DMM_03,Painkillers,28.7,48.58,0,None,123,99
2025-10-22,HOSP_DMM_03,Painkillers,23.6,49.15,0,None,102,80
2025-10-23,HOSP_DMM_03,Painkillers,20.7,49.67,0,None,125,99
2025-10-24,HOSP_DMM_03,Painkillers,24.6,47.48,0,None,97,79
2025-10-25,HOSP_DMM_03,Painkillers,26.3,49.26,0,None,114,91
2025-10-26,HOSP_DMM_03,Painkillers,24.2,62.47,0,None,127,100
2025-10-27,HOSP_DMM_03,Painkillers,20.0,58.96,0,None,131,105
2025-10-28,HOSP_DMM_03,Painkillers,21.0,55.44,0,None,105,84
2025-10-29,HOSP_DMM_03,Painkillers,19.9,53.3,0,None,114,91
2025-10-30,HOSP_DMM_03,Painkillers,22.7,38.19,0,None,127,101
2025-10-31,HOSP_DMM_03,Painkillers,23.2,35.97,0,None,120,95
2025-11-01,HOSP_DMM_03,Painkillers,19.8,83.76,0,None,162,144
2025-11-02,HOSP_DMM_03,Painkillers,17.1,67.25,0,None,124,112
2025-11-03,HOSP_DMM_03,Painkillers,22.7,62.94,0,None,153,137
2025-11-04,HOSP_DMM_03,Painkillers,27.7,79.78,0,None,132,119
2025-11-05,HOSP_DMM_03,Painkillers,27.5,69.38,0,None,157,141
2025-11-06,HOSP_DMM_03,Painkillers,28.9,59.97,0,None,179,159
2025-11-07,HOSP_DMM_03,Painkillers,19.0,61.34,0,None,146,130
2025-11-08,HOSP_DMM_03,Painkillers,29.9,96.08,1,Sandstorm/Dust_Storm,194,171
2025-11-09,HOSP_DMM_03,Painkillers,24.0,88.68,0,None,136,124
2025-11-10,HOSP_DMM_03,Painkillers,22.7,76.49,0,None,127,118
2025-11-11,HOSP_DMM_03,Painkillers,19.6,68.04,0,None,130,119
2025-11-12,HOSP_DMM_03,Painkillers,32.2,77.6,0,None,146,133
2025-11-13,HOSP_DMM_03,Painkillers,23.7,76.8,0,None,143,128
2025-11-14,HOSP_DMM_03,Painkillers,23.0,59.12,0,None,143,128
2025-11-15,HOSP_DMM_03,Painkillers,19.1,80.65,0,None,142,129
2025-11-16,HOSP_DMM_03,Painkillers,29.0,77.7,0,None,144,129
2025-11-17,HOSP_DMM_03,Painkillers,21.1,78.96,0,None,149,134
2025-11-18,HOSP_DMM_03,Painkillers,18.4,97.38,0,None,136,123
2025-11-19,HOSP_DMM_03,Painkillers,31.5,76.41,0,None,145,130
2025-11-20,HOSP_DMM_03,Painkillers,18.3,79.42,0,None,143,127
2025-11-21,HOSP_DMM_03,Painkillers,21.1,90.11,0,None,146,132
2025-11-22,HOSP_DMM_03,Painkillers,20.2,81.27,0,None,146,131
2025-11-23,HOSP_DMM_03,Painkillers,19.7,75.67,0,None,143,128
2025-11-24,HOSP_DMM_03,Painkillers,21.5,70.99,0,None,140,127
2025-11-25,HOSP_DMM_03,Painkillers,26.0,88.9,0,None,137,122
2025-11-26,HOSP_DMM_03,Painkillers,15.2,76.89,0,None,165,146
2025-11-27,HOSP_DMM_03,Painkillers,22.2,60.47,0,None,128,115
2025-11-28,HOSP_DMM_03,Painkillers,19.3,61.37,0,None,151,135
2025-11-29,HOSP_DMM_03,Painkillers,22.8,85.26,0,None,132,120
2025-11-30,HOSP_DMM_03,Painkillers,23.2,57.36,0,None,134,120
2025-12-01,HOSP_DMM_03,Painkillers,22.9,98.38,1,Sandstorm/Dust_Storm,176,155
2025-12-02,HOSP_DMM_03,Painkillers,25.1,83.28,0,None,156,139
2025-12-03,HOSP_DMM_03,Painkillers,20.6,85.15,0,None,144,130
2025-12-04,HOSP_DMM_03,Painkillers,21.8,63.23,0,None,141,128
2025-12-05,HOSP_DMM_03,Painkillers,25.6,88.76,0,None,153,137
2025-12-06,HOSP_DMM_03,Painkillers,23.7,62.11,0,None,162,144
2025-12-07,HOSP_DMM_03,Painkillers,29.6,103.6,0,None,149,134
2025-12-08,HOSP_DMM_03,Painkillers,16.7,58.97,0,None,139,127
2025-12-09,HOSP_DMM_03,Painkillers,14.1,71.33,0,None,158,139
2025-12-10,HOSP_DMM_03,Painkillers,31.3,87.13,0,None,159,143
2025-12-11,HOSP_DMM_03,Painkillers,21.0,59.98,0,None,153,136
2025-12-12,HOSP_DMM_03,Painkillers,14.8,63.88,0,None,129,117
2025-12-13,HOSP_DMM_03,Painkillers,26.4,79.51,0,None,118,109
2025-12-14,HOSP_DMM_03,Painkillers,23.6,63.89,0,None,119,111
2025-12-15,HOSP_DMM_03,Painkillers,24.0,63.14,0,None,135,123
2025-12-16,HOSP_DMM_03,Painkillers,25.3,85.92,0,None,145,130
2025-12-17,HOSP_DMM_03,Painkillers,20.4,69.99,0,None,136,123
2025-12-18,HOSP_DMM_03,Painkillers,22.1,67.93,0,None,140,126
2025-12-19,HOSP_DMM_03,Painkillers,25.9,71.06,0,None,151,135
2025-12-20,HOSP_DMM_03,Painkillers,24.9,78.87,0,None,155,139
2025-12-21,HOSP_DMM_03,Painkillers,22.3,78.03,0,None,122,113
2025-12-22,HOSP_DMM_03,Painkillers,15.7,85.57,1,Sandstorm/Dust_Storm,181,159
2025-12-23,HOSP_DMM_03,Painkillers,29.5,88.64,0,None,174,155
2025-12-24,HOSP_DMM_03,Painkillers,33.6,89.62,0,None,140,129
2025-12-25,HOSP_DMM_03,Painkillers,26.3,67.33,0,None,141,127
2025-12-26,HOSP_DMM_03,Painkillers,16.3,68.48,0,None,119,111
2025-12-27,HOSP_DMM_03,Painkillers,24.7,71.96,0,None,139,126
2025-12-28,HOSP_DMM_03,Painkillers,21.6,80.22,0,None,156,141
2025-12-29,HOSP_DMM_03,Painkillers,22.6,87.64,1,Sandstorm/Dust_Storm,187,165
2025-12-30,HOSP_DMM_03,Painkillers,23.8,66.76,0,None,154,138
2025-12-31,HOSP_DMM_03,Painkillers,27.7,93.2,0,None,148,134
2026-01-01,HOSP_DMM_03,Painkillers,22.2,84.72,0,None,132,118
